from_stop,to_stop,from_name,to_name,trip_frequency
23299,23298,ת. רכבת קרית אריה,ת. רכבת קרית אריה,1809
11448,48932,מסוף חומת שמואל/אליהו קורן,תחנה תפעולית/היציאה מחניון חומת שמואל,1672
10532,48933,רב החובל/אדם,תחנה תפעולית/חניון תלפיות מזרח,1575
49466,10576,מסוף הר נוף/כנפי נשרים,מסוף הר נוף/בית הדפוס,1306
25712,50730,שוק עירוני/בית אשל,ת.מרכזית/עירוניים לצפון,1210
47884,28884,בית העלמין החדש,מסוף חצרים,1154
25467,49279,כיכר הטפטפת/דרך ג'ו יוסף אלון,מסוף חצרים,1145
48462,48461,הרטום/גולדה מאיר,חניון הרטום,1057
37624,37623,הנפח/מעלה כמון,הנפח/היזם,1037
37608,37607,חניון אגד/הנפח,הנפח/מעלה כמון,1037
44669,51813,הטוחן/גרניט,מסוף רכבת קיסריה פרדס חנה/הורדה,997
18429,18521,מרכז מסחרי/שדרות מעלה יצחק,מרכז מסחרי/המעיין,984
44681,44695,חונים נוסעים ראשון לציון/דרך ההצלחה,יוסף טומי לפיד/דרך ההצלחה,945
21186,21192,מרכז מסחרי/שדרות מעלה יצחק,מרכז מסחרי/המעיין,941
50377,50376,חניון שפירים מערבי ב/הורדה,חניון שפירים מערבי ג/הורדה,936
50374,50377,חניון שפירים מערבי א/הורדה,חניון שפירים מערבי ב/הורדה,936
48024,3368,ת. מרכזית חוף הכרמל/רציפים עירוני,סחרוב,930
50631,51803,אזור תעשייה/לח''י,קופות חולים/איילת השחר,885
51803,51801,קופות חולים/איילת השחר,בתי כנסת/איילת השחר,885
51800,51802,בתי כנסת/איילת השחר,קופות חולים/איילת השחר,872
28840,28146,אחת עשרה הנקודות/שדרות וייצמן,שוק עירוני חדש,867
35837,50942,נווה גנים,מרכזית הקריות/הורדה מטרונית,830
28836,28837,בעלי המלאכה/הצורף,בעלי המלאכה/החרש,813
28835,28836,בעלי המלאכה/טראסק,בעלי המלאכה/הצורף,813
28153,28837,בי''ס משען/גיבורי תשכ''ז,בעלי המלאכה/החרש,813
42727,28835,שוק עירוני חדש,בעלי המלאכה/טראסק,813
3368,48040,סחרוב,ת. מרכזית חוף הכרמל/רציפים עירוני,763
3368,47959,סחרוב,ת. מרכזית חוף הכרמל/רציפים בינעירוני,763
12757,51375,מסוף אגד/קניון פרץ סנטר,חניון אגד,745
44260,51674,זכריה הנביא/אליהו הנביא,זכריה הנביא/מסוף,727
43317,43315,אמרי סופר/הרב אלישיב,הרב אלישיב/באר יעקב,699
43315,44537,הרב אלישיב/באר יעקב,יביע אומר/האדמו''ר מלעלוב,699
44536,44535,יביע אומר/שבט הלוי,יביע אומר/האדמו''ר מלעלוב,686
44535,43316,יביע אומר/האדמו''ר מלעלוב,הרב אלישיב/אמרי סופר,686
43316,44006,הרב אלישיב/אמרי סופר,אמרי סופר/שבט הלוי,686
23259,51000,בר כוכבא/ליברכט,ת. מרכזית פ''ת,683
3431,50973,נווה גנים,מרכזית הקריות/איסוף,667
26841,26844,מואב/לשם,מלון יפה נוף,658
3514,3515,שאגאל/רנואר,שאגאל/קדנדינסקי,640
3515,35657,שאגאל/קדנדינסקי,שאגאל/דה גויה,640
35657,3516,שאגאל/דה גויה,שאגאל/סזאן,640
3500,3514,שאגאל/הנרי מטיס,שאגאל/רנואר,640
188,190,החוף הירוק,חוף פולג/רמת פולג,628
49050,50824,הרבי מלובאוויטש/דניאל כהנמן,מסוף השחר/הרב עובדיה יוסף,621
42452,50821,הרבי מלובאוויטש/הרב עובדיה יוסף,מסוף השחר/הרב עובדיה יוסף,616
44063,44061,קידמה/התמדה,קידמה/החלומות,613
188,50382,החוף הירוק,תחנה תפעולית מסוף החוף הירוק,611
48898,47841,ביג שער העיר,ת. מרכזית המפרץ/רציפים עירוני,605
5266,48200,גן העיר/הגליל,ת. מרכזית טבריה/רציפים,604
24722,48270,אנה פרנק/הקוממיות,מסוף בית העלמין/איסוף,599
25398,23151,אזור/מר. שפינוזה,אזור מר. שפינוזה/פלמח,594
26842,26843,מואב/לשם,מלון יפה נוף,592
50971,3159,מרכזית הקריות/איסוף,מנחם בגין/שניאורסון,583
3709,35658,שאגאל/סרה,שאגאל/דגה,577
35658,3518,שאגאל/דגה,שאגאל/קנדינסקי,577
3518,3499,שאגאל/קנדינסקי,שאגאל/פיקסו,577
3499,3513,שאגאל/פיקסו,שאגאל/ואן גוך,577
3513,3302,שאגאל/ואן גוך,הרר/האורן,577
34238,10768,מוזיאון המדע/שד' המוזיאונים,קמפוס ספרא/מסוף הכניסה לאוניברסיטה,569
11227,9656,צומת אורה,תחנה תפעולית/צומת אורה,563
48267,12838,מסוף אלוף שדה,אלוף שדה/הירדן,561
43699,49672,אליהו הנביא/שדרות נהר הירקון,מסוף אליהו הנביא,551
49730,41321,חניון דרומי/איסוף,שדרות המלאכות/החרט,549
41321,41340,שדרות המלאכות/החרט,האופה/שדרות המלאכות,549
5048,47828,קהילת ציון/שפרינצק,ת.מרכזית עפולה/רציפים,535
3368,48051,סחרוב,ת. מרכזית חוף הכרמל/רציפים עירוני,526
41341,41769,האופה/שדרות המקצועות,שדרות המלאכות/האופה,513
41769,49713,שדרות המלאכות/האופה,חניון דרומי/הורדה,513
8862,49675,נהר הירקון/נהר הירדן,מסוף אליהו הנביא/איסוף,505
17505,48039,שדרות ההסתדרות/צומת הקריות,ת. מרכזית המפרץ/רציפים עירוני,502
50914,50902,הפארק האתגרי,שלום הגליל/טניס,489
50902,6080,שלום הגליל/טניס,שלום הגליל/קניון עכו,489
3368,48034,סחרוב,ת. מרכזית חוף הכרמל/רציפים עירוני,483
17505,48043,שדרות ההסתדרות/צומת הקריות,ת. מרכזית המפרץ/רציפים עירוני,473
3431,50968,נווה גנים,מרכזית הקריות/איסוף,472
38356,50901,שלום הגליל/טניס,הפארק האתגרי,468
15295,15294,ארבע עונות/נירים,נירים/צמרות,451
50065,41257,תרמ''ג/דרך יצחק רבין,פוואר סנטר,446
50974,35772,מרכזית הקריות/איסוף,רפא''ל,425
47762,21507,מסוף אבי האסירים,הרצל/סוקולוב,424
51766,13940,קאנטרי דקל,שטיינמן/הרב קוסובסקי,423
13940,13756,שטיינמן/הרב קוסובסקי,הכנסת הגדולה/תוספתא,423
13756,13755,הכנסת הגדולה/תוספתא,תוספתא/ירושלמי,423
13734,13735,יהודה המכבי/דרך נמיר,הרב הרצוג/הזוהר,423
13755,13735,תוספתא/ירושלמי,הרב הרצוג/הזוהר,423
41810,44080,חיים הרצוג/נתן אלתרמן,חבקוק/שדרות בן גוריון,422
3367,35827,סחרוב,ת. מרכזית חוף הכרמל/הורדה מטרונית,421
13737,13753,הרב הרצוג/בבלי,בבלי/הכנסת הגדולה,419
13754,13941,הרב קוסובסקי/בבלי,הרב קוסובסקי/שטיינמן,419
13733,13736,יהודה המכבי/דרך נמיר,הרב הרצוג/הזוהר,419
13941,13944,הרב קוסובסקי/שטיינמן,קאנטרי דקל,419
13736,13737,הרב הרצוג/הזוהר,הרב הרצוג/בבלי,419
13753,13754,בבלי/הכנסת הגדולה,הרב קוסובסקי/בבלי,419
3368,48220,סחרוב,ת. מרכזית חוף הכרמל/רציפים עירוני,417
5048,48242,קהילת ציון/שפרינצק,ת.מרכזית עפולה/רציפים,415
35771,50943,רפא''ל,מרכזית הקריות/הורדה מטרונית,415
24765,23881,הרצל/שדרות תש''ח,מסוף אבי האסירים,414
5266,47860,גן העיר/הגליל,ת. מרכזית טבריה/רציפים,414
38772,38768,דוכיפת,דוכיפת/שלדג,406
13321,36516,המסגר/לה גווארדייה,ת.מרכזית תל אביב קומה 7/רציפים,394
13752,49245,שד' רוקח/דרך נמיר,ת. רכבת אוניברסיטה/איסוף,391
26122,48113,בית רסקו/יצחק רגר,ת.מרכזית באר שבע/רציפים בינעירוני,390
38769,38771,דוכיפת/עגור,דוכיפת/סנונית,381
38771,38773,דוכיפת/סנונית,דוכיפת,381
38773,38774,דוכיפת,מחלף טל,381
38774,3709,מחלף טל,שאגאל/סרה,381
396,25438,הגפן/השקד,בית גיל הזהב/השקד,367
22261,51154,ת. רכבת רחובות,תחנת רכבת רחובות,367
37534,13321,ת.מרכזית תל אביב קומה 7/רציפים,המסגר/לה גווארדייה,363
23676,44586,אופנהיימר/ברגמן,תחנת רכבת רחובות,361
37804,23695,קניון אושילנד/עתיר ידע,אזור תעשיה סנטרל פארק 2000/עתיר ידע,360
20739,41934,מסוף בית שאן/שדרות מנחם בגין,מסוף בית שאן/איסוף,359
50250,42723,אברהם בר/דוד סחרוב,מסוף קניון הזהב,359
395,48443,הגפן/השקד,בית גיל הזהב,354
10591,11064,שד. לוי אשכול/שד. יהודה בן זאב,מסוף דרך חיים,353
2201,2675,בית אלפא/דגניה,דגניה/חוף קרית חיים,350
37803,23694,קניון אושילנד/עתיר ידע,אזור תעשיה סנטרל פארק 2000/עתיר ידע,348
4761,40871,צומת מחנה גדעון,ת. רכבת בית שאן/איסוף,343
25709,50732,שוק עירוני/בית אשל,ת.מרכזית/עירוניים לצפון,341
28638,48944,משה סנה,רכבת/מסוף ביג - רציפים,340
43422,48149,שדרות מנחם בגין/שדרות הרצל,ת. מרכזית אשדוד/רציפים,334
50250,975,אברהם בר/דוד סחרוב,מסוף קניון הזהב,332
28638,48951,משה סנה,רכבת/מסוף ביג - רציפים,332
50858,42618,הכינור,התן/השופר,329
43630,43628,התן/הלביא,התן/חי בר,329
42618,43630,התן/השופר,התן/הלביא,329
3368,48044,סחרוב,ת. מרכזית חוף הכרמל/רציפים עירוני,328
2614,3271,גיבורי התהילה/עבודת ישראל,גיבורי התהילה/בית קמה,323
2405,2614,הגפן/האלונים,גיבורי התהילה/עבודת ישראל,323
17046,2405,גן ציבורי/הגפן,הגפן/האלונים,323
359,48192,הרצל/בנימין מינץ,ת. מרכזית נתניה/רציפים,317
16205,44159,בי''ח בלינסון/גשר מבצע ארנון,מסוף יותם ויואב/רציפים,317
13321,37648,המסגר/לה גווארדייה,ת.מרכזית תל אביב קומה 7/רציפים,316
16205,44160,בי''ח בלינסון/גשר מבצע ארנון,מסוף יותם ויואב/רציפים,316
45003,49772,ת. רכבת אשקלון/רציפים,מנחם בגין/דרך ארץ,315
25709,50729,שוק עירוני/בית אשל,ת.מרכזית/עירוניים לדרום,312
9570,9571,רינגלבלום ב',בית ספר פולינסקי/ד''ר רינגלבלום,312
39290,9570,רינגלבלום א,רינגלבלום ב',312
9537,39290,קורצ'אק/רינגלבלום,רינגלבלום א,312
11720,9537,צ'ילה/קורצ'אק,קורצ'אק/רינגלבלום,312
9304,11720,צ'ילה/סירני,צ'ילה/קורצ'אק,312
10079,9304,המפלצת/טהון,צ'ילה/סירני,312
12975,50375,מחלף לה גווארדייה,חניון שפירים מערבי ג,312
50332,44664,ת.רק''ל אבא הלל/דרך ז'בוטינסקי,חניון שפירים מערבי ב,312
13206,44665,קריית הממשלה/דרך מנחם בגין,חניון שפירים מערבי א,312
9579,35957,אורוגואי/מרקו ברוך,ניסן/גרונולד,309
35847,35957,קורצ'אק/רינגלבלום,ניסן/גרונולד,309
39291,35847,רינגלבלום א,קורצ'אק/רינגלבלום,309
9569,40020,בית ספר פולינסקי/ד''ר רינגלבלום,רינגלבלום ב',309
40020,39291,רינגלבלום ב',רינגלבלום א,309
359,47830,הרצל/בנימין מינץ,ת. מרכזית נתניה/רציפים,306
48481,42299,שדרות שז''ר/בנייני האומה,היכל המשפט/שדרות הנשיא השישי,306
11623,11458,שער יפו/יפו,מסוף הנביאים/הורדה,299
42499,42498,שדרות אריק שרון,שדרות אריק שרון/שדרות קרן הידידות,297
42497,42496,שדרות אריק שרון/שדרות קרן הידידות,שדרות אריק שרון,294
17505,48045,שדרות ההסתדרות/צומת הקריות,ת. מרכזית המפרץ/רציפים בינעירוני,290
41133,36204,מחלף חמד,ת. מרכזית ירושלים קומה 3/רציפים,285
43629,50863,התן/הלביא,השופר/התן,284
50863,50866,השופר/התן,הכינור,284
11865,36335,ירמיהו/הצבי,ת. מרכזית ירושלים קומה 3/רציפים,284
25938,48118,בן גוריון/נאות אשקלון,ת. מרכזית אשקלון רציפים/בינעירוני,283
41133,36243,מחלף חמד,ת. מרכזית ירושלים קומה 3/רציפים,281
43374,48945,המשנה,רכבת/מסוף ביג - רציפים,280
41133,36484,מחלף חמד,ת. מרכזית ירושלים קומה 3/רציפים,273
13239,51814,ביה''ח איכילוב/ויצמן,חנה וסע שפיים/הורדה שאטלים,272
2356,47898,קניון לב המפרץ/ההסתדרות,ת. מרכזית המפרץ/רציפים בינעירוני,272
13219,51815,שד' רוקח/בכור שטרית,חנה וסע שפיים/הורדה שאטלים,272
29325,51917,זיסמן/דרך בגין,חנה וסע שפיים/הורדה שאטלים,272
49329,51816,הרכבת/ראש פינה,חנה וסע שפיים/הורדה שאטלים,272
13328,51964,לה גווארדייה/המעפילים,חנה וסע שפיים/הורדה שאטלים,272
49031,46320,שדרות ששת הימים/שדרות הבאבא סאלי,שדרות ששת הימים/חיים לבב,271
41133,36451,מחלף חמד,ת. מרכזית ירושלים קומה 3/רציפים,270
41133,36144,מחלף חמד,ת. מרכזית ירושלים קומה 3/רציפים,267
23491,40031,רבי יהודה הנשיא/רבי שמעון בן שטח,מסוף/רבי יהודה הנשיא,264
13321,41666,המסגר/לה גווארדייה,ת.מרכזית תל אביב קומה 7/רציפים,263
39642,48348,קיבוץ גלויות/הרצל,אפיקים בנגב/הכשרת היישוב,259
5754,6079,ראס אל חביה 2,שכונת ראס אלח'אביה/כביש 807,258
42785,47880,הרצל/משה הס,ת. מרכזית נתניה/רציפים,257
25059,51920,איקאה/היוזמה,תחנה תפעולית/חניון מעוין שורק,256
50768,25709,ת.מרכזית/עירוניים לדרום,שוק עירוני/בית אשל,254
19486,47877,תל חי/סיני,ת. מרכזית ק''ש/רציפים,254
10238,38838,שדרות משה דיין/שדרות נווה יעקב,שדרות נווה יעקב/משה סנה,251
51759,51760,צומת איילת השחר,קרית חינוך/איילת השחר,251
17225,51638,מרכז רפואי שהם/דרך הנדיב,מתחם ביג/תדהר,251
51758,51760,תחנת שיטור/איילת השחר,קרית חינוך/איילת השחר,251
11292,9052,שפע חיים/דורש טוב,מסוף הר חוצבים/המרפא,250
44001,50724,קניון הנגב/יצחק בן צבי,ת.מרכזית/עירוניים לדרום,248
52004,52010,הרב אברהם זקן/יצחק ארנסט נבנצל,פרופ' יעקב נאמן/הרב אברהם זקן,247
52005,52014,שמעון מישורי,שמעון מישורי/גרשון אבנר,247
52013,52005,שמעון מישורי/פרופ' יעקב נאמן,שמעון מישורי,247
52010,52013,פרופ' יעקב נאמן/הרב אברהם זקן,שמעון מישורי/פרופ' יעקב נאמן,247
11441,52006,אשר וינר/דרך חברון,יצחק ארנסט נבנצל/אשר וינר,247
52006,52004,יצחק ארנסט נבנצל/אשר וינר,הרב אברהם זקן/יצחק ארנסט נבנצל,247
34312,34314,חושן משפט/אזור תעשייה ערבה,הרב שלום שבזי/אזור תעשייה ערבה,244
7401,34314,חזון איש/ חתם סופר,הרב שלום שבזי/אזור תעשייה ערבה,244
34313,34311,הרב שלום שבזי/אזור תעשייה ערבה,חושן משפט/אזור תעשייה ערבה,244
7413,34313,חזו'א / חתם סופר,הרב שלום שבזי/אזור תעשייה ערבה,244
50631,51761,אזור תעשייה/לח''י,קריית חינוך/איילת השחר,243
27623,47899,מרכז רפואי סורוקה/אוניברסיטת בן גוריון,ת.מרכזית באר שבע/רציפים בינעירוני,242
52012,52009,פרופ' יעקב נאמן/הרב אברהם זקן,יצחק ארנסט נבנצל/הרב אברהם זקן,240
52009,47006,יצחק ארנסט נבנצל/הרב אברהם זקן,אשר וינר/לייב יפה,240
52011,52008,שמעון מישורי/גרשון אבנר,שמעון מישורי,240
52007,52012,פרופ' יעקב נאמן/שמעון מישורי,פרופ' יעקב נאמן/הרב אברהם זקן,240
52008,52007,שמעון מישורי,פרופ' יעקב נאמן/שמעון מישורי,240
15860,38288,רוז'נסקי/משה לוי,מסוף קניון הזהב,239
16205,44158,בי''ח בלינסון/גשר מבצע ארנון,מסוף יותם ויואב/רציפים,239
9553,36477,גשר המיתרים/שד' הרצל,ת. מרכזית ירושלים קומה 3/רציפים,238
3437,48038,גרנד קניון/שמחה גולן,ת. מרכזית המפרץ/רציפים עירוני,236
26659,47902,השוק העירוני/שדרות דוד חכם,ת.מרכזית באר שבע/רציפים בינעירוני,233
22804,48233,ישראל גלילי/הסחלב,ת. מרכזית ראשל''צ/רציפים,232
22182,41780,עירייה,ת. מרכזית מודיעין מכבים רעות,232
49757,49759,פרנק,קליין/אהרונסון,232
16237,43300,מד''א/המכבים,מסוף משה ארנס/רציפים,231
13268,37646,מחלף לה גווארדייה,ת.מרכזית תל אביב קומה 7/רציפים,228
25709,50728,שוק עירוני/בית אשל,ת.מרכזית/עירוניים לדרום,226
27623,48114,מרכז רפואי סורוקה/אוניברסיטת בן גוריון,ת.מרכזית באר שבע/רציפים בינעירוני,226
13246,37642,בית ספר הולץ/חיל השריון,ת.מרכזית תל אביב קומה 6/רציפים,225
20739,41936,מסוף בית שאן/שדרות מנחם בגין,מסוף בית שאן/איסוף,225
13214,42881,מתחם מידטאון/דרך מנחם בגין,ת. רכבת תל אביב- סבידור/רציפים A,224
11915,11555,עין כרם/דרך כרמית,עין כרם/המעיין,224
9340,9341,עין כרם/שד' הרצל,עין כרם/ברקלי,224
9578,11915,עין כרם/מדרגות הכפר,עין כרם/דרך כרמית,224
9341,9578,עין כרם/ברקלי,עין כרם/מדרגות הכפר,224
11555,10697,עין כרם/המעיין,עין כרם/ההדסים,224
19486,47988,תל חי/סיני,ת. מרכזית ק''ש/רציפים,220
49786,49781,אהרון שמי/אהרונסון,קליין/יאיר,219
12936,48424,קמפוס ברושים/שלום רוזנפלד,ת. רכבת אוניברסיטה/איסוף,219
10697,9870,עין כרם/ההדסים,צומת כרם,217
9870,9184,צומת כרם,בית ספר חקלאי עין כרם,217
4032,41537,האילן/ההדס,האילן/החרוב,215
41539,41537,האילן/התדהר,האילן/החרוב,215
41133,36316,מחלף חמד,ת. מרכזית ירושלים קומה 3/רציפים,213
39624,48014,שדרות מנחם בגין/הגדוד העיברי,ת. מרכזית אשדוד/רציפים,212
35018,34501,מגרש כדורגל,אוניברסיטת אריאל/רמת הגולן,208
34493,34499,רמת הגולן/אדום,מעונות סטודנטים/רמת הגולן,208
34501,34499,אוניברסיטת אריאל/רמת הגולן,מעונות סטודנטים/רמת הגולן,208
11556,9883,כביש 395/כביש 386,בית ספר חקלאי עין כרם,207
48974,43586,דרך ארץ/מנחם בגין,מנחם בגין/הרכבת,207
9056,48168,שדרות דוד טוביהו/סוקולוב,ת.מרכזית באר שבע/רציפים בינעירוני,207
41538,41991,האילן/החרוב,האילן/התדהר,206
4047,41538,האילן/ההדס,האילן/החרוב,206
48213,359,ת. מרכזית נתניה/רציפים,הרצל/בנימין מינץ,205
25938,48052,בן גוריון/נאות אשקלון,ת. מרכזית אשקלון רציפים/בינעירוני,198
359,48120,הרצל/בנימין מינץ,ת. מרכזית נתניה/רציפים,197
3709,3517,שאגאל/סרה,טולוז/מנחם בגין,196
39784,48059,גני טל/כיכר,ת.רכבת נתיבות/רציפים,195
4671,6043,אורט יגאל אלון/מעלה יצחק,חניון נוף הגליל,194
40476,40474,מתחם 4 מזרח,גן ציבורי,194
43422,48093,שדרות מנחם בגין/שדרות הרצל,ת. מרכזית אשדוד/רציפים,194
46704,49422,דרך מנחם בגין/דרך הרב שלום איפרגן,תחנה רכבת שדרות/רציפים,190
13356,36892,דרך קיבוץ גלויות/כביש 1,ת.מרכזית תל אביב קומה 7/רציפים,190
41133,36178,מחלף חמד,ת. מרכזית ירושלים קומה 3/רציפים,189
13246,37050,בית ספר הולץ/חיל השריון,ת.מרכזית תל אביב קומה 6/רציפים,188
28799,48066,משה סנה/מנחם בגין,ת. רכבת אשדוד עד הלום/איסוף,188
41675,49978,ת. רכבת כרמיאל/רציפים,חניון כפר הילדים,185
21321,15624,כביש 44/דרך חיים הרצוג,המרכז הרפואי יצחק שמיר,184
41133,36404,מחלף חמד,ת. מרכזית ירושלים קומה 3/רציפים,183
3228,47964,מת''מ/ההגנה,ת. מרכזית חוף הכרמל/רציפים בינעירוני,181
25938,48169,בן גוריון/נאות אשקלון,ת. מרכזית אשקלון רציפים/בינעירוני,181
9048,36784,בן גוריון/שערי ירושלים,ת. מרכזית ירושלים קומה 3/רציפים,180
50069,50286,חנה וסע מבואות אילת,חניון אגד,179
25353,22431,תחנת רכבת קוממיות,חניון אגד/דן שומרון,178
4530,40866,קאנטרי קלאב/שדרות יצחק רבין,ת. רכבת עפולה/איסוף,177
24787,24673,צומת צריפין לצפון,המרכז רפואי יצחק שמיר,176
25938,48231,בן גוריון/נאות אשקלון,ת. מרכזית אשקלון רציפים/בינעירוני,176
5017,48184,קניון/שאול עמור,מסוף מגדל העמק/רציפים,175
36044,40551,ביר באקה/אלתקווא,ביר באקה/אלמליאת,174
29310,37687,המסגר/יד חרוצים,ת.מרכזית תל אביב קומה 6/רציפים,174
28638,48948,משה סנה,רכבת/מסוף ביג - רציפים,174
48122,21512,ת. מרכזית ראשל''צ/רציפים,בן גוריון/כצנלסון,169
7561,49797,צומת חשמונאים דרום,מסוף מודיעין עילית,168
13268,38380,מחלף לה גווארדייה,ת.מרכזית תל אביב קומה 6/רציפים,168
41045,40820,קאנטרי קלאב/שדרות יואש דובנוב,ת. רכבת עפולה/הורדה,166
17095,6968,שכונת זוחלוק,מכון המים,164
6968,7187,מכון המים,אלמקאזח,164
17097,17185,כיכר מזרחית,אלרוגמה,164
17185,17095,אלרוגמה,שכונת זוחלוק,164
28638,48943,משה סנה,רכבת/מסוף ביג - רציפים,163
17184,44641,אלרוגמה,א-סהיל,162
6967,17184,מכון המים,אלרוגמה,162
6966,6967,אלמקאזח,מכון המים,162
17097,44640,כיכר מזרחית,א-סהיל/עולש,162
44641,44640,א-סהיל,א-סהיל/עולש,162
15255,51805,תחנת רכבת לוד/יוספטל,מסוף הרכבת הישן/הורדה,160
29310,37685,המסגר/יד חרוצים,ת.מרכזית תל אביב קומה 6/רציפים,160
8439,50774,צומת חטיבה שבע/לטרון,חניון חנה וסע חטיבה שבע/איסוף,159
7604,50773,צומת חטיבה שבע,חניון חנה וסע חטיבה שבע/הורדה,159
8302,42155,שדרות אדם/437,מסוף שער בנימין/הורדה,157
48426,48427,עין אבראהים ב,עין אבראהים ג,157
35917,48425,עין איברהים/כניסה,עין אבראהים א,157
48425,48426,עין אבראהים א,עין אבראהים ב,157
26122,47943,בית רסקו/יצחק רגר,ת.מרכזית באר שבע/רציפים בינעירוני,157
22804,48173,ישראל גלילי/הסחלב,ת. מרכזית ראשל''צ/רציפים,156
8881,44578,בי''ס ראשידה/סולטאן סולימאן,מסוף סולטאן סולימאן,152
22252,41679,קניון עזריאלי,ת. מרכזית מודיעין מכבים רעות,151
13246,37662,בית ספר הולץ/חיל השריון,ת.מרכזית תל אביב קומה 6/רציפים,150
13246,37661,בית ספר הולץ/חיל השריון,ת.מרכזית תל אביב קומה 6/רציפים,149
24763,36168,צומת חולון,ת.מרכזית תל אביב קומה 6/רציפים,148
34659,34503,אוניברסיטת אריאל/רמת הגולן,אוניברסיטת אריאל/כביש 31,144
34498,34500,רמת הגולן/הגלבוע,מעונות סטודנטים/רמת הגולן,144
34500,34659,מעונות סטודנטים/רמת הגולן,אוניברסיטת אריאל/רמת הגולן,144
34492,34498,רמת הגולן/אדום,רמת הגולן/הגלבוע,144
15604,52030,החרושת/מעלה המגדל,מסוף אור יהודה,144
41937,50037,מסוף בית שאן/איסוף,בית עלמין בית שאן/כביש 90,142
13356,36292,דרך קיבוץ גלויות/כביש 1,ת.מרכזית תל אביב קומה 6/רציפים,141
51113,51112,משה לוי/יעקב דורי,משה לוי/חיים לסקוב,140
21354,51113,הזית/קרן היסוד,משה לוי/יעקב דורי,140
750,50690,צומת רכבת ראש העין צפון,תחנת רכבת ראש העין צפון/רציפים,140
750,50694,צומת רכבת ראש העין צפון,תחנת רכבת ראש העין צפון/רציפים,140
42908,50542,דרך ארץ/אשל,מסוף חריש/איסוף,139
3149,17465,השיטה/מגרשי טניס,השיטה/בית ספר רמות יצחק,138
22804,48138,ישראל גלילי/הסחלב,ת. מרכזית ראשל''צ/רציפים,138
50692,750,תחנת רכבת ראש העין צפון/רציפים,צומת רכבת ראש העין צפון,138
48988,48975,א-שאע'ור/עין ח'אלד,א-שאע'ור,137
48994,48954,עין ח'אלד ,עין ח'אלד מערב,137
43962,48994,עין ח'אלד/עין אל מג'ארה,עין ח'אלד ,137
35879,48975,מרפאה/מחג'נה,א-שאע'ור,137
28638,48949,משה סנה,רכבת/מסוף ביג - רציפים,136
16061,48134,השוק העירוני/לבקוביץ',ת. מרכזית רחובות/רציפים,134
28638,48065,משה סנה,ת. רכבת אשדוד עד הלום/איסוף,132
27493,27496,שד. ישראל פולק/כסלו,פולק/טבת,132
20963,41683,כיכר אל-משארף/ספוריה,שכונת בלאל,132
6554,6555,מועצה מקומית,נחף דואר,131
6556,6557,קופת חולים כללית,בית ספר א,131
6555,6556,נחף דואר,קופת חולים כללית,131
41123,48984,עלי בן אבי טאלב/כניסה מערבית,אל מועלקה,131
6557,44443,בית ספר א,המחצבה,131
44443,39705,המחצבה,מסגד אלרחמן 2,131
41122,48986,עלי בן אבי טאלב,אל מועלקה,131
39705,39709,מסגד אלרחמן 2,פארק 2,131
6518,6517,נחף מסגד,נחף מרכז,130
18177,18864,מסעף נחף,מועצה מקומית,130
39704,39703,מסגד אלרחמן 1,המחצבה/תחילת המגרשים,130
39703,6513,המחצבה/תחילת המגרשים,בית ספר א,130
13339,48995,עזרא/דמשק אליעזר,מסוף אלוף שדה,130
6513,6514,בית ספר א,רחוב 6/רחוב 1,130
6514,6518,רחוב 6/רחוב 1,נחף מסגד,130
6517,18864,נחף מרכז,מועצה מקומית,130
39706,39704,גנים מזרח 1,מסגד אלרחמן 1,130
39708,39706,פארק 1,גנים מזרח 1,130
27928,29308,מחנה צאלים,בא''פ/מל''י,128
750,50693,צומת רכבת ראש העין צפון,תחנת רכבת ראש העין צפון/רציפים,128
19645,41139,מרפאת שיניים,עוזייר שכונה צפונית,128
41141,40319,עוזייר שכונה דרומית 3,מועצה אזורית,128
40319,19645,מועצה אזורית,מרפאת שיניים,128
41682,41681,בי''ס אל-קסטל,בלאל/כאוכב א-שמאלי,126
41683,41682,שכונת בלאל,בי''ס אל-קסטל,126
41133,36360,מחלף חמד,ת. מרכזית ירושלים קומה 3/רציפים,124
23259,43301,בר כוכבא/ליברכט,מסוף משה ארנס/רציפים,124
24237,42509,מרכז מסחרי מול הפארק/דרך ירושלים,ת. רכבת רעננה מערב/איסוף,123
20437,46932,מרכז מסחרי/שפירא,דוכיפת/מעלה הכרמים,123
19697,6943,כיכר מרכז האזרחי,גני ילדים מרכז,123
19727,6988,תיכון,דרך יצחק רבין / אל ג'בל,123
6943,19727,גני ילדים מרכז,תיכון,123
46932,50910,דוכיפת/מעלה הכרמים,חוף הלגונה/כנרית,123
20848,46701,חיים משה שפירא/דוכיפת,דוכיפת/מעלה הכרמים,122
50912,46701,חוף הלגונה/כנרית,דוכיפת/מעלה הכרמים,122
44055,44057,שדרות דרך ארץ/שדרות ההגשמה,שדרות דרך ארץ/התחדשות,121
39829,50544,גפן/אשל,מסוף חריש/איסוף,121
28638,48273,משה סנה,ת. רכבת אשדוד עד הלום/איסוף,120
8881,44581,בי''ס ראשידה/סולטאן סולימאן,מסוף סולטאן סולימאן,120
28706,28722,מועצה מקומית,תיכון מקיף עמל,119
28723,28706,בית ספר אבו באכר,מועצה מקומית,119
28722,28719,תיכון מקיף עמל,בית הספר אנדלוס,119
28719,28718,בית הספר אנדלוס,אזור תעשיה תל שבע,119
25826,47864,שוק עירוני/דרך חברון,שדרות נפתלי אימבר/קק''ל,118
9056,48208,שדרות דוד טוביהו/סוקולוב,ת.מרכזית באר שבע/רציפים בינעירוני,117
28638,43608,משה סנה,ת. רכבת אשדוד עד הלום/איסוף,116
41140,19646,עוזייר שכונה צפונית,מרפאת שיניים,116
19646,19647,מרפאת שיניים,מפעל חומרי בנין,116
19647,41142,מפעל חומרי בנין,עוזייר שכונה דרומית 1,116
40875,41222,ת. רכבת כפר ברוך,שגיא 2000/כביש 7255,116
18409,7152,אצ''ל/דרך הרב חיים חורי,קרן היסוד/אצ''ל,115
7152,50685,קרן היסוד/אצ''ל,קרן היסוד,115
42901,44388,נמל תעופה רמון/צומת באר אורה,נמל תעופה רמון/כניסה,111
40345,42901,אזור תעשייה שחורת/כביש 90,נמל תעופה רמון/צומת באר אורה,111
44388,43636,נמל תעופה רמון/כניסה,נמל תעופה רמון/הורדה,111
22804,48139,ישראל גלילי/הסחלב,ת. מרכזית ראשל''צ/רציפים,110
19730,19573,בי''ס מקיף סעדיה,גני ילדים מרכז,109
29310,37525,המסגר/יד חרוצים,ת.מרכזית תל אביב קומה 6/רציפים,109
25975,48357,שדרות הפלמח/חטיבת כרמלי,מסוף בני ברית,109
19729,19730,אל ג'בל / דרך יצחק רבין,בי''ס מקיף סעדיה,109
47432,37694,הרכבת/המסגר,ת.מרכזית תל אביב קומה 6/רציפים,108
13246,38994,בית ספר הולץ/חיל השריון,ת.מרכזית תל אביב קומה 6/רציפים,107
153,51114,יהודה שטיין/קרן היסוד,משה לוי/רפאל איתן,106
24404,48099,וייצמן/רוטשילד,תחנה מרכזית כפ''ס/רציפים,106
50742,21710,אליהו/הזית,אליהו/הדר,104
51868,21706,הרב ניסים טולדנו/דגן,סביון/שדרות נעמי שמר,104
21706,50742,סביון/שדרות נעמי שמר,אליהו/הזית,104
750,50691,צומת רכבת ראש העין צפון,תחנת רכבת ראש העין צפון/רציפים,104
6965,6175,גנים ציבוריים,דליה צעירה מרכז,102
38554,6984,אל-סנדיאן,דליה הצעירה/כניסה,102
38557,38555,צומת דאליה הצעירה,בי''ס טכנולוגי,102
38555,38554,בי''ס טכנולוגי,אל-סנדיאן,102
17054,38566,מסעף עוקף דליה,מוחרקה 1,102
6984,6965,דליה הצעירה/כניסה,גנים ציבוריים,102
38559,38557,מצפה כרמל,צומת דאליה הצעירה,102
4339,47974,תל חי/הירדן,ת. מרכזית ק''ש/רציפים,102
38566,38559,מוחרקה 1,מצפה כרמל,102
50874,50881,נחל הבניאס/נחל דישון,נחל דישון,100
18578,50877,הנחלים/הר וגיא,נחל מירון/נחל השופט,100
50881,50882,נחל דישון,נחל מירון/נחל משושים,100
18580,50884,המעוף/הר וגיא,נחל מירון/נחל השופט,100
50880,50883,נחל מירון/נחל משושים,נחל הבניאס/נחל דישון,100
50882,50877,נחל מירון/נחל משושים,נחל מירון/נחל השופט,100
50884,50880,נחל מירון/נחל השופט,נחל מירון/נחל משושים,100
6963,6964,דליה צעירה מרכז,גנים ציבוריים,98
6964,38565,גנים ציבוריים,אל-סנדיאן,98
38565,38556,אל-סנדיאן,בי''ס טכנולוגי,98
27485,27495,שדרות ישראל פולק/שבט,שד. ישראל פולק/כסלו,98
27495,27492,שד. ישראל פולק/כסלו,אזור תעשיה/שדרות ישראל פולק,98
38556,38558,בי''ס טכנולוגי,מצפה כרמל,98
27492,27489,אזור תעשיה/שדרות ישראל פולק,שד. אבץ/שד. ישראל פולק,98
27489,43038,שד. אבץ/שד. ישראל פולק,שדרות אבץ,98
43038,27487,שדרות אבץ,שד. אבץ/שד. הפלטינה,98
27487,27486,שד. אבץ/שד. הפלטינה,צבר/שדרות אבץ,98
3703,38558,צומת אלמחרקה,מצפה כרמל,98
28713,28712,תיכון מקיף עמל,בית ספר קהילתי חטיבת ביניים,97
44501,21707,שדרות נעמי שמר/אליהו,אליהו/סביון,97
28717,28716,מגדל מים,שכונה 7,97
28716,28715,שכונה 7,בית ספר אלאנדלוס,97
21708,21707,אליהו/הזית,אליהו/סביון,97
21711,21708,אליהו/הדר,אליהו/הזית,97
28712,28711,בית ספר קהילתי חטיבת ביניים,מרכז פיס קהילתי,97
28711,28710,מרכז פיס קהילתי,בית ספר אבו באכר,97
28715,28713,בית ספר אלאנדלוס,תיכון מקיף עמל,97
2753,17124,מרכז דאליית אל כרמל,קופת חולים מכבי,96
37522,28734,שגב שלום/מרכז מסחרי,מועצה מקומית,96
28735,37522,תיכון מקיף,שגב שלום/מרכז מסחרי,96
17124,17127,קופת חולים מכבי,שכונת ח'אלת עלי 2,96
2968,17125,מרכז העיר 1,קופת חולים מכבי,96
17127,17293,שכונת ח'אלת עלי 2,ח'לת עלי,96
44857,44854,א סאפא/אבו ח'שבה,א סאפא/אל ג'מעיה אל תחתא,96
44854,44853,א סאפא/אל ג'מעיה אל תחתא,א סאפה/אל בוטמה,96
44853,8956,א סאפה/אל בוטמה,אל בוטמה,96
17064,17128,שכונת ח'אלת עלי 1,שכונת ח'אלת עלי 2,96
17128,17065,שכונת ח'אלת עלי 2,שכונת ח'אלת עלי 3,96
17067,17125,שכונת ח'אלת עלי 4,קופת חולים מכבי,96
17065,17067,שכונת ח'אלת עלי 3,שכונת ח'אלת עלי 4,96
8399,42150,תחנת דלק/כוכב יעקב,מסוף שער בנימין/הורדה,94
25938,48170,בן גוריון/נאות אשקלון,ת. מרכזית אשקלון רציפים/בינעירוני,94
35918,48430,עין איברהים/יציאה,עין אבראהים ו,93
48429,48430,עין אבראהים ה,עין אבראהים ו,93
26432,26431,הקוצר/הכשרת היישוב,הכשרת היישוב/הזורע,93
25791,26432,הברזל/הקוצר,הקוצר/הכשרת היישוב,93
25788,25791,הברזל/החורש,הברזל/הקוצר,93
48428,48429,עין אבראהים ד,עין אבראהים ה,93
42068,42067,טיפת חלב כסיפה 2,בית ספר אלירמוק,92
42069,42065,בית ספר תיכון חמאד,טיפת חלב כסיפה,92
28215,42069,בית ספר חאמד,בית ספר תיכון חמאד,92
42244,40074,הקוצר/הכשרת היישוב,הקוצר/הברזל,92
42065,42068,טיפת חלב כסיפה,טיפת חלב כסיפה 2,92
40075,42244,הכשרת הישוב/החורש,הקוצר/הכשרת היישוב,92
40074,40073,הקוצר/הברזל,הברזל/הזורע,92
42067,42072,בית ספר אלירמוק,אמטיראת,92
41540,40075,הכשרת הישוב/הבונים,הכשרת הישוב/החורש,92
37061,28265,צים סנטר/התעשייה,התעשייה/סדן,92
42077,42066,מסגד אבו בכר,מסגד אבו בכר 2,91
35514,42071,כסייפה/שכונה 13,אמטיראת,91
42071,42074,אמטיראת,בית ספר אלירמוק,91
28237,42076,בית ספר חאמד,בית ספר תיכון חמאד,91
42074,42077,בית ספר אלירמוק,מסגד אבו בכר,91
42066,42076,מסגד אבו בכר 2,בית ספר תיכון חמאד,91
3549,47969,מחלף עתלית,ת. מרכזית חוף הכרמל/רציפים בינעירוני,90
8884,8886,חטיבת ביניים/טריק אלמדארס,בית ספר יסודי/סיירת אלח'גה,90
8898,37733,עיסוויה כניסה מערבית,לוחמי הגטאות/בר כוכבא,90
44958,8889,בי''ס עיסאוויה/סירת אל חג'ה,קסילה/מחגרת עתמה,90
8896,8898,צומת זהרה א,עיסוויה כניסה מערבית,90
10744,8884,עיסאוויה כניסה מזרחית,חטיבת ביניים/טריק אלמדארס,90
8886,44958,בית ספר יסודי/סיירת אלח'גה,בי''ס עיסאוויה/סירת אל חג'ה,90
8882,10744,מגרש כדורגל/אלבסאטין,עיסאוויה כניסה מזרחית,90
8889,8891,קסילה/מחגרת עתמה,קסילה/אום אלעסאפיר,90
8891,8893,קסילה/אום אלעסאפיר,מסגד ארבעין/קסילה,90
8893,8895,מסגד ארבעין/קסילה,קופת חולים/ראס אל ג'אמע,90
8895,8896,קופת חולים/ראס אל ג'אמע,צומת זהרה א,90
8885,10782,חטיבת ביניים/טריק אלמדארס,עיסאוויה כניסה מזרחית,89
8887,8885,בית ספר יסודי/סיירת אלח'גה,חטיבת ביניים/טריק אלמדארס,89
8833,8906,תחנת דלק/לוחמי הגטאות,עיסוויה כניסה מערבית,89
8906,8897,עיסוויה כניסה מערבית,צומת זהרה ב,89
8888,8887,קסילה/מחגרת עתמה,בית ספר יסודי/סיירת אלח'גה,89
8890,8888,קסילה/אום אלעסאפיר,קסילה/מחגרת עתמה,89
8897,8894,צומת זהרה ב,בית ספר אלאמל לחינוך מיוחד/ראס אל ג'אמע,89
8894,8892,בית ספר אלאמל לחינוך מיוחד/ראס אל ג'אמע,מסגד ארבעין/קסילה,89
8892,8890,מסגד ארבעין/קסילה,קסילה/אום אלעסאפיר,89
37734,8833,לוחמי הגטאות/בר כוכבא,תחנת דלק/לוחמי הגטאות,89
47905,324,ת. מרכזית נתניה/רציפים,שד. בנימין/שד. ירושלים,89
26792,28266,התעשייה/פלדה,התעשייה/סדן,89
22099,44162,ת. רק''ל בלינסון/קניון אבנת,מסוף יותם ויואב/רציפים,86
26757,49373,שד. חברון/פרג,תיכון מיתרים,84
5373,51576,יהודה הלוי/דנילוף סנטר,ת. מרכזית טבריה/השילוח,84
39784,48050,גני טל/כיכר,ת.רכבת נתיבות/רציפים,84
8881,44575,בי''ס ראשידה/סולטאן סולימאן,מסוף סולטאן סולימאן,82
17623,48106,צומת נהריה,ת. מרכזית נהריה/רציפים,81
26875,49365,דרך הראל/בארי,תיכון מיתרים,81
39888,39886,חיילים משוחררים יז,חיילים משוחררים טו,80
39886,39884,חיילים משוחררים טו,חיילים משוחררים יב,80
39884,39882,חיילים משוחררים יב,חיילים משוחררים י,80
6667,39883,פקיעין חיילים משוחררים מגרש כדורגל,חיילים משוחררים יא,80
28739,28738,מועצה מקומית,מרכז מסחרי,80
39883,39889,חיילים משוחררים יא,חיילים משוחררים טז,80
6648,39882,מגרש כדורגל,חיילים משוחררים י,80
28740,28739,מרכז מסחרי,מועצה מקומית,80
23193,34080,הפקולטה לחקלאות,ת. רכבת רחובות/רציפים בין עירוני,78
26985,41181,אוהד מרכז,אוהד,77
8947,47736,חטיבת ירושלים/ יצחק קריב,מסוף הנביאים,76
49772,45000,מנחם בגין/דרך ארץ,ת. רכבת אשקלון/רציפים,76
34796,34834,חרמש/מרכז,מבוא דותן/מרכז,76
28738,28736,מרכז מסחרי,תיכון מקיף אלמג'ד,75
28985,28982,אלבואי/רפח,רפח/אלרמלה,75
28982,28980,רפח/אלרמלה,שכונה 38,75
41108,27926,נירים,עין השלושה מרכז,75
28450,28980,אזור תעשיה רהט,שכונה 38,75
41107,41108,ניר עוז מרכז,נירים,75
28981,28983,שכונה 38,רפח/אלרמלה,74
16205,44161,בי''ח בלינסון/גשר מבצע ארנון,מסוף יותם ויואב/רציפים,74
28983,28984,רפח/אלרמלה,רפח/אלבואי,74
28451,28981,אזור תעשיה רהט,שכונה 38,74
40959,40936,בי''ס חדשני ג',מרכז פיס,73
40957,40959,צפון/מזרח,בי''ס חדשני ג',73
8881,44580,בי''ס ראשידה/סולטאן סולימאן,מסוף סולטאן סולימאן,73
20556,40936,מועצה מקומית,מרכז פיס,73
40956,40957,שכונה עליונה,צפון/מזרח,73
23671,49180,פקריס/פלאוט,ת. רכבת רחובות/רציפים עירוני,72
28442,40481,התחנה לבריאות המשפחה,שכ' 5 מערב,72
40976,40963,ב''ס אל אמל,סנובר אלג'או/דרב סאפר,72
40481,40482,שכ' 5 מערב,מחסן עירייה,72
40963,42563,סנובר אלג'או/דרב סאפר,בי''ס חדשני ג',72
42563,40958,בי''ס חדשני ג',צפון   מזרח ירכא,72
13322,37677,המסגר/הרכב,ת.מרכזית תל אביב קומה 6/רציפים,71
27927,27064,מחנה אמיתי,כרם שלום מרכז,69
3549,48196,מחלף עתלית,ת. מרכזית חוף הכרמל/רציפים בינעירוני,69
43337,10169,אקווריום ישראל,גן החיות התנ''כי,68
37834,43338,גן החיות התנ''כי,אקווריום ישראל,68
38174,38183,מקאם נבי סבלאן,שכונת חיילים משוחררים א,66
28443,28441,מחסן עירייה,התחנה לבריאות המשפחה,66
38183,38173,שכונת חיילים משוחררים א,כפר ילדים דרוזי,66
38182,38171,חיילים משוחררים ב,חיילים משוחררים ג,66
38171,38170,חיילים משוחררים ג,חיילים משוחררים ד,66
38170,38168,חיילים משוחררים ד,מקלט ציבורי אלעריד,66
15782,39161,בית עלמין,הרימון/הברוש,66
38173,38182,כפר ילדים דרוזי,חיילים משוחררים ב,66
8881,44579,בי''ס ראשידה/סולטאן סולימאן,מסוף סולטאן סולימאן,66
4634,42541,שדרות הבנים/שד' שאול עמור,מסוף מגדל העמק,64
13946,49172,ת. רכבת האוניברסיטה/שד' רוקח,ת. רכבת אוניברסיטה/איסוף,63
43374,48947,המשנה,רכבת/מסוף ביג - רציפים,62
48914,48067,רכבת/מסוף ביג,ת. רכבת אשדוד עד הלום/איסוף,62
8871,40685,יצחק הנדיב/ואדי ג'וז,דרך יריחו/אל עזרייה,62
12990,49975,בית הדר דפנה/שד' שאול המלך,מסוף גולדה/רציפים,62
40685,38738,דרך יריחו/אל עזרייה,אוניברסיטת אבו דיס,62
41133,36588,מחלף חמד,ת. מרכזית ירושלים קומה 3/רציפים,62
8611,8978,בריכת שחיה,קיבוץ נחשון,62
25466,28597,שכונה 31,מרכז פיס,61
28334,25468,בית ספר אל רחמה,מרכז פיס,61
35194,25463,בית ספר א זהרא,שכונה 27,61
28597,35195,מרכז פיס,מסגד אל רחמה,61
25461,25466,שכונה 31,שכונה 31,61
28331,25462,שכונה 31,שכונה 31,61
25468,28331,מרכז פיס,שכונה 31,61
25463,28334,שכונה 27,בית ספר אל רחמה,61
5107,5106,קיבוץ רשפים,קיבוץ שלוחות,61
13632,36198,המסגר/ריב''ל,ת.מרכזית תל אביב קומה 7/רציפים,60
36119,36078,דרך ניל''י/ההגנה,חרצית/האשל,60
36073,36074,דרך העצמאות/נורית,דרך העצמאות/הנדיב,60
36072,36073,חבצלת/הארז,דרך העצמאות/נורית,60
36078,36072,חרצית/האשל,חבצלת/הארז,60
9056,48207,שדרות דוד טוביהו/סוקולוב,ת.מרכזית באר שבע/רציפים בינעירוני,60
1248,36119,דרך העצמאות/הנביאים,דרך ניל''י/ההגנה,60
17623,48240,צומת נהריה,ת. מרכזית נהריה/רציפים,59
13322,37675,המסגר/הרכב,ת.מרכזית תל אביב קומה 6/רציפים,59
13322,36296,המסגר/הרכב,ת.מרכזית תל אביב קומה 6/רציפים,59
28638,48950,משה סנה,רכבת/מסוף ביג - רציפים,58
10775,50603,גשר המיתרים/שד' הרצל,מרכז תחבורתי הארזים/בינעירוני,58
20680,40877,צומת כפר יהושע,ת. רכבת כפר יהושע/איסוף,57
26122,47852,בית רסקו/יצחק רגר,ת.מרכזית באר שבע/רציפים בינעירוני,56
39830,50546,דרך ארץ/אשל,מסוף חריש/איסוף,56
11204,11199,הדקלים/הרימון,נבעה,56
35353,35385,שדה אליהו,טירת צבי,56
11245,11199,נבעה/אלוואד,נבעה,56
12495,52017,בית חולים יוספטל/יותם,ת. מרכזית אילת/רציפים,56
10775,50604,גשר המיתרים/שד' הרצל,מרכז תחבורתי הארזים/בינעירוני,55
49228,42173,ת.רכבת מלאכי-יואב/כביש 3836,ת. רכבת מלאכי יואב/הורדה,54
48439,49228,צומת כפר הרי''ף,ת.רכבת מלאכי-יואב/כביש 3836,54
12226,52019,צומת אילות,ת. מרכזית אילת/רציפים,54
38212,38213,שלאלי/יציאה,דרך דהור/יציאה,53
27023,27005,בסיס בינוי מרחב,מחנה חצרים,53
38204,38208,גשר הידידות/כניסה,עין קיניא/כיכר לצפון,53
38208,38212,עין קיניא/כיכר לצפון,שלאלי/יציאה,53
38213,38215,דרך דהור/יציאה,עין קיניא/יציאה צפונית,53
42979,44390,נמל תעופה רמון/רציפים,נמל תעופה רמון/יציאה,52
48822,8925,אל תווחיד/דב יוסף,אל בטמה/רחוב שרפאת,50
44856,9225,א סאפא/אבו ח'שבה,א סאפא/א סלאם,50
44855,44856,א סאפא/אל ג'מעיה אל תחתא,א סאפא/אבו ח'שבה,50
8959,44855,א סאפה/אל בוטמה,א סאפא/אל ג'מעיה אל תחתא,50
8924,8959,אל בוטמה,א סאפה/אל בוטמה,50
23259,43303,בר כוכבא/ליברכט,מסוף משה ארנס/רציפים,50
8925,8924,אל בטמה/רחוב שרפאת,אל בוטמה,50
38206,38205,שכונת שאלאקה/לדרום,גשר הידידות/יציאה,48
4443,38206,עין קיניא/כיכר לדרום,שכונת שאלאקה/לדרום,48
38210,4443,עין קיניא/מרכז לדרום,עין קיניא/כיכר לדרום,48
38211,38210,שלאלי/כניסה,עין קיניא/מרכז לדרום,48
38214,38211,דרך דהור/כניסה,שלאלי/כניסה,48
38114,38214,עין קיניא/כניסה צפונית,דרך דהור/כניסה,48
35585,35564,אל כרז,בית ספר כפאר עקב,48
12164,51991,דרך הערבה/יותם,ת. מרכזית אילת/רציפים,47
44390,42978,נמל תעופה רמון/יציאה,נמל תעופה רמון/רציפים,46
13322,37690,המסגר/הרכב,ת.מרכזית תל אביב קומה 6/רציפים,46
8907,38739,מחסום ענאתא/דרך ענתות,מסוף שועפאט,46
24404,47920,וייצמן/רוטשילד,תחנה מרכזית כפ''ס/רציפים,46
16940,36010,צומת זכרון יעקב/כביש 4,מרכז מסחרי מול זכרון,45
35343,20874,הושעייה,הושעיה/ש.ג.מ. ציפורית,44
39830,50548,דרך ארץ/אשל,מסוף חריש/איסוף,44
35387,35396,קיבוץ מירב,מלכישוע/כניסה,44
35361,35387,קיבוץ מעלה גלבוע,קיבוץ מירב,44
8947,44836,חטיבת ירושלים/ יצחק קריב,מסוף הנביאים,43
11205,11203,הדקלים/המעיין,מרכז מסחרי,42
11203,11200,מרכז מסחרי,נבעה,42
11200,11197,נבעה,עין ראפה א,42
17623,48180,צומת נהריה,ת. מרכזית נהריה/רציפים,42
40228,40229,גני ילדים,נאעורה מערב,41
324,47909,שד. בנימין/שד. ירושלים,ת. מרכזית נתניה/רציפים,41
2394,43777,מחלף העמקים/ג'למה,מחנה ג'למה,41
4839,40228,נעורה כיכר,גני ילדים,41
40229,40231,נאעורה מערב,פיצריה,41
40231,40237,פיצריה,מסגד,41
19458,6910,הגיבורים/השיטה,כיכר הגיבורים/הציפורנים,40
19870,6912,דרך העמק/מעלה הבנים,'דרך העמק א,40
19460,19466,מעלה הרקפות/הציפורנים,הגורן/הגיא,40
50545,39830,מסוף חריש/איסוף,דרך ארץ/אשל,40
19462,19870,דרך העמק/נחל קרת,דרך העמק/מעלה הבנים,40
6910,19460,כיכר הגיבורים/הציפורנים,מעלה הרקפות/הציפורנים,40
37221,26769,מחנה נבטים,מחנה נבטים,40
19465,19462,דרך העמק/נתיב הנוטרים,דרך העמק/נחל קרת,40
6912,6914,'דרך העמק א,דרך העמק/משעול התל,40
19466,19465,הגורן/הגיא,דרך העמק/נתיב הנוטרים,40
39779,47751,אלי סיני/קטיף,ת.רכבת נתיבות/רציפים,39
39652,43715,אל עזי א,אל עזי ב,39
42807,42809,מחלף העמקים/אלרואי,מחלף העמקים/ג'למה,39
42809,43776,מחלף העמקים/ג'למה,מחנה ג'למה,39
42785,48172,הרצל/משה הס,ת. מרכזית נתניה/רציפים,38
28687,27946,זיקים,מחנה זיקים,37
5247,5505,קיבוץ חוקוק,מושב ליבנים,37
27316,28687,כרמיה,זיקים,37
7074,37188,מכמנים מרכז,מכמנים כיכר,37
22804,47993,ישראל גלילי/הסחלב,ת. מרכזית ראשל''צ/רציפים,36
10775,50583,גשר המיתרים/שד' הרצל,מרכז תחבורתי הארזים/בינעירוני,36
42908,51264,דרך ארץ/אשל,מסוף חריש/איסוף,36
27530,50680,שד. מלכי ישראל/רחבת גדעון בן יואש,מסוף שער העיר/הורדה,36
5623,18419,צומת צפת דרום/אזור התעשיה,עכברה,36
5238,35296,דוד אלעזר/לח''י,עכברה,35
27529,50679,שדרות מלכי ישראל/נתן אלבז,מסוף שער העיר/איסוף,35
41786,35611,ת. רכבת אחיהוד/רציפים,בר לב יציאה,35
37194,35611,בר לב ד,בר לב יציאה,35
15949,46590,מחמוד דרוויש/אלבוחארי,אל נג'אח/אל טבל,34
19910,19909,מנוף מרכז,שכניה,34
47288,33948,אלבלדיה/נדאא אלסלאם,הבנקים/אלבלדיה,34
47117,46753,תיכון עתיד טייבה,מגרש כדורגל,34
46864,47117,בלאל בן רבאח/מוסא חסן,תיכון עתיד טייבה,34
46590,46344,אל נג'אח/אל טבל,אלבלדיה/סמיח אלקסם,34
22961,46864,בית ספר עמל,בלאל בן רבאח/מוסא חסן,34
46824,22961,בלאל בן רבאח/אלאח'ווה,בית ספר עמל,34
46215,46824,בלאל בן רבאח/מחמוד דרוויש,בלאל בן רבאח/אלאח'ווה,34
46917,46215,פרדיסיה/ח'אלד אבן אלואליד,בלאל בן רבאח/מחמוד דרוויש,34
47194,46917,בית אבות/ח'אלד אבן אלואליד,פרדיסיה/ח'אלד אבן אלואליד,34
47070,47194,ח'אלד אבן אלואליד/עין גאלות,בית אבות/ח'אלד אבן אלואליד,34
47120,47070,ביטוח לאומי/ח'אלד אבן אלואליד,ח'אלד אבן אלואליד/עין גאלות,34
33948,47120,הבנקים/אלבלדיה,ביטוח לאומי/ח'אלד אבן אלואליד,34
46270,22827,תיכון עתיד טייבה,בית ספר עמל,34
22827,47148,בית ספר עמל,בלאל בן רבאח/עין גאלות,34
47148,46997,בלאל בן רבאח/עין גאלות,פרדיסיה/ח'אלד אבן אלואליד,34
46997,47168,פרדיסיה/ח'אלד אבן אלואליד,בית אבות/ח'אלד אבן אלואליד,34
47168,46427,בית אבות/ח'אלד אבן אלואליד,ח'אלד אבן אלואליד/אלרוק,34
46427,46782,ח'אלד אבן אלואליד/אלרוק,ח'אלד אבן אלואליד/מוחמד דווריש,34
46782,46600,ח'אלד אבן אלואליד/מוחמד דווריש,ח'אלד אבן אלואליד/אלראזי,34
46600,46371,ח'אלד אבן אלואליד/אלראזי,בי''ס אבן רושד,34
46371,46528,בי''ס אבן רושד,הבנקים/מכללת עמל,34
46528,46873,הבנקים/מכללת עמל,אלבלדיה/אלבריד,34
46873,46773,אלבלדיה/אלבריד,עיריית טייבה/אלבלאדיה,34
46773,22873,עיריית טייבה/אלבלאדיה,באר,34
22873,46702,באר,אלבלדיה/סמיח אלקסם,34
46702,46204,אלבלדיה/סמיח אלקסם,אל נג'אח/מרכז אלטפל,34
46344,46710,אלבלדיה/סמיח אלקסם,עיריית טייבה/אלבלאדיה,34
19909,20210,שכניה,קורנית,34
46710,47288,עיריית טייבה/אלבלאדיה,אלבלדיה/נדאא אלסלאם,34
41796,18827,ת. רכבת אחיהוד/רציפים,בר לב/כניסה,34
39840,46204,טבעת דרומית,אל נג'אח/מרכז אלטפל,34
37164,37161,בר לב א,בר לב 2,34
18827,37164,בר לב/כניסה,בר לב א,34
12226,51996,צומת אילות,ת. מרכזית אילת/רציפים,32
24663,42617,מסעף שער אברהם,ת. רכבת מלאכי יואב/הורדה,32
12226,51995,צומת אילות,ת. מרכזית אילת/רציפים,30
43905,36413,מצודת אדומים,ת. מרכזית ירושלים קומה 3/רציפים,29
43374,48942,המשנה,רכבת/מסוף ביג - רציפים,29
23193,49802,הפקולטה לחקלאות,ת. רכבת רחובות/רציפים בין עירוני,28
14355,37473,מחלף מורשה,מסוף רעננה/היהלום,27
25968,48152,אלי כהן/יצחק בן צבי,ת. מרכזית אשקלון רציפים/בינעירוני,26
23248,15779,התמר/מבוא התאנה,הזית/הנחלים,24
43126,262,ת.רכבת ספיר,התרופה/אריה רגב,24
13187,44990,דבורה הנביאה/ראול ולנברג,מסוף עתידים,24
15836,25142,מסעף צפריה,הרימון/מבוא הגפן,24
25142,23248,הרימון/מבוא הגפן,התמר/מבוא התאנה,24
49372,44994,דבורה הנביאה/ראול ולנברג,מסוף עתידים,24
24239,42491,בית לוינשטיין/אחוזה,ת. רכבת רעננה מערב/איסוף,24
19590,19281,מרכז,מזרקה,23
40015,40018,שכונה מזרחית,כנסייה היסטורית אורתודוכסית,23
40007,40011,מסגד בילאל,שכונה בדווית,23
40005,40007,טיפת חלב,מסגד בילאל,23
40011,40009,שכונה בדווית,מגרש משולב,23
19277,40003,שעב/כביש ראשי,מרכז,23
40018,40012,כנסייה היסטורית אורתודוכסית,שעב מרכז דרום,23
24713,49792,ת. רכבת מודיעין מרכז,מסוף מודיעין עילית,23
5836,40006,שעב/כניסה,מגרש משולב,23
40014,19590,תחנה לבריאות המשפחה,מרכז,23
40006,40010,מגרש משולב,שכונה בדווית,23
40003,40015,מרכז,שכונה מזרחית,23
40012,40005,שעב מרכז דרום,טיפת חלב,23
40010,40008,שכונה בדווית,מסגד בילאל,23
40008,40004,מסגד בילאל,טיפת חלב,23
40013,40017,שעב מרכז דרום,כנסייה היסטורית אורתודוכסית,23
40017,40016,כנסייה היסטורית אורתודוכסית,שכונה מזרחית,23
40016,40014,שכונה מזרחית,תחנה לבריאות המשפחה,23
40004,40013,טיפת חלב,שעב מרכז דרום,23
15826,25144,צומת חמד,הרימון/כביש 412,22
22332,25144,הרימון/מבוא הגפן,הרימון/כביש 412,22
25147,25139,הזית,הזית/הרימון,22
7873,8049,מעלה מכמש,מחנה רבין,22
25139,15676,הזית/הרימון,ישיבת מאור יצחק,22
15676,22332,ישיבת מאור יצחק,הרימון/מבוא הגפן,22
41913,41914,עמק חפר/עין שוקק,שדרות עמק חפר/שדרות יצחק רבין,21
12289,12519,מסעף קבוץ עין גדי,בית ספר שדה,21
39563,44662,בגין/הרצל,תחנה רכבת שדרות/רציפים,20
12625,51998,ת. מרכזית אילת/שדרות התמרים,ת. מרכזית אילת/רציפים,20
38918,6461,שכונת הרחבה חדשה,הגפן/התאנה,20
11070,48465,שד. לוי אשכול/הגלעד,מסוף הרכבת/הורדה,20
38919,17838,שכונת הרחבה חדשה בית 189,כיכר הזית/הגפן,19
9048,50584,בן גוריון/שערי ירושלים,מרכז תחבורתי הארזים/בינעירוני,19
23671,49179,פקריס/פלאוט,ת. רכבת רחובות/רציפים עירוני,18
23193,48100,הפקולטה לחקלאות,ת. רכבת רחובות/רציפים בין עירוני,18
24706,49335,מכבים/בזלת,תפוז/האתרוג,18
1542,38451,הרימון/רויטל,חי/הדקל,17
19581,41797,צומת אחיהוד,ת. רכבת אחיהוד/הורדה,17
8947,44837,חטיבת ירושלים/ יצחק קריב,מסוף הנביאים,17
17241,49163,הארזים/האורנים,הארזים/כליל החורש,17
43324,43330,בר כוכבא/ת.מרכזית פתח תקווה,מסוף משה ארנס/הורדה,16
40443,35297,ת''ת עצמונה/שומריה,מחנה שומריה (שפיפון),16
35,43296,רשות שדות התעופה/העליה,נתב''ג טרמינל 3/קומת המראות,16
22633,43295,שדה תעופה בן גוריון/טרמינל 1,נתב''ג טרמינל 3/קומת נחיתות,16
24243,24649,מוסד חינוכי כפר בתיה/דרך ירושלים,מוסד חינוכי כפר בתיה,16
23671,44995,פקריס/פלאוט,ת. רכבת רחובות/רציפים בין עירוני,14
13322,47798,המסגר/הרכב,ת.מרכזית תל אביב קומה 6/רציפים,14
11302,50342,מעלה הזיתים,קדמת ציון,14
9282,8744,שמואל הנביא/זקס,שמואל הנביא/יקים,14
11314,8588,2 אום טובא,אלמשאהד ג',13
8599,8601,סור באהר 1,בית ספר אבו בקר צאדק/אלמדינה אלמונוורה,13
8598,8597,אום טובא 9,אום טובא 7,13
50229,44352,מבצע קדש/יהודה לייב פינסקר,מסוף משה ארנס/הורדה,13
8594,11314,אום טובא 3,2 אום טובא,13
8595,8594,אום טובא 4,אום טובא 3,13
8596,8595,אום טובא 6,אום טובא 4,13
8597,8596,אום טובא 7,אום טובא 6,13
24404,48009,וייצמן/רוטשילד,תחנה מרכזית כפ''ס/רציפים,13
10356,8095,שדרות גולדה מאיר/בנימין מינץ,קבר שמואל הנביא,13
8600,8598,דרך סור באהר,אום טובא 9,13
8610,8600,בית ספר צור באהר בנות/אלמדינה אלמונוורה,דרך סור באהר,13
8614,8094,שדרות גולדה מאיר/המשורר אצ''ג,קבר שמואל הנביא,13
8616,8610,בית ספר אבן רשד/אלמדינה אלמונוורה,בית ספר צור באהר בנות/אלמדינה אלמונוורה,13
8615,8616,בית ספר צור באהר בנות/אלמדינה אלמונוורה,בית ספר אבן רשד/אלמדינה אלמונוורה,13
8601,8615,בית ספר אבו בקר צאדק/אלמדינה אלמונוורה,בית ספר צור באהר בנות/אלמדינה אלמונוורה,13
24390,994,אחוזה/הרב יצחק נסים,מסוף רעננה/הפנינה,13
14339,42837,ת. רכבת תל אביב - סבידור/על פרשת דרכים,ת. רכבת תל אביב- סבידור/רציפים A,12
40666,24604,משה שרת/משאבים,עירייה,12
39374,39343,דרור/קנריות,גילת/צרכניה,10
39344,39373,צרכניה/גילת,דרור/אנפה,10
27709,39373,גילת/כניסה ראשית,דרור/אנפה,10
11962,39374,גילת/בטחה,דרור/קנריות,10
10628,10521,ככר השבת/שטראוס,שטראוס/אביגדורי,10
14057,12901,אהרונוביץ/ קניון בני ברק,דרך ז'בוטינסקי/ביאליק,10
25712,26456,שוק עירוני/בית אשל,ת.מרכזית/עירוניים לצפון,10
34298,34303,לשם/הברקת,הצור/הברזל,9
34299,34300,הצור/הברזל,הצור/היהלום,9
2471,50181,איינשטיין/אסף שמחוני,בי''ס רוגוזין ב'/דרך יצחק רבין,9
34304,34299,לשם/הברקת,הצור/הברזל,9
2294,17157,קופת חולים/ויצמן,החקלאים /אושה,9
1359,42450,דרך אהרון/דרך שרה,בי''ס החיטה/שירה,7
6246,18421,חב''ד בנות/הרבי מלובאוויטש,הפלמ''ח,7
24404,48195,וייצמן/רוטשילד,תחנה מרכזית כפ''ס/רציפים,6
1810,17013,השקדים/ציפורנים,בית ספר נרקיסים/סיגליות,6
19446,35096,ישיבת הסדר,ישיבה תיכונית חספין,6
26668,26646,הספרייה,בי''ס שדה הר הנגב,5
7360,7468,מתנ''ס עירוני/רבי נחמן מברסלב,מפעל הש''ס/רבי נחמן מברסלב,5
47889,27623,ת.מרכזית באר שבע/רציפים בינעירוני,מרכז רפואי סורוקה/אוניברסיטת בן גוריון,5
24653,24608,הדס/הכלנית,רבוצקי/אחוזה,5
1340,2903,ספרייה/הדגן,הגדעונים/הנוטרים,5
13246,36888,בית ספר הולץ/חיל השריון,ת.מרכזית תל אביב קומה 6/רציפים,5
39634,19221,אלחריק ה,העיר הוותיקה ג,4
16867,50607,מחנה תל נוף,ת.רכבת תל אביב - סבידור/רציפים B,4
11089,11086,חברת חשמל,עוף ירושלים,4
11044,11089,מאפיות אנגל,חברת חשמל,4
20997,20982,אל-עומאל אל-ערב/אום קוביי,קריית חינוך שנלר/ספרייה עירונית,4
11079,11044,מחלף הרטוב,מאפיות אנגל,4
21343,21714,הבנים/נצר סירני,'נצר סירני א,4
39097,33918,ביה''ס ראשונים,הדסים,3
28324,26504,ניצנה/כפר נוער,עזוז/מרכז,3
23143,1004,ד''ר משה סנה/ברקן,אנצו סירני/הכובשים,3
359,48232,הרצל/בנימין מינץ,ת. מרכזית נתניה/רציפים,3
5266,47865,גן העיר/הגליל,ת. מרכזית טבריה/רציפים,3
17040,3836,דרך קרית עמל/אליהו התשבי,מגרש ספורט/אליהו התשבי,3
22203,23183,מבוא רעות/יפה נוף,תיכון רעות מכבים,3
19229,19202,שכונה דרומית ה,כנסייה קתולית ב,2
47975,47994,ת. מרכזית חדרה/רציפים,ת. מרכזית חוף הכרמל/רציפים בינעירוני,2
21786,49799,צומת כפר סבא רעננה צפון,מסוף מודיעין עילית,2
14356,14360,חזון אי''ש/נחמיה,רבן יוחנן בן זכאי/ירושלים,2
12404,47904,ספריה עירונית/חטיבת הנגב,ת. מרכזית אילת/רציפים,1
