stop_id,stop_name,lat,lon,region,metro,degree,weighted_degree,approx_betweenness
41133,מחלף חמד,31.801002,35.12454,Jerusalem,Jerusalem,62,10454,0.07213162306578921
9048,בן גוריון/שערי ירושלים,31.791535,35.196465,Jerusalem,Jerusalem,41,9472,0.05223171373947966
10775,גשר המיתרים/שד' הרצל,31.787162,35.199533,Jerusalem,Jerusalem,37,18976,0.009830490360832908
12975,מחלף לה גווארדייה,32.059454,34.786354,Center,Tel Aviv,34,6604,0.02196660483688101
13246,בית ספר הולץ/חיל השריון,32.046238,34.783261,Center,Tel Aviv,31,9154,0.022384633983163194
13322,המסגר/הרכב,32.06366,34.78558,Center,Tel Aviv,27,13424,0.0008371436452682053
9553,גשר המיתרים/שד' הרצל,31.787322,35.199369,Jerusalem,Jerusalem,22,10314,0.008607560536897879
27623,מרכז רפואי סורוקה/אוניברסיטת בן גוריון,31.25922,34.798363,South,Beer Sheva,20,4594,0.02577499617673873
14355,מחלף מורשה,32.123726,34.854708,Center,Tel Aviv,20,2116,0.021385182614474228
13356,דרך קיבוץ גלויות/כביש 1,32.046861,34.784605,Center,Tel Aviv,20,3334,0.00948388416434568
28638,משה סנה,31.778838,34.662757,Center,Periphery,19,4112,0.002642493071310879
23543,יסודות/מזכירות,31.815141,34.864194,Center,Periphery,19,509,0.007451817788471023
16205,בי''ח בלינסון/גשר מבצע ארנון,32.091161,34.86787,Center,Tel Aviv,17,10712,0.000846386713253826
24787,צומת צריפין לצפון,31.969932,34.843347,Center,Tel Aviv,17,3324,0.004087681843621585
359,הרצל/בנימין מינץ,32.326176,34.863338,Center,Tel Aviv,17,7956,0.005658005690435382
25709,שוק עירוני/בית אשל,31.240599,34.795095,South,Beer Sheva,16,6090,0.000266922005549216
5266,גן העיר/הגליל,32.787223,35.539636,North,Periphery,16,7770,0.00016544168808576843
750,צומת רכבת ראש העין צפון,32.123156,34.93743,Center,Tel Aviv,16,1980,0.0026260512484877424
5048,קהילת ציון/שפרינצק,32.607536,35.292173,North,Periphery,16,4892,0.0004779572339985085
3368,סחרוב,32.790059,34.959315,North,Haifa,16,11340,0.0010566791755666416
48481,שדרות שז''ר/בנייני האומה,31.787719,35.202632,Jerusalem,Jerusalem,16,4420,0.008734901977177712
43374,המשנה,31.780039,34.660266,Center,Periphery,15,5310,0.008556989564036737
24713,ת. רכבת מודיעין מרכז,31.901335,35.004985,Center,Tel Aviv,15,2981,0.0018041948863306357
13946,ת. רכבת האוניברסיטה/שד' רוקח,32.102783,34.80697,Center,Tel Aviv,15,5298,0.005278000813314378
3437,גרנד קניון/שמחה גולן,32.789085,35.008567,North,Haifa,15,5714,0.012724445292481288
44001,קניון הנגב/יצחק בן צבי,31.244291,34.795887,South,Beer Sheva,15,4232,0.00036107706361776574
2356,קניון לב המפרץ/ההסתדרות,32.793209,35.038917,North,Haifa,15,3830,0.0006858264574229764
7561,צומת חשמונאים דרום,31.929869,35.02517,Center,Tel Aviv,15,3420,0.0029229874820687536
26659,השוק העירוני/שדרות דוד חכם,31.23819,34.798108,South,Beer Sheva,14,2486,0.0003113019894452143
16061,השוק העירוני/לבקוביץ',31.894032,34.810379,Center,Tel Aviv,14,3506,0.0004045398245462523
25938,בן גוריון/נאות אשקלון,31.661191,34.577653,Center,Periphery,14,4558,0.004959112902006959
13214,מתחם מידטאון/דרך מנחם בגין,32.080071,34.795266,Center,Tel Aviv,14,4556,0.0003356358346548989
13268,מחלף לה גווארדייה,32.059174,34.786171,Center,Tel Aviv,13,2470,0.0011726114998526055
26122,בית רסקו/יצחק רגר,31.247534,34.797811,South,Beer Sheva,13,3340,0.0015602200890076794
22182,עירייה,31.908118,35.007695,Center,Tel Aviv,13,2865,0.00020483767118326975
22633,שדה תעופה בן גוריון/טרמינל 1,31.994437,34.896552,Center,Tel Aviv,13,1114,0.0012826173646883813
11070,שד. לוי אשכול/הגלעד,31.747626,34.999031,Jerusalem,Periphery,13,5340,0.0014202725058494788
8871,יצחק הנדיב/ואדי ג'וז,31.794711,35.236274,Jerusalem,Jerusalem,13,2300,0.0008987431997292745
8399,תחנת דלק/כוכב יעקב,31.872953,35.260453,Jerusalem,Jerusalem,13,2732,0.003866549781385751
50332,ת.רק''ל אבא הלל/דרך ז'בוטינסקי,32.083005,34.802272,Center,Tel Aviv,13,11832,0.0045258246064046785
22804,ישראל גלילי/הסחלב,31.96913,34.784014,Center,Tel Aviv,12,3726,0.00026806612908524354
48462,הרטום/גולדה מאיר,31.80069,35.213748,Jerusalem,Jerusalem,12,3674,0.0001829474022178805
17623,צומת נהריה,33.005573,35.10031,North,Periphery,12,2032,0.004804014061197297
21786,צומת כפר סבא רעננה צפון,32.192382,34.888841,Center,Tel Aviv,12,1446,0.005109406189109537
25712,שוק עירוני/בית אשל,31.240598,34.795585,South,Beer Sheva,12,6202,0.0003385800487364031
12226,צומת אילות,29.578808,34.968106,South,Periphery,12,820,0.005614494673681459
8881,בי''ס ראשידה/סולטאן סולימאן,31.783407,35.234642,Jerusalem,Jerusalem,12,1434,0.0006164906454543457
25968,אלי כהן/יצחק בן צבי,31.668214,34.572132,Center,Periphery,12,846,0.004908363536683226
14339,ת. רכבת תל אביב - סבידור/על פרשת דרכים,32.081153,34.797682,Center,Tel Aviv,12,5006,0.0006482619262554892
24390,אחוזה/הרב יצחק נסים,32.177924,34.886744,Center,Tel Aviv,12,2438,0.0006524259126655784
25975,שדרות הפלמח/חטיבת כרמלי,31.804129,34.660742,Center,Periphery,12,4724,0.0065614353410327845
11292,שפע חיים/דורש טוב,31.79731,35.212587,Jerusalem,Jerusalem,12,8410,0.0002063454917037726
47975,ת. מרכזית חדרה/רציפים,32.435961,34.914024,Center,Periphery,12,1167,0.0037159586535381564
19581,צומת אחיהוד,32.911913,35.167244,North,Haifa,12,1890,0.018163917794959423
17505,שדרות ההסתדרות/צומת הקריות,32.789491,35.028864,North,Haifa,11,3972,0.0006416312710481296
13339,עזרא/דמשק אליעזר,32.076564,34.836184,Center,Tel Aviv,11,5506,0.00010480484942095215
39779,אלי סיני/קטיף,31.413362,34.57549,South,Periphery,11,1284,0.0016562384858026114
20739,מסוף בית שאן/שדרות מנחם בגין,32.497886,35.504779,Center,Periphery,11,2088,0.0006820594645558536
22252,קניון עזריאלי,31.899117,35.007414,Jerusalem,Tel Aviv,11,2822,0.00045716118190401804
9056,שדרות דוד טוביהו/סוקולוב,31.245292,34.78872,South,Beer Sheva,11,2704,0.004984508452840818
43422,שדרות מנחם בגין/שדרות הרצל,31.789241,34.640667,Center,Periphery,11,2344,0.0038032332965007147
22099,ת. רק''ל בלינסון/קניון אבנת,32.091717,34.865871,Center,Tel Aviv,11,11915,0.0003876857021857836
4634,שדרות הבנים/שד' שאול עמור,32.67824,35.241113,North,Periphery,11,3690,0.00021270768801869504
8614,שדרות גולדה מאיר/המשורר אצ''ג,31.825302,35.188624,Jerusalem,Jerusalem,11,9218,0.00021747697199999677
12990,בית הדר דפנה/שד' שאול המלך,32.077609,34.791101,Center,Tel Aviv,11,5548,0.0001653935664921366
24404,וייצמן/רוטשילד,32.175091,34.909718,Center,Tel Aviv,11,4066,0.0002688508973712332
23671,פקריס/פלאוט,31.911334,34.805326,Center,Tel Aviv,10,1708,0.00038092312703972165
5373,יהודה הלוי/דנילוף סנטר,32.790549,35.533043,North,Periphery,10,1518,0.0002741144647859816
8439,צומת חטיבה שבע/לטרון,31.835052,34.978365,Jerusalem,Periphery,10,2484,0.0012124230647872782
12495,בית חולים יוספטל/יותם,29.55502,34.939706,South,Periphery,10,491,0.000679380602875063
13206,קריית הממשלה/דרך מנחם בגין,32.07238,34.789654,Center,Tel Aviv,10,14386,7.816321872394895e-05
14356,חזון אי''ש/נחמיה,32.080495,34.834343,Center,Tel Aviv,10,6244,0.00025553446690182154
27530,שד. מלכי ישראל/רחבת גדעון בן יואש,31.618977,34.761053,Center,Periphery,10,2259,0.000183342018331041
14057,אהרונוביץ/ קניון בני ברק,32.091581,34.83946,Center,Tel Aviv,10,4803,0.00011663901714897815
43905,מצודת אדומים,31.796492,35.25755,Jerusalem,Jerusalem,10,1206,0.008701255054272234
27674,צומת מעון,31.312821,34.438809,South,Periphery,10,298,0.004030432651027429
18421,הפלמ''ח,32.966725,35.495154,North,Periphery,10,1626,5.161290680423795e-05
27529,שדרות מלכי ישראל/נתן אלבז,31.619137,34.760932,Center,Periphery,10,2529,0.000351023456879105
49466,מסוף הר נוף/כנפי נשרים,31.787451,35.180456,Jerusalem,Jerusalem,10,11722,0.00015904710691567182
39830,דרך ארץ/אשל,32.470312,35.039346,Center,Periphery,10,1282,0.0025172537841754955
16237,מד''א/המכבים,32.096558,34.887575,Center,Tel Aviv,10,2844,0.0004025772300712607
29310,המסגר/יד חרוצים,32.061291,34.784847,Center,Tel Aviv,10,3784,0.0001760175745539989
11227,צומת אורה,31.757147,35.159936,Jerusalem,Jerusalem,9,3720,0.0008978984653622815
1340,ספרייה/הדגן,32.569477,34.95541,North,Periphery,9,1743,0.00017337415964174856
1359,דרך אהרון/דרך שרה,32.566511,34.956423,North,Periphery,9,1594,0.000663823312012223
21321,כביש 44/דרך חיים הרצוג,31.973523,34.840538,Center,Tel Aviv,9,2104,0.00037118688121456694
23259,בר כוכבא/ליברכט,32.092024,34.885384,Center,Tel Aviv,9,3236,0.0005979810749720205
7604,צומת חטיבה שבע,31.834668,34.976697,Jerusalem,Periphery,9,2050,0.0005711212545956605
23193,הפקולטה לחקלאות,31.905694,34.806199,Center,Tel Aviv,9,3608,0.00020711388148641203
13239,ביה''ח איכילוב/ויצמן,32.080816,34.788879,Center,Tel Aviv,9,3616,0.0001281996228713553
43772,שדרות יחד שבטי ישראל/שבט שמעון,31.93397,34.89637,Center,Tel Aviv,9,1116,0.0023493293325431135
24763,צומת חולון,32.037572,34.779659,Center,Tel Aviv,9,5486,0.0010681102447832813
16940,צומת זכרון יעקב/כביש 4,32.571108,34.937372,North,Periphery,9,994,0.0023894364410344754
39563,בגין/הרצל,31.520961,34.59331,South,Periphery,8,1462,0.005855733275152483
51992,מסוף פדואל,32.092746,35.105958,Center,Periphery,8,200,0.00029869572692568867
48898,ביג שער העיר,32.786913,35.029253,North,Haifa,8,3460,0.0003064916809900181
8862,נהר הירקון/נהר הירדן,31.70735,35.0002,Jerusalem,Periphery,8,5504,0.008983063353390256
34492,רמת הגולן/אדום,32.105248,35.198709,Center,Periphery,8,2064,0.0004916880956187359
24722,אנה פרנק/הקוממיות,32.00356,34.75357,Center,Tel Aviv,8,4776,0.00011784922327172209
15255,תחנת רכבת לוד/יוספטל,31.946838,34.879725,Center,Tel Aviv,8,4084,0.000443555967761169
48914,רכבת/מסוף ביג,31.774616,34.664572,Center,Periphery,8,1306,0.0030484105796758487
19486,תל חי/סיני,33.204747,35.569361,North,Periphery,8,1700,0.033280150066953965
24765,הרצל/שדרות תש''ח,31.955339,34.802324,Center,Tel Aviv,8,4652,0.00041219905902021377
50229,מבצע קדש/יהודה לייב פינסקר,32.096764,34.882581,Center,Tel Aviv,8,1982,3.5117035259381416e-05
22261,ת. רכבת רחובות,31.908551,34.805277,Center,Tel Aviv,8,3616,0.00010535310444989461
8947,חטיבת ירושלים/ יצחק קריב,31.775198,35.227051,Jerusalem,Jerusalem,8,858,0.0003898828045511052
4530,קאנטרי קלאב/שדרות יצחק רבין,32.61504,35.29935,North,Periphery,8,3284,0.0003886650294655433
24243,מוסד חינוכי כפר בתיה/דרך ירושלים,32.188751,34.854732,Center,Tel Aviv,8,1061,0.0006090446817181997
24239,בית לוינשטיין/אחוזה,32.184719,34.855067,Center,Tel Aviv,8,2808,0.0010433417757171161
4671,אורט יגאל אלון/מעלה יצחק,32.708282,35.334618,North,Periphery,8,5204,0.004212942869379556
21507,הרצל/סוקולוב,31.957388,34.802287,Center,Tel Aviv,8,4304,0.0002661154911381826
13632,המסגר/ריב''ל,32.062018,34.785025,Center,Tel Aviv,8,6648,0.00017951112586823983
23491,רבי יהודה הנשיא/רבי שמעון בן שטח,32.052813,34.965556,Center,Tel Aviv,8,2112,0.0008530165219072688
13219,שד' רוקח/בכור שטרית,32.107454,34.814433,Center,Tel Aviv,8,5162,0.0012609460705550034
11302,מעלה הזיתים,31.772301,35.240996,Jerusalem,Jerusalem,8,972,0.0008372733502939201
49329,הרכבת/ראש פינה,32.059633,34.782976,Center,Tel Aviv,7,2428,3.5715969446613026e-05
39804,בני ראם יציאה/כיכר,31.773841,34.792355,Center,Periphery,7,260,9.149995265901186e-05
24237,מרכז מסחרי מול הפארק/דרך ירושלים,32.184316,34.85359,Center,Tel Aviv,7,3278,0.0003315793860717004
44669,הטוחן/גרניט,32.486134,34.950884,Center,Periphery,7,2308,6.26920933076632e-05
324,שד. בנימין/שד. ירושלים,32.324201,34.856548,Center,Tel Aviv,7,3214,0.0034397255179102505
41675,ת. רכבת כרמיאל/רציפים,32.923794,35.29835,North,Periphery,7,2768,0.0001801271937630688
12838,אלוף שדה/הירדן,32.059276,34.826633,Center,Tel Aviv,7,4694,0.000466694488693966
8781,משרד המשפטים/צלאח א דין,31.787402,35.229997,Jerusalem,Jerusalem,7,1780,0.0001820411682838176
37221,מחנה נבטים,31.172342,35.042848,South,Periphery,7,316,0.0021451480702121997
3228,מת''מ/ההגנה,32.789609,34.962117,North,Haifa,7,3774,0.00011043871950534161
13187,דבורה הנביאה/ראול ולנברג,32.115126,34.840063,Center,Tel Aviv,7,821,0.0011165135229900596
35837,נווה גנים,32.85817,35.091366,North,Haifa,7,5544,0.0011052907712952127
44260,זכריה הנביא/אליהו הנביא,31.700647,34.977088,Jerusalem,Periphery,7,3050,0.006357897903901227
41045,קאנטרי קלאב/שדרות יואש דובנוב,32.615951,35.299784,North,Periphery,7,2662,0.0002568284013718456
12625,ת. מרכזית אילת/שדרות התמרים,29.556369,34.951682,South,Periphery,7,628,0.0007304470800982263
10591,שד. לוי אשכול/שד. יהודה בן זאב,31.743353,34.996499,Jerusalem,Periphery,7,4464,0.0003106422066865307
4761,צומת מחנה גדעון,32.513083,35.495006,North,Periphery,7,1202,0.00573456456553759
34493,רמת הגולן/אדום,32.10579,35.199835,Center,Periphery,7,2332,0.00031225130779817246
47432,הרכבת/המסגר,32.059556,34.783556,Center,Tel Aviv,7,3192,0.00017140628916206805
3431,נווה גנים,32.857868,35.092598,North,Haifa,7,3996,0.0005417948537854781
22203,מבוא רעות/יפה נוף,31.885412,35.022417,Jerusalem,Periphery,7,388,0.0001312217345149926
18177,מסעף נחף,32.928028,35.321077,North,Periphery,7,1036,0.0005679211902324998
10356,שדרות גולדה מאיר/בנימין מינץ,31.826368,35.188677,Jerusalem,Jerusalem,7,5232,0.0004824005917903254
21354,הזית/קרן היסוד,31.926912,34.853889,Center,Tel Aviv,7,904,0.000147737463191981
44501,שדרות נעמי שמר/אליהו,31.946045,34.841911,Center,Tel Aviv,7,1022,0.00013845328911173834
35,רשות שדות התעופה/העליה,31.990876,34.8976,Center,Tel Aviv,6,686,0.0002835234347390444
23299,ת. רכבת קרית אריה,32.105041,34.863442,Center,Tel Aviv,6,4650,0.00013488174215417787
28710,בית ספר אבו באכר,31.247417,34.851319,South,Beer Sheva,6,198,0.00027742132662131027
15826,צומת חמד,32.012415,34.843015,Center,Tel Aviv,6,610,0.0010141598126867735
42785,הרצל/משה הס,32.327269,34.860772,Center,Tel Aviv,6,3358,0.00010413641859490232
46704,דרך מנחם בגין/דרך הרב שלום איפרגן,31.518208,34.589881,South,Periphery,6,1606,0.00013680533692680025
12164,דרך הערבה/יותם,29.553942,34.954454,South,Periphery,6,592,0.00027232277633215413
13321,המסגר/לה גווארדייה,32.059809,34.784515,Center,Tel Aviv,6,4506,0.00013215761645248006
24663,מסעף שער אברהם,31.761437,34.792104,Center,Periphery,6,254,0.00021302089677556656
37804,קניון אושילנד/עתיר ידע,32.166035,34.928573,Center,Tel Aviv,6,852,0.00013143951014492496
262,התרופה/אריה רגב,32.282866,34.862884,Center,Tel Aviv,6,5346,0.00011336874390145155
2394,מחלף העמקים/ג'למה,32.723751,35.099955,North,Haifa,6,2488,0.0003669201695240485
5017,קניון/שאול עמור,32.678313,35.242546,North,Periphery,6,1292,0.00011699706247516922
5238,דוד אלעזר/לח''י,32.963282,35.489648,North,Periphery,6,1868,0.00015708212223445835
20997,אל-עומאל אל-ערב/אום קוביי,32.703477,35.288455,North,Periphery,6,282,0.00037484418081732367
34581,'איתמר א,32.175204,35.308726,Center,Periphery,6,302,0.0004988217065093949
41810,חיים הרצוג/נתן אלתרמן,32.081286,34.980857,Center,Tel Aviv,6,1832,6.360993874397395e-05
3367,סחרוב,32.790898,34.958675,North,Haifa,6,10076,5.934726359569678e-05
35529,כפר הנשיא,32.974481,35.60356,North,Periphery,6,194,0.0005879489126488748
8070,פני קדם,31.589904,35.195049,Center,Jerusalem,6,278,6.607880822624003e-05
15604,החרושת/מעלה המגדל,32.021376,34.863737,Center,Tel Aviv,6,1614,6.882385256355913e-05
11962,גילת/בטחה,31.332982,34.643427,South,Beer Sheva,6,1122,0.0005699250365396683
15860,רוז'נסקי/משה לוי,31.986113,34.772754,Center,Tel Aviv,6,3897,7.450007862998456e-05
35772,רפא''ל,32.860432,35.0872,North,Haifa,6,2790,0.0005519970792995376
35356,שער הגלבוע/אתר הסקי,32.552202,35.333503,North,Periphery,6,362,0.0012902144261776837
153,יהודה שטיין/קרן היסוד,31.926545,34.855866,Center,Tel Aviv,6,807,8.241880286173224e-05
39097,ביה''ס ראשונים,32.277594,34.894311,Center,Tel Aviv,6,60,5.8985727127418354e-05
5623,צומת צפת דרום/אזור התעשיה,32.96144,35.488363,North,Periphery,6,558,8.805849418082624e-05
50065,תרמ''ג/דרך יצחק רבין,31.923357,34.79499,Center,Tel Aviv,6,1112,0.0007740981963675245
7360,מתנ''ס עירוני/רבי נחמן מברסלב,31.69608,35.117525,Center,Jerusalem,6,4726,0.0004424887991266719
10238,שדרות משה דיין/שדרות נווה יעקב,31.836708,35.233878,Jerusalem,Jerusalem,6,3982,9.60132741227261e-05
49772,מנחם בגין/דרך ארץ,31.678681,34.595365,Center,Periphery,6,1092,0.0006412867335075628
18429,מרכז מסחרי/שדרות מעלה יצחק,32.716644,35.337651,North,Periphery,6,4918,5.2627706277300265e-05
11865,ירמיהו/הצבי,31.790679,35.202098,Jerusalem,Jerusalem,6,2351,3.7231130130476574e-05
21186,מרכז מסחרי/שדרות מעלה יצחק,32.718034,35.337673,North,Periphery,6,4770,3.5495915071691054e-05
3549,מחלף עתלית,32.710025,34.950357,North,Haifa,6,704,0.0021914510126064156
7935,טורקיז/ענבר,31.962056,35.065781,Center,Periphery,6,280,0.0011184447252727716
42807,מחלף העמקים/אלרואי,32.7235,35.101536,North,Haifa,6,2754,0.002335072145122676
43699,אליהו הנביא/שדרות נהר הירקון,31.70661,35.000262,Jerusalem,Periphery,6,3500,0.0023442354660073586
35195,מסגד אל רחמה,31.387257,34.758249,South,Beer Sheva,5,362,0.00016510915813885922
28734,מועצה מקומית,31.199631,34.838426,South,Beer Sheva,5,228,0.0001629582975596888
25353,תחנת רכבת קוממיות,32.001109,34.760742,Center,Tel Aviv,5,3946,0.00016041418349483703
20680,צומת כפר יהושע,32.682793,35.121891,North,Haifa,5,858,0.00016321803736786411
2753,מרכז דאליית אל כרמל,32.693534,35.046956,North,Haifa,5,1946,0.000163302302167665
41913,עמק חפר/עין שוקק,31.647569,34.567825,Center,Periphery,5,74,3.359190250966048e-05
7344,קדושת לוי/הר''ן,31.706087,35.118011,Jerusalem,Jerusalem,5,4578,0.0001672159671682375
19277,שעב/כביש ראשי,32.891716,35.235377,North,Periphery,5,66,0.003949286824194643
49372,דבורה הנביאה/ראול ולנברג,32.114229,34.841026,Center,Tel Aviv,5,5880,6.031527558159174e-05
39840,טבעת דרומית,32.257872,35.004816,Center,Tel Aviv,5,582,0.003914073831195998
44055,שדרות דרך ארץ/שדרות ההגשמה,32.458515,35.05648,Center,Periphery,5,432,6.0458108196784055e-05
17046,גן ציבורי/הגפן,32.748731,35.099494,North,Haifa,5,646,0.00018223117793459125
15836,מסעף צפריה,32.013734,34.846019,Center,Tel Aviv,5,614,0.00019544648129529097
28799,משה סנה/מנחם בגין,31.778962,34.663846,Center,Periphery,5,962,0.00020490115446062345
24706,מכבים/בזלת,31.990975,34.947277,Center,Tel Aviv,5,62,5.6441799214179385e-05
16867,מחנה תל נוף,31.822281,34.8195,Center,Tel Aviv,5,35,0.00013412725898808632
43324,בר כוכבא/ת.מרכזית פתח תקווה,32.095071,34.885777,Center,Tel Aviv,5,744,5.3188254925341524e-05
7392,קדושת לוי/שלום רב,31.705942,35.118101,Jerusalem,Jerusalem,5,4778,0.00014926868652733035
12289,מסעף קבוץ עין גדי,31.447822,35.389684,South,Periphery,5,296,3.407597904123392e-05
34238,מוזיאון המדע/שד' המוזיאונים,31.777826,35.200204,Jerusalem,Jerusalem,5,3166,3.47391746293861e-05
39784,גני טל/כיכר,31.413891,34.570046,South,Periphery,5,1254,9.9062962499706e-05
18210,חיילים משוחררים ג,33.016006,35.33616,North,Periphery,5,128,0.00011496130069162383
17225,מרכז רפואי שהם/דרך הנדיב,32.48604,34.9704,Center,Periphery,5,1834,0.00011671519924430456
21512,בן גוריון/כצנלסון,31.966323,34.789799,Center,Tel Aviv,5,898,9.28666201114375e-05
25059,איקאה/היוזמה,31.951151,34.770731,Center,Tel Aviv,5,568,0.00011825962088278409
39156,ש.ג בסיס פלמחים,31.928336,34.717561,Center,Tel Aviv,5,66,0.0001234963031646396
50250,אברהם בר/דוד סחרוב,31.98812,34.775305,Center,Tel Aviv,5,2922,6.647444764213473e-05
39624,שדרות מנחם בגין/הגדוד העיברי,31.791343,34.636819,Center,Periphery,5,1036,0.00013144224867858543
26842,מואב/לשם,31.26135,35.228355,South,Periphery,5,1247,3.3039404113120015e-05
26841,מואב/לשם,31.261248,35.227576,South,Periphery,5,1379,3.3039404113120015e-05
7221,בריכה,32.961041,35.487595,North,Periphery,5,704,0.00013293590400681007
12757,מסוף אגד/קניון פרץ סנטר,31.060742,35.019583,South,Periphery,5,3000,9.911821233936004e-05
18409,אצ''ל/דרך הרב חיים חורי,32.958462,35.492895,North,Periphery,5,1752,6.613405806589408e-05
19446,ישיבת הסדר,32.843399,35.792611,North,Periphery,5,361,4.9585418402185233e-05
18578,הנחלים/הר וגיא,32.961167,35.507742,North,Periphery,5,348,0.0001401603713313775
42472,קדר,31.747017,35.301774,Center,Jerusalem,5,344,0.003643442978514208
12274,צומת באר אורה/נמל תעופה רמון,29.706043,34.996958,South,Periphery,5,808,0.00014920383032401494
28450,אזור תעשיה רהט,31.393399,34.773933,South,Beer Sheva,5,630,0.0012937306980778554
42908,דרך ארץ/אשל,32.469251,35.038483,Center,Periphery,5,644,0.0005527892769038264
17054,מסעף עוקף דליה,32.687855,35.064731,North,Haifa,5,1774,0.0007463337216917765
28451,אזור תעשיה רהט,31.393205,34.773816,South,Beer Sheva,5,560,0.00028951946742458376
13733,יהודה המכבי/דרך נמיר,32.094067,34.792836,Center,Tel Aviv,5,5975,0.0002843986458380875
1542,הרימון/רויטל,32.519883,35.009102,North,Periphery,5,314,0.0003578144536187857
19458,הגיבורים/השיטה,32.655414,35.105809,North,Haifa,5,1586,0.0005770593022627952
48974,דרך ארץ/מנחם בגין,31.679296,34.595699,Center,Periphery,5,650,0.00036543970596675826
38161,מחנה ענתות,31.819419,35.276143,Jerusalem,Jerusalem,5,234,0.00033075012580193966
15949,מחמוד דרוויש/אלבוחארי,32.257506,35.006394,Center,Tel Aviv,5,602,0.0006956807124993765
10079,המפלצת/טהון,31.761865,35.1725,Jerusalem,Jerusalem,5,2720,0.0011973848021836866
28153,בי''ס משען/גיבורי תשכ''ז,31.422039,34.600158,South,Periphery,5,1666,0.00042980763169646373
4339,תל חי/הירדן,33.212637,35.570614,North,Periphery,5,522,0.0013404211950479032
28685,בית ספר חופים,31.588045,34.560417,Center,Periphery,4,64,7.439386570069302e-05
11204,הדקלים/הרימון,31.794404,35.120007,Jerusalem,Jerusalem,4,196,6.987066400084651e-05
23676,אופנהיימר/ברגמן,31.910987,34.807696,Center,Tel Aviv,4,1848,4.705199414597457e-05
49750,הרדוף/יציאה,32.764312,35.17535,North,Haifa,4,170,0.00013215761645248006
28991,כפר מימון,31.431444,34.541228,South,Periphery,4,82,7.472597396492646e-05
8302,שדרות אדם/437,31.853,35.266306,Jerusalem,Jerusalem,4,716,0.0005387157644699814
34829,טל מנשה/מרכז,32.483499,35.160787,Center,Periphery,4,204,0.00013215761645248006
41786,ת. רכבת אחיהוד/רציפים,32.911279,35.174612,North,Haifa,4,104,6.671004621930395e-05
37834,גן החיות התנ''כי,31.745478,35.177038,Jerusalem,Jerusalem,4,554,3.3039404113120015e-05
48439,צומת כפר הרי''ף,31.752893,34.801702,Center,Periphery,4,168,7.848178458853998e-05
20848,חיים משה שפירא/דוכיפת,32.942029,35.079543,North,Haifa,4,1188,6.61445818448758e-05
20963,כיכר אל-משארף/ספוריה,32.723915,35.285701,North,Periphery,4,470,0.00181991504338744
13734,יהודה המכבי/דרך נמיר,32.094212,34.793079,Center,Tel Aviv,4,4930,0.00028889851866355985
41102,הזית/הורד,31.438596,34.645944,South,Beer Sheva,4,74,0.00029585837747163216
5054,קיבוץ מעוז חיים,32.492662,35.551926,Center,Periphery,4,120,6.607880822624003e-05
13328,לה גווארדייה/המעפילים,32.059392,34.788682,Center,Tel Aviv,4,2506,5.157061541948078e-05
39642,קיבוץ גלויות/הרצל,31.320976,34.618839,South,Beer Sheva,4,1054,5.045126240881203e-05
27621,שדה ניצן מרכז,31.2298,34.419134,South,Periphery,4,154,0.00016519702056560007
44390,נמל תעופה רמון/יציאה,29.712933,35.001048,South,Periphery,4,196,6.607880822624003e-05
11221,קיבוץ מעלה החמישה,31.818536,35.111899,Jerusalem,Jerusalem,4,396,0.0006278179377697037
44681,חונים נוסעים ראשון לציון/דרך ההצלחה,31.972627,34.751512,Center,Tel Aviv,4,1890,0.0015201779591886213
8926,אל תווחיד/אל בטמה,31.747174,35.199366,Jerusalem,Jerusalem,4,292,0.0002684314600806783
17047,הרב שמעונוביץ/הרב קוק,32.748699,35.100063,North,Haifa,4,632,0.00013602351004800674
18225,מסעף נבי סבלאן,33.015239,35.345665,North,Periphery,4,212,0.000268587716945169
6080,שלום הגליל/קניון עכו,32.920939,35.091932,North,Haifa,4,978,0.0001631212602815131
1248,דרך העצמאות/הנביאים,32.520151,34.940139,North,Periphery,4,154,0.00027925327490845486
35386,עין הנציב,32.470642,35.501503,Center,Periphery,4,112,0.00015101910387849208
28237,בית ספר חאמד,31.253028,35.06913,South,Periphery,4,530,0.0002803093791174159
38356,שלום הגליל/טניס,32.919167,35.091918,North,Haifa,4,936,0.0001318741122247603
40476,מתחם 4 מזרח,31.376636,34.75947,South,Beer Sheva,4,388,8.228845919053576e-05
23143,ד''ר משה סנה/ברקן,32.186436,34.896199,Center,Tel Aviv,4,500,4.077974921604411e-05
11079,מחלף הרטוב,31.769275,34.996854,Jerusalem,Periphery,4,192,0.00013184289444654224
51868,הרב ניסים טולדנו/דגן,31.952068,34.848284,Center,Tel Aviv,4,742,0.00036826672327968545
37734,לוחמי הגטאות/בר כוכבא,31.800798,35.240211,Jerusalem,Jerusalem,4,358,0.0004377859830006554
28660,בית ניר,31.648781,34.874684,Center,Periphery,4,80,9.911821233936004e-05
19221,העיר הוותיקה ג,32.889224,35.403877,North,Periphery,4,270,9.901454270226062e-05
43826,הגליל/הירדן,31.957681,35.138305,Center,Periphery,4,180,9.911821233936004e-05
40443,ת''ת עצמונה/שומריה,31.430467,34.884285,South,Beer Sheva,4,74,3.309575416603124e-05
34298,לשם/הברקת,32.785553,35.466406,North,Periphery,4,178,3.3302098426486776e-05
10532,רב החובל/אדם,31.749878,35.22811,Jerusalem,Jerusalem,4,4476,3.33669243753456e-05
49757,פרנק,31.700072,35.004057,Jerusalem,Periphery,4,1294,3.3619527429487506e-05
40551,ביר באקה/אלמליאת,32.412525,35.041796,Center,Periphery,4,468,0.0013331875543389294
21343,הבנים/נצר סירני,31.928721,34.830571,Center,Tel Aviv,4,1354,3.4525313706463346e-05
10169,גן החיות התנ''כי,31.745642,35.17734,Jerusalem,Jerusalem,4,602,3.496221334859438e-05
50631,אזור תעשייה/לח''י,32.103059,34.837738,Center,Tel Aviv,4,2256,9.911821233936004e-05
28324,ניצנה/כפר נוער,30.885177,34.422335,South,Periphery,4,116,3.5462895387483586e-05
12936,קמפוס ברושים/שלום רוזנפלד,32.106714,34.802794,Center,Tel Aviv,4,648,3.887690833133295e-05
11623,שער יפו/יפו,31.777433,35.226288,Jerusalem,Jerusalem,4,2432,3.6548490442287805e-05
25398,אזור/מר. שפינוזה,32.023651,34.803576,Center,Tel Aviv,4,1188,3.8169896458512423e-05
37733,לוחמי הגטאות/בר כוכבא,31.800809,35.240515,Jerusalem,Jerusalem,4,366,0.000451420076819201
2471,איינשטיין/אסף שמחוני,32.813598,35.115717,North,Haifa,4,2796,0.002188185173515621
11082,מועצה אזורית,31.764126,34.999466,Jerusalem,Periphery,4,44,9.949175543201666e-05
41796,ת. רכבת אחיהוד/רציפים,32.911279,35.174612,North,Haifa,4,102,0.00010262896094583488
28645,גת/מרכז,31.628365,34.795385,Center,Periphery,4,80,0.00029851362728294
41340,האופה/שדרות המלאכות,31.889364,34.964958,Jerusalem,Tel Aviv,4,1098,8.259851028280003e-05
11556,כביש 395/כביש 386,31.772833,35.153612,Jerusalem,Jerusalem,4,436,0.00012539941777831468
50374,חניון שפירים מערבי א/הורדה,32.00027,34.843703,Center,Tel Aviv,4,1872,8.477358026600004e-05
34304,לשם/הברקת,32.78565,35.466494,North,Periphery,4,178,0.00011956192897708965
41222,שגיא 2000/כביש 7255,32.658518,35.233639,North,Periphery,4,858,8.52877026804312e-05
5042,מגן שאול,32.520516,35.307237,North,Periphery,4,274,0.00033039404113120014
35917,עין איברהים/כניסה,32.534699,35.148213,North,Periphery,4,458,0.0002643152329049601
41341,האופה/שדרות המקצועות,31.888199,34.965056,Jerusalem,Tel Aviv,4,1026,0.0003542969238843267
28840,אחת עשרה הנקודות/שדרות וייצמן,31.415902,34.589401,South,Periphery,4,1768,0.00011191557261182386
7676,מערת המכפלה,31.522902,35.110019,South,Periphery,4,448,0.0001101465979547962
35333,אום אל גנם,32.674691,35.391762,North,Periphery,4,178,0.00010968472222514465
43962,עין ח'אלד/עין אל מג'ארה,32.510399,35.150358,North,Periphery,4,568,8.636172727759287e-05
17097,כיכר מזרחית,32.716001,35.073203,North,Haifa,4,652,0.0003653712729040307
18580,המעוף/הר וגיא,32.960688,35.508723,North,Periphery,4,365,0.00010278894994499382
20556,מועצה מקומית,32.954757,35.215369,North,Periphery,4,763,0.0004934308751733824
39829,גפן/אשל,32.469883,35.037604,Center,Periphery,4,1086,3.837526514499394e-05
4816,בית ספר,32.586081,35.438697,North,Periphery,4,138,0.00016519702056560007
20128,איבטין טחנת קמח,32.763357,35.106344,North,Haifa,4,344,0.004023553416469729
2968,מרכז העיר 1,32.693353,35.047053,North,Haifa,4,1952,0.00016910882984390454
17861,אדמית מרכז,33.079481,35.211363,North,Periphery,4,110,0.00077040808486953
11205,הדקלים/המעיין,31.795112,35.120692,Jerusalem,Jerusalem,4,196,0.00017607784615101044
19573,גני ילדים מרכז,32.737826,35.155681,North,Haifa,4,446,6.607880822624003e-05
44061,קידמה/החלומות,32.462734,35.054249,Center,Periphery,4,1226,0.000802510343519486
35918,עין איברהים/יציאה,32.534618,35.148166,North,Periphery,4,326,0.0002643152329049601
19202,כנסייה קתולית ב,32.887264,35.409162,North,Periphery,4,20,6.414083291210132e-05
28215,בית ספר חאמד,31.253153,35.069517,South,Periphery,4,534,0.00022321038186978487
11448,מסוף חומת שמואל/אליהו קורן,31.719727,35.221274,Jerusalem,Jerusalem,4,5172,6.480919993036581e-05
18970,כפר גלעדי,33.242363,35.574841,North,Periphery,4,112,0.0002643152329049601
28441,התחנה לבריאות המשפחה,31.395319,34.769743,South,Beer Sheva,4,280,0.00018359858233264867
11441,אשר וינר/דרך חברון,31.744254,35.216682,Jerusalem,Jerusalem,4,1132,0.0036865702344523466
40345,אזור תעשייה שחורת/כביש 90,29.596033,34.978099,South,Periphery,4,808,0.0001839030377056141
49050,הרבי מלובאוויטש/דניאל כהנמן,31.065419,35.048824,South,Periphery,4,1252,0.00019314238946261625
47884,בית העלמין החדש,31.241834,34.751009,South,Beer Sheva,4,2398,0.0036920153249870055
34763,ארץ חמדה/יהודה המכבי,31.946249,35.222739,Center,Jerusalem,4,606,0.0002023220540656346
2412,הגפן/האלונים,32.749254,35.098135,North,Haifa,4,632,6.607880822624003e-05
35771,רפא''ל,32.860258,35.087302,North,Haifa,4,2696,0.0002671823195439007
25814,גלאון/מרכז,31.633532,34.849097,Center,Periphery,4,80,0.00019823642467872008
50832,האלון/הרימון,32.619844,35.074935,North,Haifa,4,242,0.004091020770251593
42452,הרבי מלובאוויטש/הרב עובדיה יוסף,31.067113,35.05076,South,Periphery,4,1252,5.9933484243262415e-05
11156,קיבוץ צובה,31.783427,35.118689,Jerusalem,Jerusalem,4,214,0.0011908947676805425
8907,מחסום ענאתא/דרך ענתות,31.810168,35.241198,Jerusalem,Jerusalem,4,368,5.814863733563487e-05
4698,רמת צבי,32.589748,35.415583,North,Periphery,4,138,0.00023676089089193122
43131,קיבוץ נווה איתן,32.492042,35.533063,Center,Periphery,4,120,0.00023136454424865603
5745,כפר חיטים,32.799196,35.500654,North,Periphery,4,86,0.00023154186925368852
11147,בית חולים,31.778627,35.096161,Jerusalem,Jerusalem,4,214,0.0007268668904886403
28442,התחנה לבריאות המשפחה,31.393944,34.770122,South,Beer Sheva,4,294,0.00023146096195241706
50627,אזור תעשייה/לח''י,32.103272,34.83687,Center,Tel Aviv,4,2246,0.00016519702056560007
47006,אשר וינר/לייב יפה,31.742757,35.220205,Jerusalem,Jerusalem,3,1126,0.00020800939129729098
43628,התן/חי בר,31.862374,35.152272,Jerusalem,Jerusalem,3,658,9.926554524510417e-05
42497,שדרות אריק שרון/שדרות קרן הידידות,31.73894,34.745344,Center,Periphery,3,588,9.260588680502934e-05
28740,מרכז מסחרי,31.202771,34.839607,South,Beer Sheva,3,194,9.931448081736919e-05
44006,אמרי סופר/שבט הלוי,31.7076,35.114676,Jerusalem,Jerusalem,3,1372,9.911821233936004e-05
29325,זיסמן/דרך בגין,32.084093,34.800513,Center,Tel Aviv,3,1450,3.5625643980445404e-05
1810,השקדים/ציפורנים,32.72392,35.133657,North,Haifa,3,752,3.58281185393023e-05
41142,עוזייר שכונה דרומית 1,32.789643,35.323548,North,Periphery,3,488,9.952159383101507e-05
4839,נעורה כיכר,32.614467,35.393232,North,Periphery,3,122,0.00020673499691133322
26431,הכשרת היישוב/הזורע,31.215998,34.812788,South,Beer Sheva,3,186,0.000103793339260328
26792,התעשייה/פלדה,31.247507,35.202591,South,Periphery,3,322,8.719099257588505e-05
6648,מגרש כדורגל,32.967149,35.321362,North,Periphery,3,202,0.00024607994091154455
38114,עין קיניא/כניסה צפונית,33.242478,35.730944,North,Periphery,3,96,0.00019829535784101772
38772,דוכיפת,32.81354,35.140809,North,Haifa,3,812,3.3039404113120015e-05
27709,גילת/כניסה ראשית,31.335418,34.648452,South,Beer Sheva,3,986,6.607880822624003e-05
38918,שכונת הרחבה חדשה,33.048076,35.175786,North,Periphery,3,78,0.00011452504034309301
9340,עין כרם/שד' הרצל,31.771048,35.180974,Jerusalem,Jerusalem,3,448,0.0003374565953544939
19281,מזרקה,32.891728,35.237305,North,Periphery,3,66,0.0003304492909708542
38168,מקלט ציבורי אלעריד,33.014857,35.34294,North,Periphery,3,132,0.00019823642467872008
5106,קיבוץ שלוחות,32.471512,35.481007,Center,Periphery,3,122,3.8305399535390266e-05
19697,כיכר מרכז האזרחי,32.736614,35.153712,North,Haifa,3,362,9.911821233936004e-05
51759,צומת איילת השחר,32.103046,34.841587,Center,Tel Aviv,3,1690,6.607880822624003e-05
37061,צים סנטר/התעשייה,31.247451,35.201052,South,Periphery,3,312,9.600196357883733e-05
17040,דרך קרית עמל/אליהו התשבי,32.711264,35.103788,North,Haifa,3,312,3.338712998403212e-05
43317,אמרי סופר/הרב אלישיב,31.707699,35.113676,Jerusalem,Jerusalem,3,1425,6.607880822624003e-05
7074,מכמנים מרכז,32.905334,35.328364,North,Periphery,3,74,3.3039404113120015e-05
49786,אהרון שמי/אהרונסון,31.698278,35.003309,Center,Periphery,3,818,3.438508850132878e-05
20874,הושעיה/ש.ג.מ. ציפורית,32.764176,35.301328,North,Periphery,3,88,3.4364254029194745e-05
41122,עלי בן אבי טאלב,32.51001,35.135987,North,Periphery,3,556,0.002253100088360207
5247,קיבוץ חוקוק,32.879412,35.496444,North,Periphery,3,74,3.432813652015003e-05
3703,צומת אלמחרקה,32.68726,35.065867,North,Haifa,3,1760,0.0003948394786727292
3500,שאגאל/הנרי מטיס,32.801061,35.140025,North,Haifa,3,1280,0.00023130345371166712
3516,שאגאל/סזאן,32.808574,35.136078,North,Haifa,3,1046,9.911821233936004e-05
24653,הדס/הכלנית,32.190505,34.884079,Center,Tel Aviv,3,20,3.3843242851649714e-05
3302,הרר/האורן,32.798225,35.136404,North,Haifa,3,1154,0.00037998077222070717
8744,שמואל הנביא/יקים,31.791505,35.224204,Jerusalem,Jerusalem,3,3800,3.3336937989877644e-05
41107,ניר עוז מרכז,31.309334,34.402856,South,Periphery,3,150,0.0002147561267352801
25826,שוק עירוני/דרך חברון,31.238831,34.796231,South,Beer Sheva,3,236,3.3330068940548915e-05
27927,מחנה אמיתי,31.204353,34.284683,South,Periphery,3,138,3.309465395277406e-05
10628,ככר השבת/שטראוס,31.787193,35.218668,Jerusalem,Jerusalem,3,6840,3.308638165535333e-05
27486,צבר/שדרות אבץ,31.597299,34.786303,Center,Periphery,3,196,0.00019823642467872008
15294,נירים/צמרות,31.957854,34.881945,Center,Tel Aviv,3,1844,3.306779463425237e-05
50069,חנה וסע מבואות אילת,29.57131,34.962341,South,Periphery,3,506,3.306702903294704e-05
40976,ב''ס אל אמל,32.954799,35.220013,North,Periphery,3,168,9.911821233936004e-05
5754,ראס אל חביה 2,32.881764,35.424018,North,Periphery,3,858,3.3039404113120015e-05
48822,אל תווחיד/דב יוסף,31.74796,35.198702,Jerusalem,Jerusalem,3,292,0.00042539602629484193
40666,משה שרת/משאבים,32.162665,34.89032,Center,Tel Aviv,3,152,9.887394060513654e-05
8588,אלמשאהד ג',31.732673,35.22574,Jerusalem,Jerusalem,3,110,0.0004373406081699224
8956,אל בוטמה,31.742886,35.200003,Jerusalem,Jerusalem,3,192,9.911821233936004e-05
27493,שד. ישראל פולק/כסלו,31.602709,34.78094,Center,Periphery,3,264,8.259851028280003e-05
15782,בית עלמין,31.859361,34.739002,Center,Tel Aviv,3,132,6.63359008680999e-05
9579,אורוגואי/מרקו ברוך,31.758318,35.176832,Jerusalem,Jerusalem,3,2520,0.00016790718037975791
190,חוף פולג/רמת פולג,32.27242,34.838508,Center,Tel Aviv,3,1366,6.622078534179962e-05
13752,שד' רוקח/דרך נמיר,32.100547,34.796071,Center,Tel Aviv,3,2596,3.3039404113120015e-05
25467,כיכר הטפטפת/דרך ג'ו יוסף אלון,31.241447,34.758239,South,Beer Sheva,3,2396,0.00017786690114172252
43629,התן/הלביא,31.861712,35.15346,Jerusalem,Jerusalem,3,568,6.611564145267606e-05
20210,קורנית,32.844825,35.250796,North,Periphery,3,68,6.609722483945805e-05
20437,מרכז מסחרי/שפירא,32.937777,35.077959,North,Haifa,3,1270,6.6092068187757e-05
28723,בית ספר אבו באכר,31.247452,34.852558,South,Beer Sheva,3,238,0.00013215761645248006
37803,קניון אושילנד/עתיר ידע,32.16545,34.928564,Center,Tel Aviv,3,734,9.911821233936004e-05
49031,שדרות ששת הימים/שדרות הבאבא סאלי,33.015659,35.11274,North,Periphery,3,542,4.1520125020105246e-05
41540,הכשרת הישוב/הבונים,31.219572,34.81243,South,Beer Sheva,3,184,0.00013320875044568276
38215,עין קיניא/יציאה צפונית,33.242676,35.730651,North,Periphery,3,106,0.0001338861471502281
26875,דרך הראל/בארי,31.323175,34.930304,South,Beer Sheva,3,330,0.00026682145417351904
26757,שד. חברון/פרג,31.327815,34.935746,South,Beer Sheva,3,632,0.0002939893462520805
3149,השיטה/מגרשי טניס,32.766176,35.039407,North,Haifa,3,913,0.00013954811463093877
34796,חרמש/מרכז,32.42377,35.11975,Center,Periphery,3,152,4.770396205460516e-05
39652,אל עזי א,31.722491,34.798497,Center,Periphery,3,78,3.3039404113120015e-05
35194,בית ספר א זהרא,31.389974,34.761058,South,Beer Sheva,3,198,0.00016703868188740163
50037,בית עלמין בית שאן/כביש 90,32.500798,35.511915,North,Periphery,3,316,0.0002764776330037378
17241,הארזים/האורנים,32.523086,34.995799,North,Periphery,3,70,0.00015969045321341304
38919,שכונת הרחבה חדשה בית 189,33.047751,35.173597,North,Periphery,3,78,4.90963385634489e-05
2201,בית אלפא/דגניה,32.832062,35.055898,North,Haifa,3,1420,4.948543971680796e-05
26668,הספרייה,30.610374,34.801868,South,Periphery,3,364,0.0001632123639221516
35564,בית ספר כפאר עקב,31.876014,35.21776,Jerusalem,Jerusalem,3,164,4.955910616968002e-05
35353,שדה אליהו,32.439373,35.514577,Center,Periphery,3,112,4.955910616968002e-05
23694,אזור תעשיה סנטרל פארק 2000/עתיר ידע,32.16336,34.930679,Center,Tel Aviv,3,696,6.607880822624003e-05
51802,קופות חולים/איילת השחר,32.103673,34.841875,Center,Tel Aviv,3,1744,3.3039404113120015e-05
27928,מחנה צאלים,31.180617,34.563052,South,Beer Sheva,3,256,3.3039404113120015e-05
37607,הנפח/מעלה כמון,32.922894,35.324792,North,Periphery,3,2074,3.3039404113120015e-05
8978,קיבוץ נחשון,31.829279,34.956473,Jerusalem,Periphery,3,124,5.6082787046632005e-05
3709,שאגאל/סרה,32.808513,35.136786,North,Haifa,3,1154,0.00016519702056560007
7401,חזון איש/ חתם סופר,31.695636,35.12329,Center,Jerusalem,3,1582,6.652060456310736e-05
23695,אזור תעשיה סנטרל פארק 2000/עתיר ידע,32.163437,34.930736,Center,Tel Aviv,3,720,6.607880822624003e-05
3159,מנחם בגין/שניאורסון,32.854742,35.091005,North,Haifa,3,1720,6.695698336488144e-05
27023,בסיס בינוי מרחב,31.24074,34.699379,South,Beer Sheva,3,106,3.3039404113120015e-05
2294,קופת חולים/ויצמן,32.819553,35.080837,North,Haifa,3,1370,5.405887931731777e-05
6554,מועצה מקומית,32.931894,35.318974,North,Periphery,3,270,0.00019823642467872008
4047,האילן/ההדס,32.519115,34.920462,North,Periphery,3,716,8.248581172458732e-05
35361,קיבוץ מעלה גלבוע,32.477325,35.41941,Center,Periphery,3,88,6.607880822624003e-05
41141,עוזייר שכונה דרומית 3,32.789778,35.323879,North,Periphery,3,488,0.00013175423496082503
4032,האילן/ההדס,32.519262,34.920769,North,Periphery,3,712,8.128636010182391e-05
37624,הנפח/מעלה כמון,32.922781,35.324035,North,Periphery,3,2074,3.3039404113120015e-05
6667,פקיעין חיילים משוחררים מגרש כדורגל,32.967004,35.320927,North,Periphery,3,200,0.00019574649857164437
27926,עין השלושה מרכז,31.351453,34.402511,South,Periphery,3,150,0.00013215761645248006
27316,כרמיה,31.604111,34.543461,Center,Periphery,3,74,7.52467235563806e-05
7413,חזו'א / חתם סופר,31.695557,35.123341,Center,Jerusalem,3,1566,7.601584330376851e-05
396,הגפן/השקד,32.3519,34.862727,Center,Periphery,3,1448,6.732287556926331e-05
26985,אוהד מרכז,31.238718,34.430949,South,Periphery,3,154,3.3039404113120015e-05
7873,מעלה מכמש,31.878271,35.306602,Center,Jerusalem,3,149,3.3039404113120015e-05
42498,שדרות אריק שרון/שדרות קרן הידידות,31.738927,34.74524,Center,Periphery,3,594,6.421298104267172e-05
35879,מרפאה/מחג'נה,32.521563,35.149198,North,Periphery,3,768,7.386106263594868e-05
41123,עלי בן אבי טאלב/כניסה מערבית,32.509789,35.133237,North,Periphery,3,562,0.0020991045507072936
395,הגפן/השקד,32.351844,34.862521,Center,Periphery,3,1442,6.483474088321675e-05
12404,ספריה עירונית/חטיבת הנגב,29.556118,34.950096,South,Periphery,3,264,7.145645928590052e-05
17095,שכונת זוחלוק,32.712203,35.075494,North,Haifa,2,328,6.607880822624003e-05
44855,א סאפא/אל ג'מעיה אל תחתא,31.737988,35.202656,Jerusalem,Jerusalem,2,100,6.607880822624003e-05
28715,בית ספר אלאנדלוס,31.254496,34.862228,South,Beer Sheva,2,194,6.607880822624003e-05
50882,נחל מירון/נחל משושים,32.957592,35.508501,North,Periphery,2,200,6.607880822624003e-05
48430,עין אבראהים ו,32.536046,35.14575,North,Periphery,2,186,6.607880822624003e-05
28836,בעלי המלאכה/הצורף,31.418142,34.5951,South,Periphery,2,1626,6.607880822624003e-05
44853,א סאפה/אל בוטמה,31.740997,35.200911,Jerusalem,Jerusalem,2,192,6.607880822624003e-05
13754,הרב קוסובסקי/בבלי,32.098062,34.797904,Center,Tel Aviv,2,838,6.607880822624003e-05
19870,דרך העמק/מעלה הבנים,32.659399,35.114692,North,Haifa,2,80,6.607880822624003e-05
38771,דוכיפת/סנונית,32.81474,35.139094,North,Haifa,2,762,3.3039404113120015e-05
42901,נמל תעופה רמון/צומת באר אורה,29.70868,34.998816,South,Periphery,2,222,6.607880822624003e-05
28981,שכונה 38,31.391816,34.775019,South,Beer Sheva,2,148,6.607880822624003e-05
36072,חבצלת/הארז,32.527087,34.939577,North,Periphery,2,120,6.607880822624003e-05
44443,המחצבה,32.940235,35.321433,North,Periphery,2,262,6.607880822624003e-05
38773,דוכיפת,32.812802,35.1414,North,Haifa,2,762,6.607880822624003e-05
17065,שכונת ח'אלת עלי 3,32.689677,35.046117,North,Haifa,2,192,6.607880822624003e-05
6943,גני ילדים מרכז,32.73814,35.156325,North,Haifa,2,246,6.607880822624003e-05
8615,בית ספר צור באהר בנות/אלמדינה אלמונוורה,31.738425,35.228765,Jerusalem,Jerusalem,2,26,6.607880822624003e-05
41682,בי''ס אל-קסטל,32.719884,35.297125,North,Periphery,2,252,3.3039404113120015e-05
50863,השופר/התן,31.859016,35.157808,Jerusalem,Jerusalem,2,568,3.3039404113120015e-05
36073,דרך העצמאות/נורית,32.527177,34.935407,North,Periphery,2,120,3.3039404113120015e-05
17128,שכונת ח'אלת עלי 2,32.688522,35.049337,North,Haifa,2,192,3.3039404113120015e-05
17127,שכונת ח'אלת עלי 2,32.688242,35.049966,North,Haifa,2,192,3.3039404113120015e-05
9570,רינגלבלום ב',31.757345,35.174304,Jerusalem,Jerusalem,2,624,3.3039404113120015e-05
13941,הרב קוסובסקי/שטיינמן,32.098737,34.80028,Center,Tel Aviv,2,838,3.3039404113120015e-05
51803,קופות חולים/איילת השחר,32.103479,34.842121,Center,Tel Aviv,2,1770,3.3039404113120015e-05
19730,בי''ס מקיף סעדיה,32.739347,35.15846,North,Haifa,2,218,3.3039404113120015e-05
51760,קרית חינוך/איילת השחר,32.103456,34.844077,Center,Tel Aviv,2,502,3.3039404113120015e-05
49228,ת.רכבת מלאכי-יואב/כביש 3836,31.7467,34.818335,Center,Periphery,2,108,3.3039404113120015e-05
39373,דרור/אנפה,31.330667,34.64904,South,Beer Sheva,2,20,3.3039404113120015e-05
28982,רפח/אלרמלה,31.391176,34.774592,South,Beer Sheva,2,150,3.3039404113120015e-05
8601,בית ספר אבו בקר צאדק/אלמדינה אלמונוורה,31.737472,35.229836,Jerusalem,Jerusalem,2,26,3.3039404113120015e-05
6968,מכון המים,32.710072,35.075771,North,Haifa,2,328,3.3039404113120015e-05
6967,מכון המים,32.710062,35.075881,North,Haifa,2,324,3.3039404113120015e-05
50377,חניון שפירים מערבי ב/הורדה,32.001207,34.842142,Center,Tel Aviv,2,1872,3.3039404113120015e-05
48994,עין ח'אלד ,32.516442,35.142955,North,Periphery,2,274,3.3039404113120015e-05
41321,שדרות המלאכות/החרט,31.889701,34.962461,Jerusalem,Tel Aviv,2,1098,3.3039404113120015e-05
48975,א-שאע'ור,32.516408,35.142818,North,Periphery,2,274,3.3039404113120015e-05
52008,שמעון מישורי,31.742444,35.225686,Jerusalem,Jerusalem,2,480,3.3039404113120015e-05
25791,הברזל/הקוצר,31.213963,34.809354,South,Beer Sheva,2,186,3.3039404113120015e-05
40006,מגרש משולב,32.890486,35.233424,North,Periphery,2,46,3.3039404113120015e-05
28835,בעלי המלאכה/טראסק,31.41738,34.591909,South,Periphery,2,1626,3.3039404113120015e-05
13940,שטיינמן/הרב קוסובסקי,32.098215,34.800718,Center,Tel Aviv,2,846,3.3039404113120015e-05
19645,מרפאת שיניים,32.791438,35.328651,North,Periphery,2,256,3.3039404113120015e-05
40685,דרך יריחו/אל עזרייה,31.768209,35.252736,Jerusalem,Jerusalem,2,124,3.3039404113120015e-05
42071,אמטיראת,31.24066,35.063808,South,Periphery,2,182,3.3039404113120015e-05
44535,יביע אומר/האדמו''ר מלעלוב,31.705858,35.109788,Jerusalem,Jerusalem,2,1372,3.3039404113120015e-05
28716,שכונה 7,31.256172,34.86386,South,Beer Sheva,2,194,3.3039404113120015e-05
6912,'דרך העמק א,32.661741,35.112965,North,Haifa,2,80,3.3039404113120015e-05
38206,שכונת שאלאקה/לדרום,33.23257,35.730925,North,Periphery,2,96,3.3039404113120015e-05
6965,גנים ציבוריים,32.683833,35.068647,North,Haifa,2,204,3.3039404113120015e-05
52005,שמעון מישורי,31.742228,35.22556,Jerusalem,Jerusalem,2,494,3.3039404113120015e-05
40020,רינגלבלום ב',31.757789,35.173813,Jerusalem,Jerusalem,2,618,3.3039404113120015e-05
6964,גנים ציבוריים,32.68391,35.068575,North,Haifa,2,196,3.3039404113120015e-05
34299,הצור/הברזל,32.785403,35.462899,North,Periphery,2,18,3.3039404113120015e-05
8885,חטיבת ביניים/טריק אלמדארס,31.798448,35.254648,Jerusalem,Jerusalem,2,178,3.3039404113120015e-05
10744,עיסאוויה כניסה מזרחית,31.797007,35.255622,Jerusalem,Jerusalem,2,180,3.3039404113120015e-05
42067,בית ספר אלירמוק,31.242033,35.066297,South,Periphery,2,184,3.3039404113120015e-05
7152,קרן היסוד/אצ''ל,32.960214,35.493494,North,Periphery,2,230,3.3039404113120015e-05
41769,שדרות המלאכות/האופה,31.889908,34.964406,Jerusalem,Tel Aviv,2,1026,3.3039404113120015e-05
188,החוף הירוק,32.270646,34.837567,Center,Tel Aviv,2,1239,3.3039404113120015e-05
51113,משה לוי/יעקב דורי,31.929681,34.84936,Center,Tel Aviv,2,280,3.3039404113120015e-05
40481,שכ' 5 מערב,31.395851,34.769683,South,Beer Sheva,2,144,3.3039404113120015e-05
43315,הרב אלישיב/באר יעקב,31.707123,35.111903,Jerusalem,Jerusalem,2,1398,3.3039404113120015e-05
44856,א סאפא/אבו ח'שבה,31.735994,35.203469,Jerusalem,Jerusalem,2,100,3.3039404113120015e-05
44854,א סאפא/אל ג'מעיה אל תחתא,31.738106,35.202719,Jerusalem,Jerusalem,2,192,3.3039404113120015e-05
41537,האילן/החרוב,32.520474,34.921274,North,Periphery,2,430,3.3039404113120015e-05
40957,צפון/מזרח,32.962309,35.217196,North,Periphery,2,146,3.3039404113120015e-05
11199,נבעה,31.793895,35.117203,Jerusalem,Jerusalem,2,112,3.3039404113120015e-05
50902,שלום הגליל/טניס,32.919014,35.092146,North,Haifa,2,978,3.3039404113120015e-05
22827,בית ספר עמל,32.272554,35.004924,Center,Tel Aviv,2,68,3.3039404113120015e-05
35387,קיבוץ מירב,32.451943,35.421986,Center,Periphery,2,88,3.3039404113120015e-05
48429,עין אבראהים ה,32.537569,35.145815,North,Periphery,2,186,3.3039404113120015e-05
40074,הקוצר/הברזל,31.213571,34.809946,South,Beer Sheva,2,184,3.3039404113120015e-05
50880,נחל מירון/נחל משושים,32.957759,35.507917,North,Periphery,2,200,3.3039404113120015e-05
48426,עין אבראהים ב,32.537408,35.146059,North,Periphery,2,314,3.3039404113120015e-05
39706,גנים מזרח 1,32.938534,35.326322,North,Periphery,2,260,3.3039404113120015e-05
50881,נחל דישון,32.956791,35.508836,North,Periphery,2,200,3.3039404113120015e-05
19646,מרפאת שיניים,32.791524,35.328614,North,Periphery,2,232,3.3039404113120015e-05
28983,רפח/אלרמלה,31.391117,34.773662,South,Beer Sheva,2,148,3.3039404113120015e-05
37164,בר לב א,32.910177,35.188552,North,Haifa,2,68,3.3039404113120015e-05
35611,בר לב יציאה,32.909955,35.182829,North,Haifa,2,70,3.3039404113120015e-05
34314,הרב שלום שבזי/אזור תעשייה ערבה,31.696193,35.124213,Center,Jerusalem,2,488,3.3039404113120015e-05
23248,התמר/מבוא התאנה,32.019798,34.842703,Center,Tel Aviv,2,48,3.3039404113120015e-05
44388,נמל תעופה רמון/כניסה,29.712895,35.001333,South,Periphery,2,222,3.3039404113120015e-05
19909,שכניה,32.848033,35.247297,North,Haifa,2,68,3.3039404113120015e-05
21708,אליהו/הזית,31.944668,34.847572,Center,Tel Aviv,2,194,3.3039404113120015e-05
2614,גיבורי התהילה/עבודת ישראל,32.749896,35.094751,North,Haifa,2,646,3.3039404113120015e-05
11089,חברת חשמל,31.774021,34.999652,Jerusalem,Periphery,2,8,3.3039404113120015e-05
47117,תיכון עתיד טייבה,32.27143,35.002217,Center,Tel Aviv,2,68,3.3039404113120015e-05
28719,בית הספר אנדלוס,31.255087,34.862928,South,Beer Sheva,2,238,3.3039404113120015e-05
37522,שגב שלום/מרכז מסחרי,31.196641,34.838514,South,Beer Sheva,2,192,3.3039404113120015e-05
34659,אוניברסיטת אריאל/רמת הגולן,32.105393,35.207381,Center,Periphery,2,288,3.3039404113120015e-05
39705,מסגד אלרחמן 2,32.938937,35.323804,North,Periphery,2,262,3.3039404113120015e-05
34501,אוניברסיטת אריאל/רמת הגולן,32.104936,35.207797,Center,Periphery,2,416,3.3039404113120015e-05
46932,דוכיפת/מעלה הכרמים,32.942729,35.077148,North,Haifa,2,246,3.3039404113120015e-05
42563,בי''ס חדשני ג',32.961163,35.21791,North,Periphery,2,144,3.3039404113120015e-05
40231,פיצריה,32.611772,35.390434,North,Periphery,2,82,3.3039404113120015e-05
27492,אזור תעשיה/שדרות ישראל פולק,31.604848,34.784593,Center,Periphery,2,196,6.607880822624003e-05
28738,מרכז מסחרי,31.195826,34.83831,South,Beer Sheva,2,155,3.3039404113120015e-05
41538,האילן/החרוב,32.521122,34.921225,North,Periphery,2,412,3.3039404113120015e-05
11200,נבעה,31.79412,35.117202,Jerusalem,Jerusalem,2,84,3.3039404113120015e-05
50742,אליהו/הזית,31.944685,34.846967,Center,Tel Aviv,2,208,3.3039404113120015e-05
28687,זיקים,31.60827,34.52155,Center,Periphery,2,74,3.3039404113120015e-05
25466,שכונה 31,31.386307,34.757709,South,Beer Sheva,2,122,3.3039404113120015e-05
28331,שכונה 31,31.386331,34.757831,South,Beer Sheva,2,122,3.3039404113120015e-05
38183,שכונת חיילים משוחררים א,33.013702,35.337341,North,Periphery,2,132,3.3039404113120015e-05
46701,דוכיפת/מעלה הכרמים,32.942541,35.076593,North,Haifa,2,244,3.3039404113120015e-05
25139,הזית/הרימון,32.020525,34.83748,Center,Tel Aviv,2,44,3.3039404113120015e-05
9870,צומת כרם,31.771176,35.155415,Jerusalem,Jerusalem,2,434,3.3039404113120015e-05
39886,חיילים משוחררים טו,32.964778,35.324274,North,Periphery,2,160,3.3039404113120015e-05
40011,שכונה בדווית,32.889691,35.233857,North,Periphery,2,46,3.3039404113120015e-05
39374,דרור/קנריות,31.330637,34.64874,South,Beer Sheva,2,20,3.3039404113120015e-05
42618,התן/השופר,31.859513,35.157944,Jerusalem,Jerusalem,2,658,3.3039404113120015e-05
34313,הרב שלום שבזי/אזור תעשייה ערבה,31.696209,35.124446,Center,Jerusalem,2,488,3.3039404113120015e-05
39883,חיילים משוחררים יא,32.966387,35.322872,North,Periphery,2,160,3.3039404113120015e-05
27495,שד. ישראל פולק/כסלו,31.602202,34.780865,Center,Periphery,2,196,3.3039404113120015e-05
19727,תיכון,32.739499,35.160279,North,Haifa,2,246,3.3039404113120015e-05
38208,עין קיניא/כיכר לצפון,33.234847,35.73099,North,Periphery,2,106,3.3039404113120015e-05
52010,פרופ' יעקב נאמן/הרב אברהם זקן,31.742465,35.223722,Jerusalem,Jerusalem,2,494,9.911821233936004e-05
13756,הכנסת הגדולה/תוספתא,32.09776,34.79889,Center,Tel Aviv,2,846,6.607880822624003e-05
9578,עין כרם/מדרגות הכפר,31.76855,35.165512,Jerusalem,Jerusalem,2,448,0.00016519702056560007
8889,קסילה/מחגרת עתמה,31.800138,35.250343,Jerusalem,Jerusalem,2,180,0.00016519702056560007
9304,צ'ילה/סירני,31.761179,35.172362,Jerusalem,Jerusalem,2,624,0.00016519702056560007
27487,שד. אבץ/שד. הפלטינה,31.600817,34.787281,Center,Periphery,2,196,0.00016519702056560007
8925,אל בטמה/רחוב שרפאת,31.745508,35.19882,Jerusalem,Jerusalem,2,100,0.00016519702056560007
8892,מסגד ארבעין/קסילה,31.798896,35.248602,Jerusalem,Jerusalem,2,178,0.00016519702056560007
6514,רחוב 6/רחוב 1,32.938008,35.316967,North,Periphery,2,260,0.00016519702056560007
8600,דרך סור באהר,31.736978,35.230176,Jerusalem,Jerusalem,2,26,0.00016519702056560007
41108,נירים,31.335259,34.396617,South,Periphery,2,150,0.00016519702056560007
40018,כנסייה היסטורית אורתודוכסית,32.887816,35.242408,North,Periphery,2,46,0.00016519702056560007
42076,בית ספר תיכון חמאד,31.250654,35.068574,South,Periphery,2,182,0.00016519702056560007
38557,צומת דאליה הצעירה,32.686092,35.073562,North,Haifa,2,204,0.00016519702056560007
28711,מרכז פיס קהילתי,31.247752,34.854844,South,Beer Sheva,2,194,0.00016519702056560007
38214,דרך דהור/כניסה,33.240336,35.730588,North,Periphery,2,96,0.00016519702056560007
3515,שאגאל/קדנדינסקי,32.806157,35.140606,North,Haifa,2,1280,0.00016519702056560007
19466,הגורן/הגיא,32.647202,35.117867,North,Haifa,2,80,0.00016519702056560007
40013,שעב מרכז דרום,32.8881,35.240723,North,Periphery,2,46,0.00016519702056560007
46215,בלאל בן רבאח/מחמוד דרוויש,32.27505,35.005526,Center,Tel Aviv,2,68,0.00016519702056560007
6555,נחף דואר,32.934638,35.318485,North,Periphery,2,262,0.00016519702056560007
46204,אל נג'אח/מרכז אלטפל,32.262163,35.002068,Center,Tel Aviv,2,68,0.0037925699932123916
46702,אלבלדיה/סמיח אלקסם,32.264053,35.002199,Center,Tel Aviv,2,68,0.003759751588457888
40015,שכונה מזרחית,32.889138,35.244143,North,Periphery,2,46,0.00019757342660287153
38170,חיילים משוחררים ד,33.015586,35.339614,North,Periphery,2,132,0.00016519702056560007
13736,הרב הרצוג/הזוהר,32.095035,34.796248,Center,Tel Aviv,2,838,0.00016519702056560007
19460,מעלה הרקפות/הציפורנים,32.653523,35.112054,North,Haifa,2,80,0.00019823642467872008
46427,ח'אלד אבן אלואליד/אלרוק,32.274232,35.013308,Center,Periphery,2,68,0.0001646445221690596
8610,בית ספר צור באהר בנות/אלמדינה אלמונוורה,31.738344,35.228717,Jerusalem,Jerusalem,2,26,0.00013215761645248006
38558,מצפה כרמל,32.685934,35.070288,North,Haifa,2,196,0.00013215761645248006
6556,קופת חולים כללית,32.936223,35.318392,North,Periphery,2,262,0.00013215761645248006
42066,מסגד אבו בכר 2,31.247698,35.068205,South,Periphery,2,182,0.00013215761645248006
38171,חיילים משוחררים ג,33.015915,35.336074,North,Periphery,2,132,0.00013215761645248006
38555,בי''ס טכנולוגי,32.683408,35.073417,North,Haifa,2,204,0.00013215761645248006
44640,א-סהיל/עולש,32.71698,35.073636,North,Haifa,2,324,0.00013215761645248006
19465,דרך העמק/נתיב הנוטרים,32.650226,35.118173,North,Haifa,2,80,0.00013215761645248006
6513,בית ספר א,32.93907,35.317342,North,Periphery,2,260,0.00013215761645248006
13737,הרב הרצוג/בבלי,32.095304,34.798421,Center,Tel Aviv,2,838,0.00013215761645248006
8924,אל בוטמה,31.742831,35.199829,Jerusalem,Jerusalem,2,100,0.00013215761645248006
17125,קופת חולים מכבי,32.6924,35.046495,North,Haifa,2,192,0.00013215761645248006
25463,שכונה 27,31.389007,34.757221,South,Beer Sheva,2,122,0.00013215761645248006
43038,שדרות אבץ,31.604352,34.787731,Center,Periphery,2,196,0.00013215761645248006
28712,בית ספר קהילתי חטיבת ביניים,31.247745,34.856442,South,Beer Sheva,2,194,0.00013215761645248006
52009,יצחק ארנסט נבנצל/הרב אברהם זקן,31.743605,35.22253,Jerusalem,Jerusalem,2,480,0.00013215761645248006
44958,בי''ס עיסאוויה/סירת אל חג'ה,31.799541,35.252076,Jerusalem,Jerusalem,2,180,0.00013215761645248006
13735,הרב הרצוג/הזוהר,32.095288,34.797115,Center,Tel Aviv,2,846,0.00013215761645248006
8890,קסילה/אום אלעסאפיר,31.799791,35.249508,Jerusalem,Jerusalem,2,178,0.00013215761645248006
36119,דרך ניל''י/ההגנה,32.521485,34.942256,North,Periphery,2,120,0.00013215761645248006
38211,שלאלי/כניסה,33.238152,35.731367,North,Periphery,2,96,0.00013215761645248006
38559,מצפה כרמל,32.685698,35.069933,North,Haifa,2,204,0.00019823642467872008
8598,אום טובא 9,31.735416,35.231918,Jerusalem,Jerusalem,2,26,0.00019823642467872008
11915,עין כרם/דרך כרמית,31.766357,35.165901,Jerusalem,Jerusalem,2,448,0.00013215761645248006
8906,עיסוויה כניסה מערבית,31.798572,35.243378,Jerusalem,Jerusalem,2,178,0.0002643152329049601
8596,אום טובא 6,31.732664,35.231458,Jerusalem,Jerusalem,2,26,0.0002643152329049601
46528,הבנקים/מכללת עמל,32.269578,35.005018,Center,Tel Aviv,2,68,0.0036284779694398727
46371,בי''ס אבן רושד,32.268514,35.010312,Center,Tel Aviv,2,68,0.0035956595646853685
46600,ח'אלד אבן אלואליד/אלראזי,32.269611,35.01147,Center,Tel Aviv,2,68,0.0035628411599308647
40003,מרכז,32.890496,35.241613,North,Periphery,2,46,0.0035628411599308647
8896,צומת זהרה א,31.798839,35.245343,Jerusalem,Jerusalem,2,180,0.0002973546370180801
8833,תחנת דלק/לוחמי הגטאות,31.800369,35.241982,Jerusalem,Jerusalem,2,178,0.0002973546370180801
8595,אום טובא 4,31.729896,35.233433,Jerusalem,Jerusalem,2,26,0.0002973546370180801
47120,ביטוח לאומי/ח'אלד אבן אלואליד,32.273139,35.013309,Center,Periphery,2,68,0.0002973546370180801
19590,מרכז,32.890497,35.241861,North,Periphery,2,46,0.0002973546370180801
3513,שאגאל/ואן גוך,32.800734,35.138874,North,Haifa,2,1154,0.0002973546370180801
46782,ח'אלד אבן אלואליד/מוחמד דווריש,32.272421,35.012658,Center,Periphery,2,68,0.0035300227551763605
8898,עיסוויה כניסה מערבית,31.79843,35.243702,Jerusalem,Jerusalem,2,180,0.00033039404113120014
33948,הבנקים/אלבלדיה,32.269355,35.005139,Center,Tel Aviv,2,68,0.00033039404113120014
8594,אום טובא 3,31.728309,35.233766,Jerusalem,Jerusalem,2,26,0.00033039404113120014
52006,יצחק ארנסט נבנצל/אשר וינר,31.742637,35.221153,Jerusalem,Jerusalem,2,494,0.0034972043504218576
11314,2 אום טובא,31.728372,35.232058,Jerusalem,Jerusalem,2,26,0.0003634334452443202
47288,אלבלדיה/נדאא אלסלאם,32.269295,35.003871,Center,Tel Aviv,2,68,0.0003634334452443202
46710,עיריית טייבה/אלבלאדיה,32.266824,35.002876,Center,Tel Aviv,2,68,0.00039647284935744016
46344,אלבלדיה/סמיח אלקסם,32.264864,35.002448,Center,Tel Aviv,2,68,0.0004295122534705602
46590,אל נג'אח/אל טבל,32.262062,35.002334,Center,Tel Aviv,2,68,0.00046255165758368017
3499,שאגאל/פיקסו,32.801778,35.140572,North,Haifa,2,1154,0.0002643152329049601
40014,תחנה לבריאות המשפחה,32.890605,35.244399,North,Periphery,2,46,0.0002643152329049601
3514,שאגאל/רנואר,32.802886,35.140823,North,Haifa,2,1280,0.00019823642467872008
47070,ח'אלד אבן אלואליד/עין גאלות,32.276241,35.012828,Center,Periphery,2,68,0.0002643152329049601
8891,קסילה/אום אלעסאפיר,31.799536,35.248987,Jerusalem,Jerusalem,2,180,0.00019823642467872008
9341,עין כרם/ברקלי,31.769691,35.168234,Jerusalem,Jerusalem,2,448,0.00019823642467872008
46917,פרדיסיה/ח'אלד אבן אלואליד,32.279409,35.010369,Center,Periphery,2,68,0.00019823642467872008
6518,נחף מסגד,32.934119,35.316174,North,Periphery,2,260,0.00019823642467872008
35658,שאגאל/דגה,32.807649,35.138998,North,Haifa,2,1154,0.00019823642467872008
40017,כנסייה היסטורית אורתודוכסית,32.887712,35.242773,North,Periphery,2,46,0.00019823642467872008
8894,בית ספר אלאמל לחינוך מיוחד/ראס אל ג'אמע,31.799044,35.246769,Jerusalem,Jerusalem,2,178,0.00019823642467872008
22873,באר,32.264605,35.002281,Center,Tel Aviv,2,68,0.003726933183703384
46773,עיריית טייבה/אלבלאדיה,32.266551,35.002707,Center,Tel Aviv,2,68,0.0036941147789488803
46873,אלבלדיה/אלבריד,32.268653,35.003763,Center,Tel Aviv,2,68,0.0036612963741943765
40016,שכונה מזרחית,32.889544,35.244359,North,Periphery,2,46,0.00023127582879184009
38566,מוחרקה 1,32.686306,35.067352,North,Haifa,2,204,0.00023127582879184009
3518,שאגאל/קנדינסקי,32.805472,35.140752,North,Haifa,2,1154,0.00023127582879184009
8897,צומת זהרה ב,31.79857,35.245247,Jerusalem,Jerusalem,2,178,0.00023127582879184009
6517,נחף מרכז,32.933031,35.317587,North,Periphery,2,260,0.00023127582879184009
47194,בית אבות/ח'אלד אבן אלואליד,32.279237,35.011632,Center,Periphery,2,68,0.00023127582879184009
8893,מסגד ארבעין/קסילה,31.798895,35.247965,Jerusalem,Jerusalem,2,180,0.00023127582879184009
6910,כיכר הגיבורים/הציפורנים,32.658467,35.108808,North,Haifa,2,80,0.00023127582879184009
8597,אום טובא 7,31.733533,35.230589,Jerusalem,Jerusalem,2,26,0.00023127582879184009
8895,קופת חולים/ראס אל ג'אמע,31.799135,35.246721,Jerusalem,Jerusalem,2,180,0.0002643152329049601
18864,מועצה מקומית,32.931531,35.319117,North,Periphery,2,260,0.0002643152329049601
11720,צ'ילה/קורצ'אק,31.76027,35.170854,Jerusalem,Jerusalem,2,624,0.00013215761645248006
35957,ניסן/גרונולד,31.757918,35.175948,Jerusalem,Jerusalem,2,618,0.00013215761645248006
11044,מאפיות אנגל,31.774219,34.995483,Jerusalem,Periphery,2,8,6.607880822624003e-05
47148,בלאל בן רבאח/עין גאלות,32.276705,35.006588,Center,Periphery,2,68,6.607880822624003e-05
17124,קופת חולים מכבי,32.692494,35.046445,North,Haifa,2,192,6.607880822624003e-05
25142,הרימון/מבוא הגפן,32.016531,34.840302,Center,Tel Aviv,2,48,6.607880822624003e-05
43630,התן/הלביא,31.861131,35.154857,Jerusalem,Jerusalem,2,658,6.607880822624003e-05
46864,בלאל בן רבאח/מוסא חסן,32.27106,35.004267,Center,Tel Aviv,2,68,6.607880822624003e-05
21707,אליהו/סביון,31.945769,34.842572,Center,Tel Aviv,2,194,6.607880822624003e-05
28722,תיכון מקיף עמל,31.248437,34.857283,South,Beer Sheva,2,238,6.607880822624003e-05
52013,שמעון מישורי/פרופ' יעקב נאמן,31.743668,35.225676,Jerusalem,Jerusalem,2,494,6.607880822624003e-05
10697,עין כרם/ההדסים,31.768272,35.16214,Jerusalem,Jerusalem,2,441,6.607880822624003e-05
2405,הגפן/האלונים,32.749346,35.098047,North,Haifa,2,646,6.607880822624003e-05
34500,מעונות סטודנטים/רמת הגולן,32.10606,35.205953,Center,Periphery,2,288,6.607880822624003e-05
43316,הרב אלישיב/אמרי סופר,31.707479,35.11277,Jerusalem,Jerusalem,2,1372,6.607880822624003e-05
40010,שכונה בדווית,32.889543,35.233612,North,Periphery,2,46,6.607880822624003e-05
11203,מרכז מסחרי,31.795261,35.118822,Jerusalem,Jerusalem,2,84,6.607880822624003e-05
52007,פרופ' יעקב נאמן/שמעון מישורי,31.74394,35.225095,Jerusalem,Jerusalem,2,480,6.607880822624003e-05
39704,מסגד אלרחמן 1,32.939485,35.323318,North,Periphery,2,260,6.607880822624003e-05
50884,נחל מירון/נחל השופט,32.958686,35.505679,North,Periphery,2,200,6.607880822624003e-05
8884,חטיבת ביניים/טריק אלמדארס,31.798379,35.255058,Jerusalem,Jerusalem,2,180,6.607880822624003e-05
38212,שלאלי/יציאה,33.238342,35.731481,North,Periphery,2,106,6.607880822624003e-05
15676,ישיבת מאור יצחק,32.017986,34.839661,Center,Tel Aviv,2,44,6.607880822624003e-05
40229,נאעורה מערב,32.614216,35.387212,North,Periphery,2,82,6.607880822624003e-05
38173,כפר ילדים דרוזי,33.014364,35.335203,North,Periphery,2,132,6.607880822624003e-05
42068,טיפת חלב כסיפה 2,31.243964,35.066512,South,Periphery,2,184,6.607880822624003e-05
28980,שכונה 38,31.391985,34.775116,South,Beer Sheva,2,150,6.607880822624003e-05
4443,עין קיניא/כיכר לדרום,33.234773,35.730884,North,Periphery,2,96,6.607880822624003e-05
40963,סנובר אלג'או/דרב סאפר,32.955357,35.220923,North,Periphery,2,144,6.607880822624003e-05
42244,הקוצר/הכשרת היישוב,31.213573,34.81216,South,Beer Sheva,2,184,6.607880822624003e-05
21706,סביון/שדרות נעמי שמר,31.945639,34.84315,Center,Tel Aviv,2,208,6.607880822624003e-05
48425,עין אבראהים א,32.535955,35.146347,North,Periphery,2,314,6.607880822624003e-05
26432,הקוצר/הכשרת היישוב,31.213483,34.812264,South,Beer Sheva,2,186,6.607880822624003e-05
18827,בר לב/כניסה,32.910811,35.182307,North,Haifa,2,68,6.607880822624003e-05
40319,מועצה אזורית,32.791031,35.32681,North,Periphery,2,256,6.607880822624003e-05
6984,דליה הצעירה/כניסה,32.682199,35.068137,North,Haifa,2,204,6.607880822624003e-05
19647,מפעל חומרי בנין,32.790839,35.32503,North,Periphery,2,232,6.607880822624003e-05
38565,אל-סנדיאן,32.681366,35.071213,North,Haifa,2,196,6.607880822624003e-05
28739,מועצה מקומית,31.198807,34.838266,South,Beer Sheva,2,160,6.607880822624003e-05
41683,שכונת בלאל,32.721449,35.293907,North,Periphery,2,258,6.607880822624003e-05
39290,רינגלבלום א,31.759005,35.172047,Jerusalem,Jerusalem,2,624,6.607880822624003e-05
39291,רינגלבלום א,31.75889,35.172073,Jerusalem,Jerusalem,2,618,6.607880822624003e-05
28597,מרכז פיס,31.386902,34.758728,South,Beer Sheva,2,122,6.607880822624003e-05
25468,מרכז פיס,31.386714,34.758564,South,Beer Sheva,2,122,6.607880822624003e-05
40959,בי''ס חדשני ג',32.961247,35.217868,North,Periphery,2,146,6.607880822624003e-05
17184,אלרוגמה,32.714053,35.07455,North,Haifa,2,324,6.607880822624003e-05
40007,מסגד בילאל,32.889808,35.236625,North,Periphery,2,46,6.607880822624003e-05
34499,מעונות סטודנטים/רמת הגולן,32.106246,35.203356,Center,Periphery,2,416,6.607880822624003e-05
39884,חיילים משוחררים יב,32.966051,35.323763,North,Periphery,2,160,6.607880822624003e-05
42074,בית ספר אלירמוק,31.242021,35.066482,South,Periphery,2,182,6.607880822624003e-05
8887,בית ספר יסודי/סיירת אלח'גה,31.798979,35.253471,Jerusalem,Jerusalem,2,178,6.607880822624003e-05
13755,תוספתא/ירושלמי,32.096607,34.799045,Center,Tel Aviv,2,846,9.911821233936004e-05
40012,שעב מרכז דרום,32.888325,35.24031,North,Periphery,2,46,0.00013215761645248006
6557,בית ספר א,32.939184,35.317673,North,Periphery,2,262,9.911821233936004e-05
50877,נחל מירון/נחל השופט,32.958379,35.506165,North,Periphery,2,200,9.911821233936004e-05
28713,תיכון מקיף עמל,31.250257,34.858192,South,Beer Sheva,2,194,9.911821233936004e-05
42065,טיפת חלב כסיפה,31.247078,35.067796,South,Periphery,2,184,9.911821233936004e-05
8616,בית ספר אבן רשד/אלמדינה אלמונוורה,31.738676,35.226704,Jerusalem,Jerusalem,2,26,9.911821233936004e-05
52012,פרופ' יעקב נאמן/הרב אברהם זקן,31.742587,35.223657,Jerusalem,Jerusalem,2,480,9.911821233936004e-05
35847,קורצ'אק/רינגלבלום,31.75939,35.174383,Jerusalem,Jerusalem,2,618,9.911821233936004e-05
8959,א סאפה/אל בוטמה,31.741692,35.200588,Jerusalem,Jerusalem,2,100,9.911821233936004e-05
39703,המחצבה/תחילת המגרשים,32.940649,35.319908,North,Periphery,2,260,9.911821233936004e-05
9537,קורצ'אק/רינגלבלום,31.759534,35.173688,Jerusalem,Jerusalem,2,624,9.911821233936004e-05
8888,קסילה/מחגרת עתמה,31.799904,35.250885,Jerusalem,Jerusalem,2,178,9.911821233936004e-05
38554,אל-סנדיאן,32.681667,35.071594,North,Haifa,2,204,9.911821233936004e-05
8886,בית ספר יסודי/סיירת אלח'גה,31.799093,35.253155,Jerusalem,Jerusalem,2,180,9.911821233936004e-05
38210,עין קיניא/מרכז לדרום,33.235728,35.730173,North,Periphery,2,96,9.911821233936004e-05
28837,בעלי המלאכה/החרש,31.41921,34.598363,South,Periphery,2,1626,9.911821233936004e-05
52004,הרב אברהם זקן/יצחק ארנסט נבנצל,31.743439,35.22311,Jerusalem,Jerusalem,2,494,0.0001317156177352477
40004,טיפת חלב,32.889603,35.23839,North,Periphery,2,46,0.00013215761645248006
25144,הרימון/כביש 412,32.01356,34.841646,Center,Tel Aviv,2,44,0.00013215761645248006
35657,שאגאל/דה גויה,32.807874,35.13884,North,Haifa,2,1280,0.00013215761645248006
46824,בלאל בן רבאח/אלאח'ווה,32.273602,35.005085,Center,Tel Aviv,2,68,0.00013215761645248006
47168,בית אבות/ח'אלד אבן אלואליד,32.279248,35.01145,Center,Periphery,2,68,0.00013215761645248006
42069,בית ספר תיכון חמאד,31.251397,35.068466,South,Periphery,2,184,0.00013215761645248006
11555,עין כרם/המעיין,31.76689,35.16297,Jerusalem,Jerusalem,2,448,9.911821233936004e-05
28334,בית ספר אל רחמה,31.388304,34.755919,South,Beer Sheva,2,122,9.911821233936004e-05
28706,מועצה מקומית,31.247663,34.854762,South,Beer Sheva,2,238,9.911821233936004e-05
46997,פרדיסיה/ח'אלד אבן אלואליד,32.279395,35.011293,Center,Periphery,2,68,9.911821233936004e-05
17185,אלרוגמה,32.714642,35.074137,North,Haifa,2,328,9.911821233936004e-05
40075,הכשרת הישוב/החורש,31.216835,34.812557,South,Beer Sheva,2,184,9.911821233936004e-05
17067,שכונת ח'אלת עלי 4,32.691321,35.0451,North,Haifa,2,192,9.911821233936004e-05
22961,בית ספר עמל,32.272649,35.004837,Center,Tel Aviv,2,68,9.911821233936004e-05
22332,הרימון/מבוא הגפן,32.01621,34.84034,Center,Tel Aviv,2,44,9.911821233936004e-05
13753,בבלי/הכנסת הגדולה,32.09712,34.798081,Center,Tel Aviv,2,838,9.911821233936004e-05
34498,רמת הגולן/הגלבוע,32.105895,35.202004,Center,Periphery,2,288,9.911821233936004e-05
40005,טיפת חלב,32.889477,35.238954,North,Periphery,2,46,9.911821233936004e-05
19462,דרך העמק/נחל קרת,32.653633,35.116997,North,Haifa,2,80,9.911821233936004e-05
40008,מסגד בילאל,32.889795,35.23711,North,Periphery,2,46,9.911821233936004e-05
38774,מחלף טל,32.809528,35.136376,North,Haifa,2,762,9.911821233936004e-05
38182,חיילים משוחררים ב,33.015297,35.334364,North,Periphery,2,132,9.911821233936004e-05
40936,מרכז פיס,32.958646,35.217125,North,Periphery,2,146,9.911821233936004e-05
27489,שד. אבץ/שד. ישראל פולק,31.605687,34.785888,Center,Periphery,2,196,9.911821233936004e-05
39882,חיילים משוחררים י,32.96661,35.322396,North,Periphery,2,160,9.911821233936004e-05
38556,בי''ס טכנולוגי,32.683173,35.073391,North,Haifa,2,196,9.911821233936004e-05
44641,א-סהיל,32.71748,35.07629,North,Haifa,2,324,9.911821233936004e-05
38213,דרך דהור/יציאה,33.24053,35.730729,North,Periphery,2,106,9.911821233936004e-05
40228,גני ילדים,32.614892,35.388201,North,Periphery,2,82,9.911821233936004e-05
36078,חרצית/האשל,32.52387,34.942914,North,Periphery,2,120,9.911821233936004e-05
42077,מסגד אבו בכר,31.245207,35.067056,South,Periphery,2,182,9.911821233936004e-05
42809,מחלף העמקים/ג'למה,32.723242,35.098942,North,Haifa,2,78,3.3039404113120015e-05
