community_id,label,size,share_of_component,internal_edges,external_edges,internal_weight,external_weight,external_weight_ratio,boundary_stations,boundary_share,centroid_lat,centroid_lon,dominant_region,dominant_region_share,dominant_metro,dominant_metro_share,hub_stop_id,hub_stop_name
0,Beer Sheva / South,1334,0.04412,1961,189,460039,8474,0.0181,89,0.0667,31.2603,34.8176,South,0.9985,Beer Sheva,0.964,26846,דואר/יצחק רגר
1,Periphery / North,854,0.02824,1346,86,117010,3682,0.0305,46,0.0539,33.0783,35.6298,North,0.9977,Periphery,1.0,20480,ת. מרכזית ק''ש/הורדה
2,Periphery / North,842,0.02785,1245,41,118114,1839,0.0153,31,0.0368,33.0238,35.2142,North,1.0,Periphery,0.9299,18015,הרב קוק/ז'בוטינסקי
3,Tel Aviv / Center,820,0.02712,1302,178,428022,8913,0.0204,78,0.0951,32.3186,34.895,Center,1.0,Tel Aviv,0.728,333,הרצל/עולי הגרדום
4,Periphery / North,820,0.02712,1204,109,266644,7493,0.0273,48,0.0585,32.5881,35.2629,North,0.8829,Periphery,0.972,4565,היכל התרבות/חטיבה תש''ע
5,Periphery / North,812,0.02685,1200,126,145515,9953,0.064,64,0.0788,32.828,35.3156,North,0.9988,Periphery,0.7389,18563,סח'נין עיריה
6,Periphery / Center,788,0.02606,1321,249,179560,11934,0.0623,110,0.1396,31.6714,34.7765,Center,0.9226,Periphery,0.9454,27522,מלכי ישראל/יציאה צפונית
7,Tel Aviv / Center,775,0.02563,1381,193,300406,14250,0.0453,102,0.1316,31.9574,34.8895,Center,0.9884,Tel Aviv,0.9935,23115,בי''ס חב''ד ב' לבנים/יוספטל
8,Periphery / North,741,0.02451,1147,50,313605,6100,0.0191,36,0.0486,32.7171,35.3127,North,1.0,Periphery,0.9946,21145,מרכז רסקו
9,Jerusalem,665,0.02199,1042,170,467392,31527,0.0632,71,0.1068,31.7385,35.1739,Jerusalem,0.8241,Jerusalem,0.991,8733,אצטדיון טדי/א''ס ביתר
10,Tel Aviv / Center,662,0.02189,1068,131,165503,8348,0.048,54,0.0816,32.1994,34.9405,Center,1.0,Tel Aviv,0.9562,745,קניון ערים/וייצמן
11,Jerusalem,659,0.02179,931,138,467706,37367,0.074,75,0.1138,31.7528,35.2287,Jerusalem,0.9666,Jerusalem,1.0,9574,ככר הדוידקה/הנביאים
12,Tel Aviv / Center,643,0.02127,1135,160,376034,18499,0.0469,80,0.1244,31.9636,34.7926,Center,1.0,Tel Aviv,1.0,25135,שדרות משה דיין/הנחשול
13,Periphery / South,638,0.0211,985,89,152749,2968,0.0191,50,0.0784,31.4823,34.5998,South,0.8636,Periphery,0.8903,27220,שדרות ירושלים/יוסף סמלו
14,Tel Aviv / Center,597,0.01974,968,96,205602,7784,0.0365,50,0.0838,32.1688,34.8482,Center,1.0,Tel Aviv,1.0,24237,מרכז מסחרי מול הפארק/דרך ירושלים
15,Jerusalem,574,0.01898,1071,596,602254,95972,0.1375,179,0.3118,31.7963,35.1108,Jerusalem,0.8728,Jerusalem,0.7474,10775,גשר המיתרים/שד' הרצל
16,Periphery / North,571,0.01888,939,66,208208,3818,0.018,36,0.063,32.7547,35.5295,North,0.993,Periphery,0.9982,5266,גן העיר/הגליל
17,Tel Aviv / Center,563,0.01862,958,179,449031,26980,0.0567,72,0.1279,32.0873,34.8835,Center,1.0,Tel Aviv,1.0,22099,ת. רק''ל בלינסון/קניון אבנת
18,Periphery / North,559,0.01849,877,65,164527,4673,0.0276,37,0.0662,32.9342,35.3136,North,1.0,Periphery,1.0,18041,נשיאי ישראל/בית הכרם
19,Periphery / North,550,0.01819,825,61,153934,5345,0.0336,46,0.0836,32.5467,34.9625,North,0.6364,Periphery,0.7073,1456,בית ספר אלונים/הבנים
20,Periphery / Center,543,0.01796,944,116,327126,7520,0.0225,39,0.0718,31.7905,34.6506,Center,1.0,Periphery,0.9632,43374,המשנה
21,Periphery / Jerusalem,517,0.0171,819,66,412384,7386,0.0176,45,0.087,31.7237,34.9872,Jerusalem,0.9516,Periphery,0.9923,10848,שד.נחל הקישון/נחל שחם
22,Periphery / Center,515,0.01703,773,65,187413,4680,0.0244,28,0.0544,31.667,34.5753,Center,0.9981,Periphery,1.0,25840,בן גוריון/נאות אשקלון
23,Periphery / Center,514,0.017,823,115,242346,10151,0.0402,64,0.1245,32.4458,34.956,Center,0.9767,Periphery,0.9981,1170,הנשיא וייצמן/הבנים
24,Tel Aviv / Center,512,0.01693,1019,488,721219,113323,0.1358,208,0.4062,32.1037,34.7982,Center,0.9746,Tel Aviv,0.9277,13103,קניון עזריאלי/דרך מנחם בגין
25,Tel Aviv / Center,512,0.01693,879,225,398699,47803,0.1071,113,0.2207,32.0626,34.8373,Center,1.0,Tel Aviv,1.0,12837,אלוף שדה/הירדן
26,Tel Aviv / Center,476,0.01574,827,81,176011,7243,0.0395,54,0.1134,31.8826,34.8127,Center,1.0,Tel Aviv,0.9895,15558,משטרה/הרצל
27,Haifa / North,466,0.01541,663,99,316819,14554,0.0439,57,0.1223,32.8392,35.0793,North,1.0,Haifa,1.0,2360,קריון/ד. עכו חיפה
28,Haifa / North,462,0.01528,675,129,403021,30276,0.0699,80,0.1732,32.8093,34.9955,North,1.0,Haifa,1.0,3731,העירייה
29,Haifa / North,441,0.01458,647,69,103752,5659,0.0517,37,0.0839,32.9412,35.14,North,1.0,Haifa,0.737,20534,ת.מרכזית עכו/דרך הארבעה
30,Periphery / South,437,0.01445,670,16,58152,846,0.0143,15,0.0343,29.9396,35.0279,South,0.9588,Periphery,1.0,12226,צומת אילות
31,Tel Aviv / Center,436,0.01442,691,110,494295,40193,0.0752,69,0.1583,32.0293,34.7578,Center,1.0,Tel Aviv,1.0,24020,שד' ירושלים/שמחה הולצברג
32,Haifa / North,407,0.01346,632,132,296580,21596,0.0679,67,0.1646,32.7822,35.0082,North,0.9975,Haifa,0.9975,2092,טרומפלדור/כיכר דוד
33,Haifa / North,404,0.01336,625,47,89384,1962,0.0215,30,0.0743,32.824,35.186,North,1.0,Haifa,1.0,18815,כיכר אלמעסרה
34,Haifa / North,387,0.0128,599,201,199966,18442,0.0844,88,0.2274,32.7569,35.0802,North,1.0,Haifa,1.0,3870,ת. מרכזית המפרץ/הורדה
35,Tel Aviv / Center,385,0.01273,679,109,151476,6434,0.0407,42,0.1091,32.1075,34.9611,Center,1.0,Tel Aviv,1.0,16516,שכונת נווה אפק/ה' באייר
36,Tel Aviv / Center,383,0.01267,695,117,131134,7726,0.0556,36,0.094,31.9027,35.0032,Center,0.5222,Tel Aviv,0.6658,41599,שדרות החשמונאים/לב העיר
37,Tel Aviv / Center,372,0.0123,868,337,543561,63104,0.104,116,0.3118,32.0931,34.8303,Center,1.0,Tel Aviv,1.0,13120,דרך זאב ז'בוטינסקי/מכון מור
38,Periphery / Center,351,0.01161,631,69,94622,3038,0.0311,28,0.0798,32.1434,35.1375,Center,1.0,Periphery,0.7464,34450,דרך תא''ל אורי בראון/האצ''ל
39,Jerusalem,335,0.01108,471,99,290453,17961,0.0582,32,0.0955,31.8691,35.2513,Jerusalem,0.7881,Jerusalem,0.8925,10659,שדרות נווה יעקב/אחימאיר
40,Periphery / North,332,0.01098,461,38,119384,5971,0.0476,29,0.0873,32.6818,35.2595,North,1.0,Periphery,0.9819,4780,שדרות הבנים/נוף העמק
41,Jerusalem,331,0.01095,560,246,446487,56479,0.1123,83,0.2508,31.8241,35.1934,Jerusalem,0.9909,Jerusalem,0.9879,10716,צומת רמות/גולדה
42,Jerusalem / Center,322,0.01065,415,81,134997,8985,0.0624,51,0.1584,31.7919,35.2906,Center,0.5217,Jerusalem,0.9752,43847,האוניברסיטה העברית הר הצופים/מרטין בובר
43,Periphery / South,320,0.01058,501,40,97657,1970,0.0198,16,0.05,31.0471,35.0059,South,1.0,Periphery,0.9875,12757,מסוף אגד/קניון פרץ סנטר
44,Jerusalem / Center,317,0.01048,498,73,324459,5665,0.0172,18,0.0568,31.7012,35.0965,Center,0.5552,Jerusalem,0.9085,7378,רבי עקיבא/אור החיים
45,Tel Aviv / Center,316,0.01045,547,103,272427,7428,0.0265,33,0.1044,31.9469,35.0459,Center,1.0,Tel Aviv,0.519,36929,שדרות בית הלל/שדרות אביי ורבא
46,Haifa / North,307,0.01015,402,62,254900,15551,0.0575,35,0.114,32.7922,34.9683,North,1.0,Haifa,1.0,3521,מת''מ
47,Beer Sheva / South,300,0.00992,466,38,94788,1726,0.0179,24,0.08,31.2875,34.5534,South,1.0,Beer Sheva,0.7167,27590,דוד בוזגלו/טייסים
48,Periphery / North,295,0.00976,548,44,88832,1833,0.0202,19,0.0644,32.982,35.4921,North,1.0,Periphery,1.0,5619,מרכז רסקו/חיים וייצמן
49,Beer Sheva / South,286,0.00946,387,13,30465,427,0.0138,8,0.028,31.3893,34.7558,South,1.0,Beer Sheva,1.0,28424,שכונה 24
50,Tel Aviv / Center,281,0.00929,451,232,295201,44444,0.1309,99,0.3523,32.1471,34.8052,Center,0.9929,Tel Aviv,0.8861,13067,דרך נמיר/יהודה המכבי
51,Tel Aviv / Center,279,0.00923,444,90,209078,24942,0.1066,44,0.1577,32.0145,34.7898,Center,1.0,Tel Aviv,1.0,24850,דרך השבעה/קפלן
52,Tel Aviv / Center,264,0.00873,425,63,60210,2970,0.047,32,0.1212,31.8752,34.7415,Center,1.0,Tel Aviv,0.9924,16159,שד. הסנהדרין/שד. ירושלים
53,Periphery / South,248,0.0082,408,47,73761,2001,0.0264,22,0.0887,31.2552,35.1581,South,1.0,Periphery,0.9355,28242,חברון/נתיב גפן
54,Periphery / Center,235,0.00777,331,23,41684,1493,0.0346,19,0.0809,32.3571,35.4817,Center,0.8213,Periphery,1.0,20739,מסוף בית שאן/שדרות מנחם בגין
55,Tel Aviv / Center,212,0.00701,395,32,31710,1363,0.0412,21,0.0991,32.2701,34.9058,Center,1.0,Tel Aviv,1.0,37117,כביש 553/דרך רבין
56,Periphery / Center,211,0.00698,292,27,31904,1223,0.0369,15,0.0711,32.406,35.0336,Center,1.0,Periphery,1.0,1624,אלקודס/אלמקריזי
57,Haifa / North,209,0.00691,276,38,145101,7527,0.0493,17,0.0813,32.8049,35.11,North,1.0,Haifa,1.0,3932,הדשנים
58,Haifa / North,209,0.00691,307,46,66707,3433,0.0489,23,0.11,32.6444,35.0945,North,1.0,Haifa,0.9952,19457,התמר / הפעמונית
59,Haifa / North,186,0.00615,266,37,33585,1030,0.0298,27,0.1452,32.7163,35.13,North,1.0,Haifa,1.0,1806,אלונים/כיכר בן גוריון
60,Tel Aviv / Center,175,0.00579,249,55,55887,5563,0.0905,36,0.2057,32.0233,34.8709,Center,1.0,Tel Aviv,1.0,15856,מרכז מסחרי/העצמאות
61,Haifa / North,165,0.00546,199,14,62526,1657,0.0258,9,0.0545,32.7041,35.0567,North,1.0,Haifa,1.0,2968,מרכז העיר 1
62,Periphery / South,157,0.00519,223,17,13716,634,0.0442,13,0.0828,30.8261,34.7326,South,1.0,Periphery,0.9299,26640,צומת משאבי שדה
63,Jerusalem,155,0.00513,205,25,54921,2471,0.0431,12,0.0774,31.7941,35.1331,Jerusalem,1.0,Jerusalem,1.0,11534,הראל/יצחק נסים
64,Periphery / North,131,0.00433,157,13,28960,917,0.0307,9,0.0687,32.5221,35.1495,North,1.0,Periphery,1.0,4109,אל מדינה/א שאפעי
65,Periphery / North,130,0.0043,166,20,35862,1587,0.0424,16,0.1231,32.5045,34.9146,North,0.6385,Periphery,1.0,1176,שדרות דוד המלך/גלפנשטיין
66,Jerusalem,110,0.00364,124,13,24100,1522,0.0594,10,0.0909,31.8409,35.2247,Jerusalem,0.9909,Jerusalem,1.0,9261,צומת נווה יעקב/דרך רמאללה
67,Tel Aviv / Center,108,0.00357,177,68,44503,2022,0.0435,12,0.1111,32.0505,34.9563,Center,1.0,Tel Aviv,1.0,23421,רבי יהודה הנשיא/חוני המעגל
68,Periphery / Center,107,0.00354,146,13,16988,926,0.0517,11,0.1028,31.7892,34.7186,Center,1.0,Periphery,1.0,16129,מועצה מקומית/הרצל
69,Jerusalem,91,0.00301,127,79,120349,13495,0.1008,28,0.3077,31.811,35.2633,Jerusalem,0.7692,Jerusalem,0.9011,10226,יגאל ידין/דרוק
70,Periphery / South,60,0.00198,81,16,15882,837,0.0501,10,0.1667,31.4929,35.1074,South,0.9333,Periphery,1.0,40779,הרצי''ה קוק/יוני נתניהו
71,Jerusalem,39,0.00129,39,2,3460,146,0.0405,2,0.0513,31.7424,35.2016,Jerusalem,1.0,Jerusalem,1.0,8926,אל תווחיד/אל בטמה
72,Jerusalem,27,0.00089,28,2,4158,198,0.0455,2,0.0741,31.8218,35.1249,Jerusalem,1.0,Jerusalem,1.0,11221,קיבוץ מעלה החמישה
