stop_id,stop_name,lat,lon,region,metro
37314,באר שבע צפון,31.262089,34.809287,דרום,באר שבע
37338,לוד,31.947694,34.879159,מרכז,תל אביב
37336,רמלה,31.928809,34.877304,מרכז,תל אביב
37292,תל אביב ההגנה,32.053978,34.784839,מרכז,תל אביב
37306,נתב''ג,32.00036,34.870481,מרכז,תל אביב
37358,תל אביב מרכז,32.083715,34.798247,מרכז,תל אביב
37376,חוף הכרמל,32.7936,34.957404,צפון,חיפה
37396,פאתי מודיעין,31.893133,34.960682,ירושלים,תל אביב
37380,חיפה מרכז,32.822306,34.997177,צפון,חיפה
41293,קרית מוצקין,32.833133,35.07003,צפון,חיפה
40581,כפר ברוך,32.647554,35.207967,צפון,פריפריה
37384,עכו,32.928339,35.082984,צפון,חיפה
41291,אחיהוד,32.91159,35.174068,צפון,חיפה
40582,עפולה,32.622003,35.294721,צפון,פריפריה
37734,לוחמי הגטאות/בר כוכבא,31.800798,35.240211,ירושלים,ירושלים
41133,מחלף חמד,31.801002,35.12454,ירושלים,ירושלים
9048,בן גוריון/שערי ירושלים,31.791535,35.196465,ירושלים,ירושלים
9553,גשר המיתרים/שד' הרצל,31.787322,35.199369,ירושלים,ירושלים
3149,השיטה/מגרשי טניס,32.766176,35.039407,צפון,חיפה
2356,קניון לב המפרץ/ההסתדרות,32.793209,35.038917,צפון,חיפה
48898,ביג שער העיר,32.786913,35.029253,צפון,חיפה
17505,שדרות ההסתדרות/צומת הקריות,32.789491,35.028864,צפון,חיפה
37221,מחנה נבטים,31.172342,35.042848,דרום,פריפריה
26792,התעשייה/פלדה,31.247507,35.202591,דרום,פריפריה
26841,מואב/לשם,31.261248,35.227576,דרום,פריפריה
26842,מואב/לשם,31.26135,35.228355,דרום,פריפריה
15294,נירים/צמרות,31.957854,34.881945,מרכז,תל אביב
15255,תחנת רכבת לוד/יוספטל,31.946838,34.879725,מרכז,תל אביב
24787,צומת צריפין לצפון,31.969932,34.843347,מרכז,תל אביב
12975,מחלף לה גווארדייה,32.059454,34.786354,מרכז,תל אביב
25398,אזור/מר. שפינוזה,32.023651,34.803576,מרכז,תל אביב
24404,וייצמן/רוטשילד,32.175091,34.909718,מרכז,תל אביב
14355,מחלף מורשה,32.123726,34.854708,מרכז,תל אביב
13734,יהודה המכבי/דרך נמיר,32.094212,34.793079,מרכז,תל אביב
24763,צומת חולון,32.037572,34.779659,מרכז,תל אביב
49329,הרכבת/ראש פינה,32.059633,34.782976,מרכז,תל אביב
25975,שדרות הפלמח/חטיבת כרמלי,31.804129,34.660742,מרכז,פריפריה
43422,שדרות מנחם בגין/שדרות הרצל,31.789241,34.640667,מרכז,פריפריה
11865,ירמיהו/הצבי,31.790679,35.202098,ירושלים,ירושלים
49466,מסוף הר נוף/כנפי נשרים,31.787451,35.180456,ירושלים,ירושלים
8614,שדרות גולדה מאיר/המשורר אצ''ג,31.825302,35.188624,ירושלים,ירושלים
11292,שפע חיים/דורש טוב,31.79731,35.212587,ירושלים,ירושלים
43905,מצודת אדומים,31.796492,35.25755,ירושלים,ירושלים
10775,גשר המיתרים/שד' הרצל,31.787162,35.199533,ירושלים,ירושלים
48481,שדרות שז''ר/בנייני האומה,31.787719,35.202632,ירושלים,ירושלים
2394,מחלף העמקים/ג'למה,32.723751,35.099955,צפון,חיפה
13339,עזרא/דמשק אליעזר,32.076564,34.836184,מרכז,תל אביב
50332,ת.רק''ל אבא הלל/דרך ז'בוטינסקי,32.083005,34.802272,מרכז,תל אביב
29325,זיסמן/דרך בגין,32.084093,34.800513,מרכז,תל אביב
13214,מתחם מידטאון/דרך מנחם בגין,32.080071,34.795266,מרכז,תל אביב
13187,דבורה הנביאה/ראול ולנברג,32.115126,34.840063,מרכז,תל אביב
13219,שד' רוקח/בכור שטרית,32.107454,34.814433,מרכז,תל אביב
13328,לה גווארדייה/המעפילים,32.059392,34.788682,מרכז,תל אביב
13322,המסגר/הרכב,32.06366,34.78558,מרכז,תל אביב
47432,הרכבת/המסגר,32.059556,34.783556,מרכז,תל אביב
13632,המסגר/ריב''ל,32.062018,34.785025,מרכז,תל אביב
29310,המסגר/יד חרוצים,32.061291,34.784847,מרכז,תל אביב
13321,המסגר/לה גווארדייה,32.059809,34.784515,מרכז,תל אביב
14339,ת. רכבת תל אביב - סבידור/על פרשת דרכים,32.081153,34.797682,מרכז,תל אביב
13246,בית ספר הולץ/חיל השריון,32.046238,34.783261,מרכז,תל אביב
13946,ת. רכבת האוניברסיטה/שד' רוקח,32.102783,34.80697,מרכז,תל אביב
13733,יהודה המכבי/דרך נמיר,32.094067,34.792836,מרכז,תל אביב
13736,הרב הרצוג/הזוהר,32.095035,34.796248,מרכז,תל אביב
50374,חניון שפירים מערבי א/הורדה,32.00027,34.843703,מרכז,תל אביב
13356,דרך קיבוץ גלויות/כביש 1,32.046861,34.784605,מרכז,תל אביב
13239,ביה''ח איכילוב/ויצמן,32.080816,34.788879,מרכז,תל אביב
50631,אזור תעשייה/לח''י,32.103059,34.837738,מרכז,תל אביב
49372,דבורה הנביאה/ראול ולנברג,32.114229,34.841026,מרכז,תל אביב
13268,מחלף לה גווארדייה,32.059174,34.786171,מרכז,תל אביב
18421,הפלמ''ח,32.966725,35.495154,צפון,פריפריה
5623,צומת צפת דרום/אזור התעשיה,32.96144,35.488363,צפון,פריפריה
18409,אצ''ל/דרך הרב חיים חורי,32.958462,35.492895,צפון,פריפריה
7152,קרן היסוד/אצ''ל,32.960214,35.493494,צפון,פריפריה
24722,אנה פרנק/הקוממיות,32.00356,34.75357,מרכז,תל אביב
12990,בית הדר דפנה/שד' שאול המלך,32.077609,34.791101,מרכז,תל אביב
13206,קריית הממשלה/דרך מנחם בגין,32.07238,34.789654,מרכז,תל אביב
14356,חזון אי''ש/נחמיה,32.080495,34.834343,מרכז,תל אביב
10238,שדרות משה דיין/שדרות נווה יעקב,31.836708,35.233878,ירושלים,ירושלים
10169,גן החיות התנ''כי,31.745642,35.17734,ירושלים,ירושלים
37834,גן החיות התנ''כי,31.745478,35.177038,ירושלים,ירושלים
14057,אהרונוביץ/ קניון בני ברק,32.091581,34.83946,מרכז,תל אביב
15826,צומת חמד,32.012415,34.843015,מרכז,תל אביב
13752,שד' רוקח/דרך נמיר,32.100547,34.796071,מרכז,תל אביב
12936,קמפוס ברושים/שלום רוזנפלד,32.106714,34.802794,מרכז,תל אביב
43629,התן/הלביא,31.861712,35.15346,ירושלים,ירושלים
9340,עין כרם/שד' הרצל,31.771048,35.180974,ירושלים,ירושלים
27529,שדרות מלכי ישראל/נתן אלבז,31.619137,34.760932,מרכז,פריפריה
27530,שד. מלכי ישראל/רחבת גדעון בן יואש,31.618977,34.761053,מרכז,פריפריה
28638,משה סנה,31.778838,34.662757,מרכז,פריפריה
23543,יסודות/מזכירות,31.815141,34.864194,מרכז,פריפריה
22099,ת. רק''ל בלינסון/קניון אבנת,32.091717,34.865871,מרכז,תל אביב
38356,שלום הגליל/טניס,32.919167,35.091918,צפון,חיפה
35879,מרפאה/מחג'נה,32.521563,35.149198,צפון,פריפריה
35917,עין איברהים/כניסה,32.534699,35.148213,צפון,פריפריה
41123,עלי בן אבי טאלב/כניסה מערבית,32.509789,35.133237,צפון,פריפריה
48425,עין אבראהים א,32.535955,35.146347,צפון,פריפריה
35918,עין איברהים/יציאה,32.534618,35.148166,צפון,פריפריה
47975,ת. מרכזית חדרה/רציפים,32.435961,34.914024,מרכז,פריפריה
8781,משרד המשפטים/צלאח א דין,31.787402,35.229997,ירושלים,ירושלים
8947,חטיבת ירושלים/ יצחק קריב,31.775198,35.227051,ירושלים,ירושלים
11302,מעלה הזיתים,31.772301,35.240996,ירושלים,ירושלים
22203,מבוא רעות/יפה נוף,31.885412,35.022417,ירושלים,פריפריה
22182,עירייה,31.908118,35.007695,מרכז,תל אביב
48462,הרטום/גולדה מאיר,31.80069,35.213748,ירושלים,ירושלים
10356,שדרות גולדה מאיר/בנימין מינץ,31.826368,35.188677,ירושלים,ירושלים
24713,ת. רכבת מודיעין מרכז,31.901335,35.004985,מרכז,תל אביב
22252,קניון עזריאלי,31.899117,35.007414,ירושלים,תל אביב
16205,בי''ח בלינסון/גשר מבצע ארנון,32.091161,34.86787,מרכז,תל אביב
23299,ת. רכבת קרית אריה,32.105041,34.863442,מרכז,תל אביב
27623,מרכז רפואי סורוקה/אוניברסיטת בן גוריון,31.25922,34.798363,דרום,באר שבע
324,שד. בנימין/שד. ירושלים,32.324201,34.856548,מרכז,תל אביב
7604,צומת חטיבה שבע,31.834668,34.976697,ירושלים,פריפריה
3367,סחרוב,32.790898,34.958675,צפון,חיפה
3549,מחלף עתלית,32.710025,34.950357,צפון,חיפה
12838,אלוף שדה/הירדן,32.059276,34.826633,מרכז,תל אביב
21507,הרצל/סוקולוב,31.957388,34.802287,מרכז,תל אביב
15860,רוז'נסקי/משה לוי,31.986113,34.772754,מרכז,תל אביב
25353,תחנת רכבת קוממיות,32.001109,34.760742,מרכז,תל אביב
24765,הרצל/שדרות תש''ח,31.955339,34.802324,מרכז,תל אביב
5238,דוד אלעזר/לח''י,32.963282,35.489648,צפון,פריפריה
25826,שוק עירוני/דרך חברון,31.238831,34.796231,דרום,באר שבע
26659,השוק העירוני/שדרות דוד חכם,31.23819,34.798108,דרום,באר שבע
48914,רכבת/מסוף ביג,31.774616,34.664572,מרכז,פריפריה
52008,שמעון מישורי,31.742444,35.225686,ירושלים,ירושלים
52007,פרופ' יעקב נאמן/שמעון מישורי,31.74394,35.225095,ירושלים,ירושלים
52012,פרופ' יעקב נאמן/הרב אברהם זקן,31.742587,35.223657,ירושלים,ירושלים
52009,יצחק ארנסט נבנצל/הרב אברהם זקן,31.743605,35.22253,ירושלים,ירושלים
47006,אשר וינר/לייב יפה,31.742757,35.220205,ירושלים,ירושלים
44681,חונים נוסעים ראשון לציון/דרך ההצלחה,31.972627,34.751512,מרכז,תל אביב
750,צומת רכבת ראש העין צפון,32.123156,34.93743,מרכז,תל אביב
39624,שדרות מנחם בגין/הגדוד העיברי,31.791343,34.636819,מרכז,פריפריה
3437,גרנד קניון/שמחה גולן,32.789085,35.008567,צפון,חיפה
3368,סחרוב,32.790059,34.959315,צפון,חיפה
3228,מת''מ/ההגנה,32.789609,34.962117,צפון,חיפה
2753,מרכז דאליית אל כרמל,32.693534,35.046956,צפון,חיפה
17124,קופת חולים מכבי,32.692494,35.046445,צפון,חיפה
17054,מסעף עוקף דליה,32.687855,35.064731,צפון,חיפה
38566,מוחרקה 1,32.686306,35.067352,צפון,חיפה
35772,רפא''ל,32.860432,35.0872,צפון,חיפה
2471,איינשטיין/אסף שמחוני,32.813598,35.115717,צפון,חיפה
35771,רפא''ל,32.860258,35.087302,צפון,חיפה
3431,נווה גנים,32.857868,35.092598,צפון,חיפה
35837,נווה גנים,32.85817,35.091366,צפון,חיפה
3500,שאגאל/הנרי מטיס,32.801061,35.140025,צפון,חיפה
3514,שאגאל/רנואר,32.802886,35.140823,צפון,חיפה
3515,שאגאל/קדנדינסקי,32.806157,35.140606,צפון,חיפה
35657,שאגאל/דה גויה,32.807874,35.13884,צפון,חיפה
3516,שאגאל/סזאן,32.808574,35.136078,צפון,חיפה
38772,דוכיפת,32.81354,35.140809,צפון,חיפה
38771,דוכיפת/סנונית,32.81474,35.139094,צפון,חיפה
38773,דוכיפת,32.812802,35.1414,צפון,חיפה
38774,מחלף טל,32.809528,35.136376,צפון,חיפה
3709,שאגאל/סרה,32.808513,35.136786,צפון,חיפה
35658,שאגאל/דגה,32.807649,35.138998,צפון,חיפה
3518,שאגאל/קנדינסקי,32.805472,35.140752,צפון,חיפה
3499,שאגאל/פיקסו,32.801778,35.140572,צפון,חיפה
3513,שאגאל/ואן גוך,32.800734,35.138874,צפון,חיפה
3302,הרר/האורן,32.798225,35.136404,צפון,חיפה
50229,מבצע קדש/יהודה לייב פינסקר,32.096764,34.882581,מרכז,תל אביב
12164,דרך הערבה/יותם,29.553942,34.954454,דרום,פריפריה
21321,כביש 44/דרך חיים הרצוג,31.973523,34.840538,מרכז,תל אביב
1359,דרך אהרון/דרך שרה,32.566511,34.956423,צפון,פריפריה
1340,ספרייה/הדגן,32.569477,34.95541,צפון,פריפריה
16940,צומת זכרון יעקב/כביש 4,32.571108,34.937372,צפון,פריפריה
5266,גן העיר/הגליל,32.787223,35.539636,צפון,פריפריה
34304,לשם/הברקת,32.78565,35.466494,צפון,פריפריה
41341,האופה/שדרות המקצועות,31.888199,34.965056,ירושלים,תל אביב
1542,הרימון/רויטל,32.519883,35.009102,צפון,פריפריה
40551,ביר באקה/אלמליאת,32.412525,35.041796,מרכז,פריפריה
359,הרצל/בנימין מינץ,32.326176,34.863338,מרכז,תל אביב
17225,מרכז רפואי שהם/דרך הנדיב,32.48604,34.9704,מרכז,פריפריה
1248,דרך העצמאות/הנביאים,32.520151,34.940139,צפון,פריפריה
36119,דרך ניל''י/ההגנה,32.521485,34.942256,צפון,פריפריה
36078,חרצית/האשל,32.52387,34.942914,צפון,פריפריה
36072,חבצלת/הארז,32.527087,34.939577,צפון,פריפריה
36073,דרך העצמאות/נורית,32.527177,34.935407,צפון,פריפריה
22633,שדה תעופה בן גוריון/טרמינל 1,31.994437,34.896552,מרכז,תל אביב
43374,המשנה,31.780039,34.660266,מרכז,פריפריה
11962,גילת/בטחה,31.332982,34.643427,דרום,באר שבע
42618,התן/השופר,31.859513,35.157944,ירושלים,ירושלים
43630,התן/הלביא,31.861131,35.154857,ירושלים,ירושלים
43628,התן/חי בר,31.862374,35.152272,ירושלים,ירושלים
395,הגפן/השקד,32.351844,34.862521,מרכז,פריפריה
396,הגפן/השקד,32.3519,34.862727,מרכז,פריפריה
8399,תחנת דלק/כוכב יעקב,31.872953,35.260453,ירושלים,ירושלים
8302,שדרות אדם/437,31.853,35.266306,ירושלים,ירושלים
25968,אלי כהן/יצחק בן צבי,31.668214,34.572132,מרכז,פריפריה
25938,בן גוריון/נאות אשקלון,31.661191,34.577653,מרכז,פריפריה
23193,הפקולטה לחקלאות,31.905694,34.806199,מרכז,תל אביב
50065,תרמ''ג/דרך יצחק רבין,31.923357,34.79499,מרכז,תל אביב
11441,אשר וינר/דרך חברון,31.744254,35.216682,ירושלים,ירושלים
11448,מסוף חומת שמואל/אליהו קורן,31.719727,35.221274,ירושלים,ירושלים
10628,ככר השבת/שטראוס,31.787193,35.218668,ירושלים,ירושלים
19581,צומת אחיהוד,32.911913,35.167244,צפון,חיפה
41796,ת. רכבת אחיהוד/רציפים,32.911279,35.174612,צפון,חיפה
18177,מסעף נחף,32.928028,35.321077,צפון,פריפריה
15782,בית עלמין,31.859361,34.739002,מרכז,תל אביב
16237,מד''א/המכבים,32.096558,34.887575,מרכז,תל אביב
28799,משה סנה/מנחם בגין,31.778962,34.663846,מרכז,פריפריה
13737,הרב הרצוג/בבלי,32.095304,34.798421,מרכז,תל אביב
13753,בבלי/הכנסת הגדולה,32.09712,34.798081,מרכז,תל אביב
13754,הרב קוסובסקי/בבלי,32.098062,34.797904,מרכז,תל אביב
13941,הרב קוסובסקי/שטיינמן,32.098737,34.80028,מרכז,תל אביב
23259,בר כוכבא/ליברכט,32.092024,34.885384,מרכז,תל אביב
43324,בר כוכבא/ת.מרכזית פתח תקווה,32.095071,34.885777,מרכז,תל אביב
20848,חיים משה שפירא/דוכיפת,32.942029,35.079543,צפון,חיפה
5373,יהודה הלוי/דנילוף סנטר,32.790549,35.533043,צפון,פריפריה
17623,צומת נהריה,33.005573,35.10031,צפון,פריפריה
49031,שדרות ששת הימים/שדרות הבאבא סאלי,33.015659,35.11274,צפון,פריפריה
5048,קהילת ציון/שפרינצק,32.607536,35.292173,צפון,פריפריה
51803,קופות חולים/איילת השחר,32.103479,34.842121,מרכז,תל אביב
15604,החרושת/מעלה המגדל,32.021376,34.863737,מרכז,תל אביב
8439,צומת חטיבה שבע/לטרון,31.835052,34.978365,ירושלים,פריפריה
15836,מסעף צפריה,32.013734,34.846019,מרכז,תל אביב
9579,אורוגואי/מרקו ברוך,31.758318,35.176832,ירושלים,ירושלים
24243,מוסד חינוכי כפר בתיה/דרך ירושלים,32.188751,34.854732,מרכז,תל אביב
24239,בית לוינשטיין/אחוזה,32.184719,34.855067,מרכז,תל אביב
24237,מרכז מסחרי מול הפארק/דרך ירושלים,32.184316,34.85359,מרכז,תל אביב
24653,הדס/הכלנית,32.190505,34.884079,מרכז,תל אביב
25139,הזית/הרימון,32.020525,34.83748,מרכז,תל אביב
15676,ישיבת מאור יצחק,32.017986,34.839661,מרכז,תל אביב
22332,הרימון/מבוא הגפן,32.01621,34.84034,מרכז,תל אביב
25144,הרימון/כביש 412,32.01356,34.841646,מרכז,תל אביב
4671,אורט יגאל אלון/מעלה יצחק,32.708282,35.334618,צפון,פריפריה
18429,מרכז מסחרי/שדרות מעלה יצחק,32.716644,35.337651,צפון,פריפריה
21186,מרכז מסחרי/שדרות מעלה יצחק,32.718034,35.337673,צפון,פריפריה
7561,צומת חשמונאים דרום,31.929869,35.02517,מרכז,תל אביב
8871,יצחק הנדיב/ואדי ג'וז,31.794711,35.236274,ירושלים,ירושלים
9341,עין כרם/ברקלי,31.769691,35.168234,ירושלים,ירושלים
9578,עין כרם/מדרגות הכפר,31.76855,35.165512,ירושלים,ירושלים
11915,עין כרם/דרך כרמית,31.766357,35.165901,ירושלים,ירושלים
11555,עין כרם/המעיין,31.76689,35.16297,ירושלים,ירושלים
10697,עין כרם/ההדסים,31.768272,35.16214,ירושלים,ירושלים
9870,צומת כרם,31.771176,35.155415,ירושלים,ירושלים
50250,אברהם בר/דוד סחרוב,31.98812,34.775305,מרכז,תל אביב
26122,בית רסקו/יצחק רגר,31.247534,34.797811,דרום,באר שבע
49447,בית הספר לרפואה,31.76408,35.151156,ירושלים,ירושלים
49434,צומת אורה,31.756985,35.159869,ירושלים,ירושלים
49468,קריית מנחם,31.75994,35.164145,ירושלים,ירושלים
49448,הנרייטה סאלד - מזרח,31.759818,35.168021,ירושלים,ירושלים
49429,גן המפלצת,31.761942,35.171456,ירושלים,ירושלים
49442,קריית היובל - מערב,31.767038,35.174455,ירושלים,ירושלים
49459,שמריהו לוין,31.768751,35.177537,ירושלים,ירושלים
35161,הר הרצל,31.77083,35.181578,ירושלים,ירושלים
35159,יפה נוף,31.776863,35.184971,ירושלים,ירושלים
35157,כיכר דניה,31.780579,35.188339,ירושלים,ירושלים
35163,החלוץ,31.782749,35.19145,ירושלים,ירושלים
35155,קריית משה,31.786216,35.198187,ירושלים,ירושלים
35154,התחנה המרכזית,31.788407,35.202566,ירושלים,ירושלים
35152,הטורים,31.787823,35.206852,ירושלים,ירושלים
35150,מחנה יהודה,31.785917,35.211488,ירושלים,ירושלים
35147,הדווידקה,31.784434,35.215267,ירושלים,ירושלים
35146,יפו - מרכז,31.782933,35.218116,ירושלים,ירושלים
35143,העירייה,31.779566,35.223958,ירושלים,ירושלים
35142,שער שכם,31.782411,35.227908,ירושלים,ירושלים
35140,שבטי ישראל,31.786306,35.227179,ירושלים,ירושלים
35137,שמעון הצדיק,31.793025,35.226378,ירושלים,ירושלים
35136,גבעת התחמושת,31.799077,35.232053,ירושלים,ירושלים
35134,גבעת המבתר,31.805507,35.234281,ירושלים,ירושלים
35131,א-סהל,31.811222,35.232754,ירושלים,ירושלים
35130,שועפאט,31.814259,35.230066,ירושלים,ירושלים
35128,בית חנינא,31.819714,35.229107,ירושלים,ירושלים
35125,יקותיאל אדם,31.819282,35.23929,ירושלים,ירושלים
35124,פסגת זאב - מרכז,31.823652,35.237609,ירושלים,ירושלים
35121,סיירת דוכיפת,31.826017,35.240205,ירושלים,ירושלים
35120,חיל האוויר,31.829026,35.238395,ירושלים,ירושלים
49450,משה דיין - צפון,31.83349,35.234725,ירושלים,ירושלים
49430,מזל קשת,31.837328,35.234202,ירושלים,ירושלים
49428,יצחק טבנקין,31.838063,35.237508,ירושלים,ירושלים
49453,יצחק טבנקין,31.838146,35.237574,ירושלים,ירושלים
49444,מזל קשת,31.837297,35.234087,ירושלים,ירושלים
49432,משה דיין - צפון,31.833401,35.234621,ירושלים,ירושלים
35119,חיל האוויר,31.828941,35.238345,ירושלים,ירושלים
35122,סיירת דוכיפת,31.826048,35.2401,ירושלים,ירושלים
35123,פסגת זאב - מרכז,31.823732,35.237517,ירושלים,ירושלים
35126,יקותיאל אדם,31.819349,35.239202,ירושלים,ירושלים
35127,בית חנינא,31.819804,35.229101,ירושלים,ירושלים
35129,שועפאט,31.814208,35.229962,ירושלים,ירושלים
35132,א-סהל,31.811181,35.232649,ירושלים,ירושלים
35133,גבעת המבתר,31.805482,35.234179,ירושלים,ירושלים
35135,גבעת התחמושת,31.79913,35.231968,ירושלים,ירושלים
35138,שמעון הצדיק,31.793032,35.226273,ירושלים,ירושלים
35139,שבטי ישראל,31.786297,35.227074,ירושלים,ירושלים
35141,שער שכם,31.782373,35.227812,ירושלים,ירושלים
35144,העירייה,31.77964,35.224019,ירושלים,ירושלים
35145,יפו - מרכז,31.782984,35.218215,ירושלים,ירושלים
35148,הדווידקה,31.784535,35.215284,ירושלים,ירושלים
35149,מחנה יהודה,31.78598,35.211585,ירושלים,ירושלים
35151,הטורים,31.787888,35.206931,ירושלים,ירושלים
35153,התחנה המרכזית,31.788492,35.202603,ירושלים,ירושלים
35156,קריית משה,31.786282,35.198114,ירושלים,ירושלים
35164,החלוץ,31.782839,35.191455,ירושלים,ירושלים
35158,כיכר דניה,31.780631,35.188253,ירושלים,ירושלים
35160,יפה נוף,31.776934,35.184904,ירושלים,ירושלים
35162,הר הרצל,31.770865,35.18148,ירושלים,ירושלים
49435,שמריהו לוין,31.768813,35.177653,ירושלים,ירושלים
49472,קריית היובל - מערב,31.766983,35.174356,ירושלים,ירושלים
49449,גן המפלצת,31.762049,35.171515,ירושלים,ירושלים
49424,הנרייטה סאלד - מזרח,31.759919,35.168051,ירושלים,ירושלים
49463,קריית מנחם,31.760043,35.164104,ירושלים,ירושלים
49461,צומת אורה,31.75706,35.159963,ירושלים,ירושלים
49467,בית הספר לרפואה,31.764209,35.151229,ירושלים,ירושלים
35194,בית ספר א זהרא,31.389974,34.761058,דרום,באר שבע
28442,התחנה לבריאות המשפחה,31.393944,34.770122,דרום,באר שבע
28451,אזור תעשיה רהט,31.393205,34.773816,דרום,באר שבע
40481,שכ' 5 מערב,31.395851,34.769683,דרום,באר שבע
19277,שעב/כביש ראשי,32.891716,35.235377,צפון,פריפריה
28441,התחנה לבריאות המשפחה,31.395319,34.769743,דרום,באר שבע
19446,ישיבת הסדר,32.843399,35.792611,צפון,פריפריה
28981,שכונה 38,31.391816,34.775019,דרום,באר שבע
28983,רפח/אלרמלה,31.391117,34.773662,דרום,באר שבע
41045,קאנטרי קלאב/שדרות יואש דובנוב,32.615951,35.299784,צפון,פריפריה
37607,הנפח/מעלה כמון,32.922894,35.324792,צפון,פריפריה
41675,ת. רכבת כרמיאל/רציפים,32.923794,35.29835,צפון,פריפריה
37624,הנפח/מעלה כמון,32.922781,35.324035,צפון,פריפריה
38161,מחנה ענתות,31.819419,35.276143,ירושלים,ירושלים
25059,איקאה/היוזמה,31.951151,34.770731,מרכז,תל אביב
39156,ש.ג בסיס פלמחים,31.928336,34.717561,מרכז,תל אביב
16061,השוק העירוני/לבקוביץ',31.894032,34.810379,מרכז,תל אביב
44001,קניון הנגב/יצחק בן צבי,31.244291,34.795887,דרום,באר שבע
22261,ת. רכבת רחובות,31.908551,34.805277,מרכז,תל אביב
23671,פקריס/פלאוט,31.911334,34.805326,מרכז,תל אביב
23676,אופנהיימר/ברגמן,31.910987,34.807696,מרכז,תל אביב
16867,מחנה תל נוף,31.822281,34.8195,מרכז,תל אביב
4339,תל חי/הירדן,33.212637,35.570614,צפון,פריפריה
9056,שדרות דוד טוביהו/סוקולוב,31.245292,34.78872,דרום,באר שבע
28450,אזור תעשיה רהט,31.393399,34.773933,דרום,באר שבע
40476,מתחם 4 מזרח,31.376636,34.75947,דרום,באר שבע
35529,כפר הנשיא,32.974481,35.60356,צפון,פריפריה
24390,אחוזה/הרב יצחק נסים,32.177924,34.886744,מרכז,תל אביב
21786,צומת כפר סבא רעננה צפון,32.192382,34.888841,מרכז,תל אביב
25142,הרימון/מבוא הגפן,32.016531,34.840302,מרכז,תל אביב
26668,הספרייה,30.610374,34.801868,דרום,פריפריה
37522,שגב שלום/מרכז מסחרי,31.196641,34.838514,דרום,באר שבע
28734,מועצה מקומית,31.199631,34.838426,דרום,באר שבע
39563,בגין/הרצל,31.520961,34.59331,דרום,פריפריה
27709,גילת/כניסה ראשית,31.335418,34.648452,דרום,באר שבע
22804,ישראל גלילי/הסחלב,31.96913,34.784014,מרכז,תל אביב
10794,מסעף נחושה,31.646951,34.925501,מרכז,פריפריה
46704,דרך מנחם בגין/דרך הרב שלום איפרגן,31.518208,34.589881,דרום,פריפריה
28237,בית ספר חאמד,31.253028,35.06913,דרום,פריפריה
28215,בית ספר חאמד,31.253153,35.069517,דרום,פריפריה
42069,בית ספר תיכון חמאד,31.251397,35.068466,דרום,פריפריה
39374,דרור/קנריות,31.330637,34.64874,דרום,באר שבע
40685,דרך יריחו/אל עזרייה,31.768209,35.252736,ירושלים,ירושלים
42472,קדר,31.747017,35.301774,מרכז,ירושלים
11623,שער יפו/יפו,31.777433,35.226288,ירושלים,ירושלים
15949,מחמוד דרוויש/אלבוחארי,32.257506,35.006394,מרכז,תל אביב
46590,אל נג'אח/אל טבל,32.262062,35.002334,מרכז,תל אביב
39840,טבעת דרומית,32.257872,35.004816,מרכז,תל אביב
18580,המעוף/הר וגיא,32.960688,35.508723,צפון,פריפריה
18578,הנחלים/הר וגיא,32.961167,35.507742,צפון,פריפריה
50884,נחל מירון/נחל השופט,32.958686,35.505679,צפון,פריפריה
51992,מסוף פדואל,32.092746,35.105958,מרכז,פריפריה
6554,מועצה מקומית,32.931894,35.318974,צפון,פריפריה
6555,נחף דואר,32.934638,35.318485,צפון,פריפריה
37061,צים סנטר/התעשייה,31.247451,35.201052,דרום,פריפריה
12625,ת. מרכזית אילת/שדרות התמרים,29.556369,34.951682,דרום,פריפריה
17861,אדמית מרכז,33.079481,35.211363,צפון,פריפריה
38918,שכונת הרחבה חדשה,33.048076,35.175786,צפון,פריפריה
38919,שכונת הרחבה חדשה בית 189,33.047751,35.173597,צפון,פריפריה
6667,פקיעין חיילים משוחררים מגרש כדורגל,32.967004,35.320927,צפון,פריפריה
39883,חיילים משוחררים יא,32.966387,35.322872,צפון,פריפריה
6648,מגרש כדורגל,32.967149,35.321362,צפון,פריפריה
18225,מסעף נבי סבלאן,33.015239,35.345665,צפון,פריפריה
18210,חיילים משוחררים ג,33.016006,35.33616,צפון,פריפריה
38183,שכונת חיילים משוחררים א,33.013702,35.337341,צפון,פריפריה
38173,כפר ילדים דרוזי,33.014364,35.335203,צפון,פריפריה
38182,חיילים משוחררים ב,33.015297,35.334364,צפון,פריפריה
38171,חיילים משוחררים ג,33.015915,35.336074,צפון,פריפריה
38170,חיילים משוחררים ד,33.015586,35.339614,צפון,פריפריה
38168,מקלט ציבורי אלעריד,33.014857,35.34294,צפון,פריפריה
39706,גנים מזרח 1,32.938534,35.326322,צפון,פריפריה
39704,מסגד אלרחמן 1,32.939485,35.323318,צפון,פריפריה
39703,המחצבה/תחילת המגרשים,32.940649,35.319908,צפון,פריפריה
6513,בית ספר א,32.93907,35.317342,צפון,פריפריה
6514,רחוב 6/רחוב 1,32.938008,35.316967,צפון,פריפריה
6518,נחף מסגד,32.934119,35.316174,צפון,פריפריה
6517,נחף מרכז,32.933031,35.317587,צפון,פריפריה
18864,מועצה מקומית,32.931531,35.319117,צפון,פריפריה
6556,קופת חולים כללית,32.936223,35.318392,צפון,פריפריה
6557,בית ספר א,32.939184,35.317673,צפון,פריפריה
44443,המחצבה,32.940235,35.321433,צפון,פריפריה
39705,מסגד אלרחמן 2,32.938937,35.323804,צפון,פריפריה
20437,מרכז מסחרי/שפירא,32.937777,35.077959,צפון,חיפה
46932,דוכיפת/מעלה הכרמים,32.942729,35.077148,צפון,חיפה
43772,שדרות יחד שבטי ישראל/שבט שמעון,31.93397,34.89637,מרכז,תל אביב
51868,הרב ניסים טולדנו/דגן,31.952068,34.848284,מרכז,תל אביב
21706,סביון/שדרות נעמי שמר,31.945639,34.84315,מרכז,תל אביב
44501,שדרות נעמי שמר/אליהו,31.946045,34.841911,מרכז,תל אביב
21343,הבנים/נצר סירני,31.928721,34.830571,מרכז,תל אביב
21354,הזית/קרן היסוד,31.926912,34.853889,מרכז,תל אביב
51113,משה לוי/יעקב דורי,31.929681,34.84936,מרכז,תל אביב
21512,בן גוריון/כצנלסון,31.966323,34.789799,מרכז,תל אביב
24706,מכבים/בזלת,31.990975,34.947277,מרכז,תל אביב
153,יהודה שטיין/קרן היסוד,31.926545,34.855866,מרכז,תל אביב
39097,ביה''ס ראשונים,32.277594,34.894311,מרכז,תל אביב
34238,מוזיאון המדע/שד' המוזיאונים,31.777826,35.200204,ירושלים,ירושלים
4047,האילן/ההדס,32.519115,34.920462,צפון,פריפריה
41538,האילן/החרוב,32.521122,34.921225,צפון,פריפריה
4032,האילן/ההדס,32.519262,34.920769,צפון,פריפריה
44669,הטוחן/גרניט,32.486134,34.950884,מרכז,פריפריה
17241,הארזים/האורנים,32.523086,34.995799,צפון,פריפריה
39830,דרך ארץ/אשל,32.470312,35.039346,מרכז,פריפריה
42908,דרך ארץ/אשל,32.469251,35.038483,מרכז,פריפריה
39829,גפן/אשל,32.469883,35.037604,מרכז,פריפריה
44055,שדרות דרך ארץ/שדרות ההגשמה,32.458515,35.05648,מרכז,פריפריה
44061,קידמה/החלומות,32.462734,35.054249,מרכז,פריפריה
37803,קניון אושילנד/עתיר ידע,32.16545,34.928564,מרכז,תל אביב
37804,קניון אושילנד/עתיר ידע,32.166035,34.928573,מרכז,תל אביב
50742,אליהו/הזית,31.944685,34.846967,מרכז,תל אביב
21708,אליהו/הזית,31.944668,34.847572,מרכז,תל אביב
21707,אליהו/סביון,31.945769,34.842572,מרכז,תל אביב
8978,קיבוץ נחשון,31.829279,34.956473,ירושלים,פריפריה
10079,המפלצת/טהון,31.761865,35.1725,ירושלים,ירושלים
9304,צ'ילה/סירני,31.761179,35.172362,ירושלים,ירושלים
49772,מנחם בגין/דרך ארץ,31.678681,34.595365,מרכז,פריפריה
50863,השופר/התן,31.859016,35.157808,ירושלים,ירושלים
19486,תל חי/סיני,33.204747,35.569361,צפון,פריפריה
38114,עין קיניא/כניסה צפונית,33.242478,35.730944,צפון,פריפריה
17046,גן ציבורי/הגפן,32.748731,35.099494,צפון,חיפה
49750,הרדוף/יציאה,32.764312,35.17535,צפון,חיפה
11227,צומת אורה,31.757147,35.159936,ירושלים,ירושלים
13940,שטיינמן/הרב קוסובסקי,32.098215,34.800718,מרכז,תל אביב
13756,הכנסת הגדולה/תוספתא,32.09776,34.79889,מרכז,תל אביב
13755,תוספתא/ירושלמי,32.096607,34.799045,מרכז,תל אביב
13735,הרב הרצוג/הזוהר,32.095288,34.797115,מרכז,תל אביב
20680,צומת כפר יהושע,32.682793,35.121891,צפון,חיפה
35333,אום אל גנם,32.674691,35.391762,צפון,פריפריה
4530,קאנטרי קלאב/שדרות יצחק רבין,32.61504,35.29935,צפון,פריפריה
2405,הגפן/האלונים,32.749346,35.098047,צפון,חיפה
2614,גיבורי התהילה/עבודת ישראל,32.749896,35.094751,צפון,חיפה
3159,מנחם בגין/שניאורסון,32.854742,35.091005,צפון,חיפה
12274,צומת באר אורה/נמל תעופה רמון,29.706043,34.996958,דרום,פריפריה
41537,האילן/החרוב,32.520474,34.921274,צפון,פריפריה
28982,רפח/אלרמלה,31.391176,34.774592,דרום,באר שבע
28980,שכונה 38,31.391985,34.775116,דרום,באר שבע
42785,הרצל/משה הס,32.327269,34.860772,מרכז,תל אביב
2294,קופת חולים/ויצמן,32.819553,35.080837,צפון,חיפה
2201,בית אלפא/דגניה,32.832062,35.055898,צפון,חיפה
2412,הגפן/האלונים,32.749254,35.098135,צפון,חיפה
17047,הרב שמעונוביץ/הרב קוק,32.748699,35.100063,צפון,חיפה
20997,אל-עומאל אל-ערב/אום קוביי,32.703477,35.288455,צפון,פריפריה
5754,ראס אל חביה 2,32.881764,35.424018,צפון,פריפריה
46701,דוכיפת/מעלה הכרמים,32.942541,35.076593,צפון,חיפה
20128,איבטין טחנת קמח,32.763357,35.106344,צפון,חיפה
20739,מסוף בית שאן/שדרות מנחם בגין,32.497886,35.504779,מרכז,פריפריה
4634,שדרות הבנים/שד' שאול עמור,32.67824,35.241113,צפון,פריפריה
3703,צומת אלמחרקה,32.68726,35.065867,צפון,חיפה
2968,מרכז העיר 1,32.693353,35.047053,צפון,חיפה
12289,מסעף קבוץ עין גדי,31.447822,35.389684,דרום,פריפריה
35356,שער הגלבוע/אתר הסקי,32.552202,35.333503,צפון,פריפריה
4761,צומת מחנה גדעון,32.513083,35.495006,צפון,פריפריה
42807,מחלף העמקים/אלרואי,32.7235,35.101536,צפון,חיפה
41810,חיים הרצוג/נתן אלתרמן,32.081286,34.980857,מרכז,תל אביב
12495,בית חולים יוספטל/יותם,29.55502,34.939706,דרום,פריפריה
12226,צומת אילות,29.578808,34.968106,דרום,פריפריה
40345,אזור תעשייה שחורת/כביש 90,29.596033,34.978099,דרום,פריפריה
42901,נמל תעופה רמון/צומת באר אורה,29.70868,34.998816,דרום,פריפריה
41786,ת. רכבת אחיהוד/רציפים,32.911279,35.174612,צפון,חיפה
20556,מועצה מקומית,32.954757,35.215369,צפון,פריפריה
51802,קופות חולים/איילת השחר,32.103673,34.841875,מרכז,תל אביב
51759,צומת איילת השחר,32.103046,34.841587,מרכז,תל אביב
50627,אזור תעשייה/לח''י,32.103272,34.83687,מרכז,תל אביב
19730,בי''ס מקיף סעדיה,32.739347,35.15846,צפון,חיפה
19573,גני ילדים מרכז,32.737826,35.155681,צפון,חיפה
1810,השקדים/ציפורנים,32.72392,35.133657,צפון,חיפה
19697,כיכר מרכז האזרחי,32.736614,35.153712,צפון,חיפה
6943,גני ילדים מרכז,32.73814,35.156325,צפון,חיפה
19727,תיכון,32.739499,35.160279,צפון,חיפה
17040,דרך קרית עמל/אליהו התשבי,32.711264,35.103788,צפון,חיפה
42809,מחלף העמקים/ג'למה,32.723242,35.098942,צפון,חיפה
17097,כיכר מזרחית,32.716001,35.073203,צפון,חיפה
17185,אלרוגמה,32.714642,35.074137,צפון,חיפה
17095,שכונת זוחלוק,32.712203,35.075494,צפון,חיפה
6968,מכון המים,32.710072,35.075771,צפון,חיפה
19458,הגיבורים/השיטה,32.655414,35.105809,צפון,חיפה
6910,כיכר הגיבורים/הציפורנים,32.658467,35.108808,צפון,חיפה
19460,מעלה הרקפות/הציפורנים,32.653523,35.112054,צפון,חיפה
19466,הגורן/הגיא,32.647202,35.117867,צפון,חיפה
19465,דרך העמק/נתיב הנוטרים,32.650226,35.118173,צפון,חיפה
19462,דרך העמק/נחל קרת,32.653633,35.116997,צפון,חיפה
19870,דרך העמק/מעלה הבנים,32.659399,35.114692,צפון,חיפה
6912,'דרך העמק א,32.661741,35.112965,צפון,חיפה
50832,האלון/הרימון,32.619844,35.074935,צפון,חיפה
17127,שכונת ח'אלת עלי 2,32.688242,35.049966,צפון,חיפה
17128,שכונת ח'אלת עלי 2,32.688522,35.049337,צפון,חיפה
17065,שכונת ח'אלת עלי 3,32.689677,35.046117,צפון,חיפה
17067,שכונת ח'אלת עלי 4,32.691321,35.0451,צפון,חיפה
17125,קופת חולים מכבי,32.6924,35.046495,צפון,חיפה
6964,גנים ציבוריים,32.68391,35.068575,צפון,חיפה
38565,אל-סנדיאן,32.681366,35.071213,צפון,חיפה
38556,בי''ס טכנולוגי,32.683173,35.073391,צפון,חיפה
38558,מצפה כרמל,32.685934,35.070288,צפון,חיפה
38559,מצפה כרמל,32.685698,35.069933,צפון,חיפה
38557,צומת דאליה הצעירה,32.686092,35.073562,צפון,חיפה
38555,בי''ס טכנולוגי,32.683408,35.073417,צפון,חיפה
38554,אל-סנדיאן,32.681667,35.071594,צפון,חיפה
6984,דליה הצעירה/כניסה,32.682199,35.068137,צפון,חיפה
6965,גנים ציבוריים,32.683833,35.068647,צפון,חיפה
23143,ד''ר משה סנה/ברקן,32.186436,34.896199,מרכז,תל אביב
23695,אזור תעשיה סנטרל פארק 2000/עתיר ידע,32.163437,34.930736,מרכז,תל אביב
10532,רב החובל/אדם,31.749878,35.22811,ירושלים,ירושלים
8601,בית ספר אבו בקר צאדק/אלמדינה אלמונוורה,31.737472,35.229836,ירושלים,ירושלים
8615,בית ספר צור באהר בנות/אלמדינה אלמונוורה,31.738425,35.228765,ירושלים,ירושלים
8616,בית ספר אבן רשד/אלמדינה אלמונוורה,31.738676,35.226704,ירושלים,ירושלים
8610,בית ספר צור באהר בנות/אלמדינה אלמונוורה,31.738344,35.228717,ירושלים,ירושלים
8600,דרך סור באהר,31.736978,35.230176,ירושלים,ירושלים
8598,אום טובא 9,31.735416,35.231918,ירושלים,ירושלים
8597,אום טובא 7,31.733533,35.230589,ירושלים,ירושלים
8596,אום טובא 6,31.732664,35.231458,ירושלים,ירושלים
8595,אום טובא 4,31.729896,35.233433,ירושלים,ירושלים
8594,אום טובא 3,31.728309,35.233766,ירושלים,ירושלים
11314,2 אום טובא,31.728372,35.232058,ירושלים,ירושלים
8588,אלמשאהד ג',31.732673,35.22574,ירושלים,ירושלים
8907,מחסום ענאתא/דרך ענתות,31.810168,35.241198,ירושלים,ירושלים
8881,בי''ס ראשידה/סולטאן סולימאן,31.783407,35.234642,ירושלים,ירושלים
8926,אל תווחיד/אל בטמה,31.747174,35.199366,ירושלים,ירושלים
48822,אל תווחיד/דב יוסף,31.74796,35.198702,ירושלים,ירושלים
8925,אל בטמה/רחוב שרפאת,31.745508,35.19882,ירושלים,ירושלים
8924,אל בוטמה,31.742831,35.199829,ירושלים,ירושלים
8959,א סאפה/אל בוטמה,31.741692,35.200588,ירושלים,ירושלים
44855,א סאפא/אל ג'מעיה אל תחתא,31.737988,35.202656,ירושלים,ירושלים
44856,א סאפא/אבו ח'שבה,31.735994,35.203469,ירושלים,ירושלים
44854,א סאפא/אל ג'מעיה אל תחתא,31.738106,35.202719,ירושלים,ירושלים
44853,א סאפה/אל בוטמה,31.740997,35.200911,ירושלים,ירושלים
8956,אל בוטמה,31.742886,35.200003,ירושלים,ירושלים
8833,תחנת דלק/לוחמי הגטאות,31.800369,35.241982,ירושלים,ירושלים
8906,עיסוויה כניסה מערבית,31.798572,35.243378,ירושלים,ירושלים
8897,צומת זהרה ב,31.79857,35.245247,ירושלים,ירושלים
8894,בית ספר אלאמל לחינוך מיוחד/ראס אל ג'אמע,31.799044,35.246769,ירושלים,ירושלים
8892,מסגד ארבעין/קסילה,31.798896,35.248602,ירושלים,ירושלים
8890,קסילה/אום אלעסאפיר,31.799791,35.249508,ירושלים,ירושלים
8888,קסילה/מחגרת עתמה,31.799904,35.250885,ירושלים,ירושלים
8887,בית ספר יסודי/סיירת אלח'גה,31.798979,35.253471,ירושלים,ירושלים
8885,חטיבת ביניים/טריק אלמדארס,31.798448,35.254648,ירושלים,ירושלים
10744,עיסאוויה כניסה מזרחית,31.797007,35.255622,ירושלים,ירושלים
8884,חטיבת ביניים/טריק אלמדארס,31.798379,35.255058,ירושלים,ירושלים
8886,בית ספר יסודי/סיירת אלח'גה,31.799093,35.253155,ירושלים,ירושלים
44958,בי''ס עיסאוויה/סירת אל חג'ה,31.799541,35.252076,ירושלים,ירושלים
8889,קסילה/מחגרת עתמה,31.800138,35.250343,ירושלים,ירושלים
8891,קסילה/אום אלעסאפיר,31.799536,35.248987,ירושלים,ירושלים
8893,מסגד ארבעין/קסילה,31.798895,35.247965,ירושלים,ירושלים
8895,קופת חולים/ראס אל ג'אמע,31.799135,35.246721,ירושלים,ירושלים
8896,צומת זהרה א,31.798839,35.245343,ירושלים,ירושלים
8898,עיסוויה כניסה מערבית,31.79843,35.243702,ירושלים,ירושלים
37733,לוחמי הגטאות/בר כוכבא,31.800809,35.240515,ירושלים,ירושלים
5017,קניון/שאול עמור,32.678313,35.242546,צפון,פריפריה
5106,קיבוץ שלוחות,32.471512,35.481007,מרכז,פריפריה
35386,עין הנציב,32.470642,35.501503,מרכז,פריפריה
35353,שדה אליהו,32.439373,35.514577,מרכז,פריפריה
4698,רמת צבי,32.589748,35.415583,צפון,פריפריה
4816,בית ספר,32.586081,35.438697,צפון,פריפריה
4839,נעורה כיכר,32.614467,35.393232,צפון,פריפריה
40228,גני ילדים,32.614892,35.388201,צפון,פריפריה
40229,נאעורה מערב,32.614216,35.387212,צפון,פריפריה
40231,פיצריה,32.611772,35.390434,צפון,פריפריה
5042,מגן שאול,32.520516,35.307237,צפון,פריפריה
35361,קיבוץ מעלה גלבוע,32.477325,35.41941,מרכז,פריפריה
35387,קיבוץ מירב,32.451943,35.421986,מרכז,פריפריה
25463,שכונה 27,31.389007,34.757221,דרום,באר שבע
28334,בית ספר אל רחמה,31.388304,34.755919,דרום,באר שבע
25468,מרכז פיס,31.386714,34.758564,דרום,באר שבע
28331,שכונה 31,31.386331,34.757831,דרום,באר שבע
25466,שכונה 31,31.386307,34.757709,דרום,באר שבע
28597,מרכז פיס,31.386902,34.758728,דרום,באר שבע
35195,מסגד אל רחמה,31.387257,34.758249,דרום,באר שבע
23694,אזור תעשיה סנטרל פארק 2000/עתיר ידע,32.16336,34.930679,מרכז,תל אביב
40666,משה שרת/משאבים,32.162665,34.89032,מרכז,תל אביב
11079,מחלף הרטוב,31.769275,34.996854,ירושלים,פריפריה
10591,שד. לוי אשכול/שד. יהודה בן זאב,31.743353,34.996499,ירושלים,פריפריה
11070,שד. לוי אשכול/הגלעד,31.747626,34.999031,ירושלים,פריפריה
43699,אליהו הנביא/שדרות נהר הירקון,31.70661,35.000262,ירושלים,פריפריה
8862,נהר הירקון/נהר הירדן,31.70735,35.0002,ירושלים,פריפריה
44260,זכריה הנביא/אליהו הנביא,31.700647,34.977088,ירושלים,פריפריה
49757,פרנק,31.700072,35.004057,ירושלים,פריפריה
11156,קיבוץ צובה,31.783427,35.118689,ירושלים,ירושלים
11556,כביש 395/כביש 386,31.772833,35.153612,ירושלים,ירושלים
11147,בית חולים,31.778627,35.096161,ירושלים,ירושלים
11204,הדקלים/הרימון,31.794404,35.120007,ירושלים,ירושלים
11205,הדקלים/המעיין,31.795112,35.120692,ירושלים,ירושלים
11203,מרכז מסחרי,31.795261,35.118822,ירושלים,ירושלים
11200,נבעה,31.79412,35.117202,ירושלים,ירושלים
11199,נבעה,31.793895,35.117203,ירושלים,ירושלים
23491,רבי יהודה הנשיא/רבי שמעון בן שטח,32.052813,34.965556,מרכז,תל אביב
50037,בית עלמין בית שאן/כביש 90,32.500798,35.511915,צפון,פריפריה
5745,כפר חיטים,32.799196,35.500654,צפון,פריפריה
34299,הצור/הברזל,32.785403,35.462899,צפון,פריפריה
34298,לשם/הברקת,32.785553,35.466406,צפון,פריפריה
5247,קיבוץ חוקוק,32.879412,35.496444,צפון,פריפריה
28685,בית ספר חופים,31.588045,34.560417,מרכז,פריפריה
35,רשות שדות התעופה/העליה,31.990876,34.8976,מרכז,תל אביב
39779,אלי סיני/קטיף,31.413362,34.57549,דרום,פריפריה
48439,צומת כפר הרי''ף,31.752893,34.801702,מרכז,פריפריה
49228,ת.רכבת מלאכי-יואב/כביש 3836,31.7467,34.818335,מרכז,פריפריה
7392,קדושת לוי/שלום רב,31.705942,35.118101,ירושלים,ירושלים
7360,מתנ''ס עירוני/רבי נחמן מברסלב,31.69608,35.117525,מרכז,ירושלים
52006,יצחק ארנסט נבנצל/אשר וינר,31.742637,35.221153,ירושלים,ירושלים
52004,הרב אברהם זקן/יצחק ארנסט נבנצל,31.743439,35.22311,ירושלים,ירושלים
52010,פרופ' יעקב נאמן/הרב אברהם זקן,31.742465,35.223722,ירושלים,ירושלים
52013,שמעון מישורי/פרופ' יעקב נאמן,31.743668,35.225676,ירושלים,ירושלים
52005,שמעון מישורי,31.742228,35.22556,ירושלים,ירושלים
7074,מכמנים מרכז,32.905334,35.328364,צפון,פריפריה
8744,שמואל הנביא/יקים,31.791505,35.224204,ירושלים,ירושלים
28153,בי''ס משען/גיבורי תשכ''ז,31.422039,34.600158,דרום,פריפריה
27493,שד. ישראל פולק/כסלו,31.602709,34.78094,מרכז,פריפריה
42497,שדרות אריק שרון/שדרות קרן הידידות,31.73894,34.745344,מרכז,פריפריה
42498,שדרות אריק שרון/שדרות קרן הידידות,31.738927,34.74524,מרכז,פריפריה
28835,בעלי המלאכה/טראסק,31.41738,34.591909,דרום,פריפריה
28836,בעלי המלאכה/הצורף,31.418142,34.5951,דרום,פריפריה
28837,בעלי המלאכה/החרש,31.41921,34.598363,דרום,פריפריה
28840,אחת עשרה הנקודות/שדרות וייצמן,31.415902,34.589401,דרום,פריפריה
27621,שדה ניצן מרכז,31.2298,34.419134,דרום,פריפריה
26985,אוהד מרכז,31.238718,34.430949,דרום,פריפריה
27928,מחנה צאלים,31.180617,34.563052,דרום,באר שבע
27674,צומת מעון,31.312821,34.438809,דרום,פריפריה
25467,כיכר הטפטפת/דרך ג'ו יוסף אלון,31.241447,34.758239,דרום,באר שבע
27023,בסיס בינוי מרחב,31.24074,34.699379,דרום,באר שבע
47884,בית העלמין החדש,31.241834,34.751009,דרום,באר שבע
41102,הזית/הורד,31.438596,34.645944,דרום,באר שבע
39642,קיבוץ גלויות/הרצל,31.320976,34.618839,דרום,באר שבע
27927,מחנה אמיתי,31.204353,34.284683,דרום,פריפריה
41107,ניר עוז מרכז,31.309334,34.402856,דרום,פריפריה
41108,נירים,31.335259,34.396617,דרום,פריפריה
27926,עין השלושה מרכז,31.351453,34.402511,דרום,פריפריה
39784,גני טל/כיכר,31.413891,34.570046,דרום,פריפריה
40443,ת''ת עצמונה/שומריה,31.430467,34.884285,דרום,באר שבע
41222,שגיא 2000/כביש 7255,32.658518,35.233639,צפון,פריפריה
26757,שד. חברון/פרג,31.327815,34.935746,דרום,באר שבע
7344,קדושת לוי/הר''ן,31.706087,35.118011,ירושלים,ירושלים
48974,דרך ארץ/מנחם בגין,31.679296,34.595699,מרכז,פריפריה
41913,עמק חפר/עין שוקק,31.647569,34.567825,מרכז,פריפריה
28991,כפר מימון,31.431444,34.541228,דרום,פריפריה
26875,דרך הראל/בארי,31.323175,34.930304,דרום,באר שבע
28716,שכונה 7,31.256172,34.86386,דרום,באר שבע
28715,בית ספר אלאנדלוס,31.254496,34.862228,דרום,באר שבע
28713,תיכון מקיף עמל,31.250257,34.858192,דרום,באר שבע
28712,בית ספר קהילתי חטיבת ביניים,31.247745,34.856442,דרום,באר שבע
28711,מרכז פיס קהילתי,31.247752,34.854844,דרום,באר שבע
28710,בית ספר אבו באכר,31.247417,34.851319,דרום,באר שבע
28740,מרכז מסחרי,31.202771,34.839607,דרום,באר שבע
28739,מועצה מקומית,31.198807,34.838266,דרום,באר שבע
28738,מרכז מסחרי,31.195826,34.83831,דרום,באר שבע
19646,מרפאת שיניים,32.791524,35.328614,צפון,פריפריה
19647,מפעל חומרי בנין,32.790839,35.32503,צפון,פריפריה
41142,עוזייר שכונה דרומית 1,32.789643,35.323548,צפון,פריפריה
41141,עוזייר שכונה דרומית 3,32.789778,35.323879,צפון,פריפריה
40319,מועצה אזורית,32.791031,35.32681,צפון,פריפריה
262,התרופה/אריה רגב,32.282866,34.862884,מרכז,תל אביב
25712,שוק עירוני/בית אשל,31.240598,34.795585,דרום,באר שבע
20963,כיכר אל-משארף/ספוריה,32.723915,35.285701,צפון,פריפריה
41683,שכונת בלאל,32.721449,35.293907,צפון,פריפריה
25709,שוק עירוני/בית אשל,31.240599,34.795095,דרום,באר שבע
40976,ב''ס אל אמל,32.954799,35.220013,צפון,פריפריה
49050,הרבי מלובאוויטש/דניאל כהנמן,31.065419,35.048824,דרום,פריפריה
42452,הרבי מלובאוויטש/הרב עובדיה יוסף,31.067113,35.05076,דרום,פריפריה
19645,מרפאת שיניים,32.791438,35.328651,צפון,פריפריה
43131,קיבוץ נווה איתן,32.492042,35.533063,מרכז,פריפריה
5054,קיבוץ מעוז חיים,32.492662,35.551926,מרכז,פריפריה
38208,עין קיניא/כיכר לצפון,33.234847,35.73099,צפון,פריפריה
38212,שלאלי/יציאה,33.238342,35.731481,צפון,פריפריה
38213,דרך דהור/יציאה,33.24053,35.730729,צפון,פריפריה
38215,עין קיניא/יציאה צפונית,33.242676,35.730651,צפון,פריפריה
41081,הדר העירייה,32.81498,34.997397,צפון,חיפה
41080,הנביאים,32.812858,34.995149,צפון,חיפה
41079,מסדה,32.80953,34.991994,צפון,חיפה
41078,ביה''ח בני ציון,32.807299,34.990084,צפון,חיפה
38214,דרך דהור/כניסה,33.240336,35.730588,צפון,פריפריה
38211,שלאלי/כניסה,33.238152,35.731367,צפון,פריפריה
38210,עין קיניא/מרכז לדרום,33.235728,35.730173,צפון,פריפריה
4443,עין קיניא/כיכר לדרום,33.234773,35.730884,צפון,פריפריה
38206,שכונת שאלאקה/לדרום,33.23257,35.730925,צפון,פריפריה
10811,צומת ליאון שריגים,31.671748,34.934988,מרכז,פריפריה
40020,רינגלבלום ב',31.757789,35.173813,ירושלים,ירושלים
39291,רינגלבלום א,31.75889,35.172073,ירושלים,ירושלים
35847,קורצ'אק/רינגלבלום,31.75939,35.174383,ירושלים,ירושלים
35957,ניסן/גרונולד,31.757918,35.175948,ירושלים,ירושלים
11720,צ'ילה/קורצ'אק,31.76027,35.170854,ירושלים,ירושלים
9537,קורצ'אק/רינגלבלום,31.759534,35.173688,ירושלים,ירושלים
39290,רינגלבלום א,31.759005,35.172047,ירושלים,ירושלים
9570,רינגלבלום ב',31.757345,35.174304,ירושלים,ירושלים
40963,סנובר אלג'או/דרב סאפר,32.955357,35.220923,צפון,פריפריה
42563,בי''ס חדשני ג',32.961163,35.21791,צפון,פריפריה
28723,בית ספר אבו באכר,31.247452,34.852558,דרום,באר שבע
28706,מועצה מקומית,31.247663,34.854762,דרום,באר שבע
28722,תיכון מקיף עמל,31.248437,34.857283,דרום,באר שבע
28719,בית הספר אנדלוס,31.255087,34.862928,דרום,באר שבע
28324,ניצנה/כפר נוער,30.885177,34.422335,דרום,פריפריה
35564,בית ספר כפאר עקב,31.876014,35.21776,ירושלים,ירושלים
10793,מסעף נחושה,31.64631,34.925783,מרכז,פריפריה
41321,שדרות המלאכות/החרט,31.889701,34.962461,ירושלים,תל אביב
41340,האופה/שדרות המלאכות,31.889364,34.964958,ירושלים,תל אביב
41769,שדרות המלאכות/האופה,31.889908,34.964406,ירושלים,תל אביב
19202,כנסייה קתולית ב,32.887264,35.409162,צפון,פריפריה
19221,העיר הוותיקה ג,32.889224,35.403877,צפון,פריפריה
41682,בי''ס אל-קסטל,32.719884,35.297125,צפון,פריפריה
18970,כפר גלעדי,33.242363,35.574841,צפון,פריפריה
43962,עין ח'אלד/עין אל מג'ארה,32.510399,35.150358,צפון,פריפריה
48994,עין ח'אלד ,32.516442,35.142955,צפון,פריפריה
41122,עלי בן אבי טאלב,32.51001,35.135987,צפון,פריפריה
39373,דרור/אנפה,31.330667,34.64904,דרום,באר שבע
40957,צפון/מזרח,32.962309,35.217196,צפון,פריפריה
40959,בי''ס חדשני ג',32.961247,35.217868,צפון,פריפריה
40936,מרכז פיס,32.958646,35.217125,צפון,פריפריה
7413,חזו'א / חתם סופר,31.695557,35.123341,מרכז,ירושלים
34313,הרב שלום שבזי/אזור תעשייה ערבה,31.696209,35.124446,מרכז,ירושלים
19909,שכניה,32.848033,35.247297,צפון,חיפה
20210,קורנית,32.844825,35.250796,צפון,פריפריה
23248,התמר/מבוא התאנה,32.019798,34.842703,מרכז,תל אביב
188,החוף הירוק,32.270646,34.837567,מרכז,תל אביב
190,חוף פולג/רמת פולג,32.27242,34.838508,מרכז,תל אביב
34493,רמת הגולן/אדום,32.10579,35.199835,מרכז,פריפריה
44390,נמל תעופה רמון/יציאה,29.712933,35.001048,דרום,פריפריה
12404,ספריה עירונית/חטיבת הנגב,29.556118,34.950096,דרום,פריפריה
44388,נמל תעופה רמון/כניסה,29.712895,35.001333,דרום,פריפריה
37897,תחנת מוניות תל אביב תחנה מרכזית,32.055019,34.780993,מרכז,תל אביב
27495,שד. ישראל פולק/כסלו,31.602202,34.780865,מרכז,פריפריה
27492,אזור תעשיה/שדרות ישראל פולק,31.604848,34.784593,מרכז,פריפריה
27489,שד. אבץ/שד. ישראל פולק,31.605687,34.785888,מרכז,פריפריה
43038,שדרות אבץ,31.604352,34.787731,מרכז,פריפריה
27487,שד. אבץ/שד. הפלטינה,31.600817,34.787281,מרכז,פריפריה
27486,צבר/שדרות אבץ,31.597299,34.786303,מרכז,פריפריה
34492,רמת הגולן/אדום,32.105248,35.198709,מרכז,פריפריה
34498,רמת הגולן/הגלבוע,32.105895,35.202004,מרכז,פריפריה
50069,חנה וסע מבואות אילת,29.57131,34.962341,דרום,פריפריה
34172,בסיס עובדה/ש''ג,29.942014,34.956807,דרום,פריפריה
39652,אל עזי א,31.722491,34.798497,מרכז,פריפריה
25791,הברזל/הקוצר,31.213963,34.809354,דרום,באר שבע
26432,הקוצר/הכשרת היישוב,31.213483,34.812264,דרום,באר שבע
26431,הכשרת היישוב/הזורע,31.215998,34.812788,דרום,באר שבע
41540,הכשרת הישוב/הבונים,31.219572,34.81243,דרום,באר שבע
40075,הכשרת הישוב/החורש,31.216835,34.812557,דרום,באר שבע
42244,הקוצר/הכשרת היישוב,31.213573,34.81216,דרום,באר שבע
40074,הקוצר/הברזל,31.213571,34.809946,דרום,באר שבע
11044,מאפיות אנגל,31.774219,34.995483,ירושלים,פריפריה
11089,חברת חשמל,31.774021,34.999652,ירושלים,פריפריה
34763,ארץ חמדה/יהודה המכבי,31.946249,35.222739,מרכז,ירושלים
7873,מעלה מכמש,31.878271,35.306602,מרכז,ירושלים
7935,טורקיז/ענבר,31.962056,35.065781,מרכז,פריפריה
43826,הגליל/הירדן,31.957681,35.138305,מרכז,פריפריה
34581,'איתמר א,32.175204,35.308726,מרכז,פריפריה
51760,קרית חינוך/איילת השחר,32.103456,34.844077,מרכז,תל אביב
6967,מכון המים,32.710062,35.075881,צפון,חיפה
17184,אלרוגמה,32.714053,35.07455,צפון,חיפה
44641,א-סהיל,32.71748,35.07629,צפון,חיפה
44640,א-סהיל/עולש,32.71698,35.073636,צפון,חיפה
7676,מערת המכפלה,31.522902,35.110019,דרום,פריפריה
8070,פני קדם,31.589904,35.195049,מרכז,ירושלים
49786,אהרון שמי/אהרונסון,31.698278,35.003309,מרכז,פריפריה
44795,טכניון מרכז,32.773845,35.026632,צפון,חיפה
34829,טל מנשה/מרכז,32.483499,35.160787,מרכז,פריפריה
42065,טיפת חלב כסיפה,31.247078,35.067796,דרום,פריפריה
42068,טיפת חלב כסיפה 2,31.243964,35.066512,דרום,פריפריה
42067,בית ספר אלירמוק,31.242033,35.066297,דרום,פריפריה
42071,אמטיראת,31.24066,35.063808,דרום,פריפריה
42074,בית ספר אלירמוק,31.242021,35.066482,דרום,פריפריה
42077,מסגד אבו בכר,31.245207,35.067056,דרום,פריפריה
42066,מסגד אבו בכר 2,31.247698,35.068205,דרום,פריפריה
42076,בית ספר תיכון חמאד,31.250654,35.068574,דרום,פריפריה
22827,בית ספר עמל,32.272554,35.004924,מרכז,תל אביב
47148,בלאל בן רבאח/עין גאלות,32.276705,35.006588,מרכז,פריפריה
46997,פרדיסיה/ח'אלד אבן אלואליד,32.279395,35.011293,מרכז,פריפריה
47168,בית אבות/ח'אלד אבן אלואליד,32.279248,35.01145,מרכז,פריפריה
46427,ח'אלד אבן אלואליד/אלרוק,32.274232,35.013308,מרכז,פריפריה
46782,ח'אלד אבן אלואליד/מוחמד דווריש,32.272421,35.012658,מרכז,פריפריה
46600,ח'אלד אבן אלואליד/אלראזי,32.269611,35.01147,מרכז,תל אביב
46371,בי''ס אבן רושד,32.268514,35.010312,מרכז,תל אביב
46528,הבנקים/מכללת עמל,32.269578,35.005018,מרכז,תל אביב
46873,אלבלדיה/אלבריד,32.268653,35.003763,מרכז,תל אביב
46773,עיריית טייבה/אלבלאדיה,32.266551,35.002707,מרכז,תל אביב
22873,באר,32.264605,35.002281,מרכז,תל אביב
46702,אלבלדיה/סמיח אלקסם,32.264053,35.002199,מרכז,תל אביב
46204,אל נג'אח/מרכז אלטפל,32.262163,35.002068,מרכז,תל אביב
46344,אלבלדיה/סמיח אלקסם,32.264864,35.002448,מרכז,תל אביב
46710,עיריית טייבה/אלבלאדיה,32.266824,35.002876,מרכז,תל אביב
47288,אלבלדיה/נדאא אלסלאם,32.269295,35.003871,מרכז,תל אביב
33948,הבנקים/אלבלדיה,32.269355,35.005139,מרכז,תל אביב
47120,ביטוח לאומי/ח'אלד אבן אלואליד,32.273139,35.013309,מרכז,פריפריה
47070,ח'אלד אבן אלואליד/עין גאלות,32.276241,35.012828,מרכז,פריפריה
47194,בית אבות/ח'אלד אבן אלואליד,32.279237,35.011632,מרכז,פריפריה
46917,פרדיסיה/ח'אלד אבן אלואליד,32.279409,35.010369,מרכז,פריפריה
46215,בלאל בן רבאח/מחמוד דרוויש,32.27505,35.005526,מרכז,תל אביב
46824,בלאל בן רבאח/אלאח'ווה,32.273602,35.005085,מרכז,תל אביב
22961,בית ספר עמל,32.272649,35.004837,מרכז,תל אביב
46864,בלאל בן רבאח/מוסא חסן,32.27106,35.004267,מרכז,תל אביב
47117,תיכון עתיד טייבה,32.27143,35.002217,מרכז,תל אביב
40006,מגרש משולב,32.890486,35.233424,צפון,פריפריה
40010,שכונה בדווית,32.889543,35.233612,צפון,פריפריה
40008,מסגד בילאל,32.889795,35.23711,צפון,פריפריה
40004,טיפת חלב,32.889603,35.23839,צפון,פריפריה
40013,שעב מרכז דרום,32.8881,35.240723,צפון,פריפריה
40017,כנסייה היסטורית אורתודוכסית,32.887712,35.242773,צפון,פריפריה
40016,שכונה מזרחית,32.889544,35.244359,צפון,פריפריה
40014,תחנה לבריאות המשפחה,32.890605,35.244399,צפון,פריפריה
19590,מרכז,32.890497,35.241861,צפון,פריפריה
19281,מזרקה,32.891728,35.237305,צפון,פריפריה
40003,מרכז,32.890496,35.241613,צפון,פריפריה
40015,שכונה מזרחית,32.889138,35.244143,צפון,פריפריה
40018,כנסייה היסטורית אורתודוכסית,32.887816,35.242408,צפון,פריפריה
40012,שעב מרכז דרום,32.888325,35.24031,צפון,פריפריה
40005,טיפת חלב,32.889477,35.238954,צפון,פריפריה
40007,מסגד בילאל,32.889808,35.236625,צפון,פריפריה
40011,שכונה בדווית,32.889691,35.233857,צפון,פריפריה
39886,חיילים משוחררים טו,32.964778,35.324274,צפון,פריפריה
39884,חיילים משוחררים יב,32.966051,35.323763,צפון,פריפריה
39882,חיילים משוחררים י,32.96661,35.322396,צפון,פריפריה
11221,קיבוץ מעלה החמישה,31.818536,35.111899,ירושלים,ירושלים
20874,הושעיה/ש.ג.מ. ציפורית,32.764176,35.301328,צפון,פריפריה
49143,פינסקר,32.093731,34.882201,מרכז,תל אביב
49098,קרול,32.091913,34.877506,מרכז,תל אביב
49130,דנקנר,32.090949,34.872167,מרכז,תל אביב
49107,בלינסון,32.091462,34.866804,מרכז,תל אביב
49129,שחם,32.091952,34.8613,מרכז,תל אביב
49097,שנקר,32.092669,34.853254,מרכז,תל אביב
49095,אהרונוביץ',32.092685,34.838868,מרכז,תל אביב
49151,בן גוריון,32.091009,34.823592,מרכז,תל אביב
49094,ביאליק,32.087285,34.812851,מרכז,תל אביב
49101,אבא הלל,32.082911,34.802729,מרכז,תל אביב
49110,ארלוזורוב,32.081554,34.796524,מרכז,תל אביב
49137,שאול המלך,32.076636,34.792005,מרכז,תל אביב
49136,יהודית,32.070168,34.788406,מרכז,תל אביב
49124,קרליבך,32.065272,34.782824,מרכז,תל אביב
49123,אלנבי,32.062791,34.775131,מרכז,תל אביב
49092,אליפלט,32.058423,34.763033,מרכז,תל אביב
49099,שלמה,32.054357,34.759484,מרכז,תל אביב
49091,אצטדיון בלומפילד,32.0503,34.758947,מרכז,תל אביב
49148,ארליך,32.046052,34.758356,מרכז,תל אביב
49133,איסקוב,32.042205,34.757079,מרכז,תל אביב
49115,הבעש''ט,32.038772,34.755811,מרכז,תל אביב
49108,מחרוזת,32.033272,34.751559,מרכז,תל אביב
49105,העצמאות,32.028191,34.748986,מרכז,תל אביב
49156,רוטשילד,32.026704,34.744437,מרכז,תל אביב
49155,ז'בוטינסקי,32.021674,34.743238,מרכז,תל אביב
49118,בלפור,32.017457,34.744716,מרכז,תל אביב
49139,בנימין,32.016384,34.748389,מרכז,תל אביב
49147,יוספטל,32.015397,34.752178,מרכז,תל אביב
49111,כ''ט בנובמבר,32.010852,34.7515,מרכז,תל אביב
49153,העמל,32.005878,34.74897,מרכז,תל אביב
49126,העמל,32.005878,34.74897,מרכז,תל אביב
49138,כ''ט בנובמבר,32.010852,34.7515,מרכז,תל אביב
49112,יוספטל,32.015397,34.752178,מרכז,תל אביב
49154,בנימין,32.016384,34.748389,מרכז,תל אביב
49113,בלפור,32.017457,34.744716,מרכז,תל אביב
49103,ז'בוטינסקי,32.021674,34.743238,מרכז,תל אביב
49104,רוטשילד,32.026704,34.744437,מרכז,תל אביב
49119,העצמאות,32.028191,34.748986,מרכז,תל אביב
49114,מחרוזת,32.033272,34.751559,מרכז,תל אביב
49144,הבעש''ט,32.038772,34.755811,מרכז,תל אביב
49090,איסקוב,32.042205,34.757079,מרכז,תל אביב
49121,ארליך,32.046052,34.758356,מרכז,תל אביב
49116,אצטדיון בלומפילד,32.0503,34.758947,מרכז,תל אביב
49122,שלמה,32.054357,34.759484,מרכז,תל אביב
49134,אליפלט,32.058423,34.763033,מרכז,תל אביב
49135,אלנבי,32.062791,34.775131,מרכז,תל אביב
49100,קרליבך,32.065272,34.782824,מרכז,תל אביב
49109,יהודית,32.070168,34.788406,מרכז,תל אביב
49149,שאול המלך,32.076636,34.792005,מרכז,תל אביב
49093,ארלוזורוב,32.081554,34.796524,מרכז,תל אביב
49150,אבא הלל,32.082911,34.802729,מרכז,תל אביב
49145,ביאליק,32.087285,34.812851,מרכז,תל אביב
49146,בן גוריון,32.091009,34.823592,מרכז,תל אביב
49117,אהרונוביץ',32.092685,34.838868,מרכז,תל אביב
49128,שנקר,32.092669,34.853254,מרכז,תל אביב
49102,גשר אם המושבות,32.099237,34.846378,מרכז,תל אביב
49140,שחם,32.091952,34.8613,מרכז,תל אביב
49141,בלינסון,32.091462,34.866804,מרכז,תל אביב
49142,דנקנר,32.090949,34.872167,מרכז,תל אביב
49120,קרול,32.091913,34.877506,מרכז,תל אביב
49131,פינסקר,32.093731,34.882201,מרכז,תל אביב
49152,גשר אם המושבות,32.099237,34.846378,מרכז,תל אביב
18827,בר לב/כניסה,32.910811,35.182307,צפון,חיפה
37164,בר לב א,32.910177,35.188552,צפון,חיפה
35611,בר לב יציאה,32.909955,35.182829,צפון,חיפה
50902,שלום הגליל/טניס,32.919014,35.092146,צפון,חיפה
6080,שלום הגליל/קניון עכו,32.920939,35.091932,צפון,חיפה
50881,נחל דישון,32.956791,35.508836,צפון,פריפריה
50882,נחל מירון/נחל משושים,32.957592,35.508501,צפון,פריפריה
50877,נחל מירון/נחל השופט,32.958379,35.506165,צפון,פריפריה
7221,בריכה,32.961041,35.487595,צפון,פריפריה
50880,נחל מירון/נחל משושים,32.957759,35.507917,צפון,פריפריה
48429,עין אבראהים ה,32.537569,35.145815,צפון,פריפריה
48430,עין אבראהים ו,32.536046,35.14575,צפון,פריפריה
48426,עין אבראהים ב,32.537408,35.146059,צפון,פריפריה
50377,חניון שפירים מערבי ב/הורדה,32.001207,34.842142,מרכז,תל אביב
43317,אמרי סופר/הרב אלישיב,31.707699,35.113676,ירושלים,ירושלים
27316,כרמיה,31.604111,34.543461,מרכז,פריפריה
28687,זיקים,31.60827,34.52155,מרכז,פריפריה
48975,א-שאע'ור,32.516408,35.142818,צפון,פריפריה
34796,חרמש/מרכז,32.42377,35.11975,מרכז,פריפריה
43315,הרב אלישיב/באר יעקב,31.707123,35.111903,ירושלים,ירושלים
7401,חזון איש/ חתם סופר,31.695636,35.12329,מרכז,ירושלים
44535,יביע אומר/האדמו''ר מלעלוב,31.705858,35.109788,ירושלים,ירושלים
43316,הרב אלישיב/אמרי סופר,31.707479,35.11277,ירושלים,ירושלים
44006,אמרי סופר/שבט הלוי,31.7076,35.114676,ירושלים,ירושלים
34314,הרב שלום שבזי/אזור תעשייה ערבה,31.696193,35.124213,מרכז,ירושלים
12757,מסוף אגד/קניון פרץ סנטר,31.060742,35.019583,דרום,פריפריה
34501,אוניברסיטת אריאל/רמת הגולן,32.104936,35.207797,מרכז,פריפריה
34499,מעונות סטודנטים/רמת הגולן,32.106246,35.203356,מרכז,פריפריה
34500,מעונות סטודנטים/רמת הגולן,32.10606,35.205953,מרכז,פריפריה
34659,אוניברסיטת אריאל/רמת הגולן,32.105393,35.207381,מרכז,פריפריה
