community_louvain,dominant_city,dominant_region,dominant_metro,n_neighborhoods,n_stops,population,mean_socio_cluster,socio_cluster_spread,rho_use_per_capita,p_use_per_capita,rho_stops_per_capita,p_stops_per_capita,rho_stop_level_use,p_stop_level_use,abs_rho,significant_05
64,מודיעין עילית,מרכז,תל אביב,21,314,104271.03854761086,3.857142857142857,8,-0.7286763824165376,0.0001794488968488432,0.3753383378778689,0.09361287235588417,-0.5127551473598116,1.876246543692905e-22,0.7286763824165376,True
9,ביתר עילית,מרכז,ירושלים,17,316,82543.14573515732,4.470588235294118,5,-0.7052147153557315,0.0015664206521126853,0.26114391069523507,0.31133774305549283,-0.5880760598954498,8.794312793972868e-31,0.7052147153557315,True
0,יבנה,מרכז,תל אביב,24,264,65103.16113974589,7.5,7,-0.553564866435638,0.0050130374982657565,-0.008545598281167651,0.9683878018094052,-0.4474298359193664,2.1200032460332698e-14,0.553564866435638,True
34,נתניה,מרכז,תל אביב,100,820,299695.5967190784,6.3,8,-0.4750722929497304,5.907029272717037e-07,0.2903902988977688,0.003380618380547303,-0.436698331480769,1.654396076025603e-39,0.4750722929497304,True
56,נתיבות,דרום,פריפריה,72,638,112908.02457117995,5.972222222222222,9,-0.4554201063147961,5.8282189026238816e-05,-0.005036371734083134,0.9665087754604779,-0.5395887731961692,1.7435716585731878e-49,0.4554201063147961,True
71,אשקלון,מרכז,פריפריה,37,515,153899.578004516,4.972972972972973,8,-0.3934263122482764,0.015995009321450766,-0.07494982120013106,0.6593032819965549,-0.1117414602810319,0.011161322034339229,0.3934263122482764,True
17,צפת,צפון,פריפריה,26,295,51723.58487860281,4.576923076923077,8,-0.37751521247235487,0.057259410305068786,0.34759234770496084,0.0818702119210408,-0.6263977907491534,1.4850449109939528e-33,0.37751521247235487,False
36,אשדוד,מרכז,פריפריה,60,542,234633.70302071233,4.983333333333333,7,-0.36549524635662134,0.004083551520595287,0.025512912179458766,0.8465702013077441,-0.3402299600588691,3.7347910598906697e-16,0.36549524635662134,True
4,ירושלים,ירושלים,ירושלים,70,574,151508.39707509623,4.942857142857143,9,-0.36336876317673744,0.0019891681458028623,0.2620901745204019,0.028394695671945514,-0.38360723905884486,1.4581666661667264e-21,0.36336876317673744,True
18,חיפה,צפון,חיפה,35,462,98322.33920674847,5.714285714285714,9,-0.3456849734720693,0.04195007538890346,-0.06296758624440066,0.7193338538919056,-0.3192060203064547,2.107876931551036e-12,0.3456849734720693,True
27,נהרייה,צפון,פריפריה,65,842,147659.03088055048,6.292307692307692,8,-0.3421529189880039,0.005275089452347174,-0.16598902760853554,0.18634525364624097,-0.29169853194393264,5.606174366450379e-18,0.3421529189880039,True
55,רחובות,מרכז,תל אביב,51,476,190261.77656080766,6.9411764705882355,7,-0.326752537336101,0.019269812588931026,-0.08226519094842215,0.5660351006326757,-0.16474843357743324,0.0003066337202719228,0.326752537336101,True
59,אופקים,דרום,פריפריה,35,298,48804.62960724977,5.942857142857143,8,-0.32573097345962065,0.05619649478964884,0.07669327152885248,0.6614649823423904,-0.5566341384568835,1.2066795868149918e-25,0.32573097345962065,False
30,חולון,מרכז,תל אביב,42,279,155239.78654668742,6.380952380952381,5,-0.3023109321763224,0.05167000580464867,-0.2087405579131166,0.1846288766010692,-0.12811691919181875,0.03242027480299148,0.3023109321763224,False
38,ירושלים,ירושלים,ירושלים,28,331,110635.99367708442,4.25,7,-0.2895615726300516,0.13502132444308487,0.31804303879038454,0.0990774071684853,-0.2651620431610809,9.8892825334692e-07,0.2895615726300516,False
45,מגדל העמק,צפון,פריפריה,18,332,48457.489937048806,4.888888888888889,7,-0.2824526148912408,0.25611127437283376,-0.3752138057595818,0.12495442688761141,0.18120784856821262,0.0009105101143992116,0.2824526148912408,False
22,קריית אתא,צפון,חיפה,13,209,56119.57823904573,5.384615384615385,6,-0.22774006804074312,0.45427332715194246,-0.02277400680407431,0.9411317448264112,-0.10579061063113718,0.12738238845318756,0.22774006804074312,False
54,טבריה,צפון,פריפריה,54,566,79141.33704309753,5.555555555555555,8,-0.2236441120547247,0.10402376258834964,0.010147968227796098,0.9419422205387198,-0.2903945293745538,1.843668485107278e-12,0.2236441120547247,False
32,כפר סבא,מרכז,תל אביב,63,660,210160.6458868549,7.984126984126984,5,-0.2140840436433485,0.09202571774965232,0.007547266651569603,0.953186441887953,0.024110628746446695,0.536358488208462,0.2140840436433485,False
28,לוד,מרכז,תל אביב,75,775,260136.62117735436,5.613333333333333,9,-0.2061008431166859,0.07606217156348959,0.44284587324256175,6.933853339201981e-05,-0.3483705264342243,1.5640669182512303e-23,0.2061008431166859,False
1,קריית גת,מרכז,פריפריה,108,788,182172.20739071287,5.953703703703703,9,-0.2050473763108172,0.03327134993873316,0.07396994696532809,0.44676673138295786,-0.25809698177644036,1.8576995935033776e-13,0.2050473763108172,True
35,תל אביב -יפו,מרכז,תל אביב,41,281,131906.8307462963,8.463414634146341,7,-0.19238188220272756,0.22818570687209078,-0.2919854904868817,0.06396882959871449,-0.14714391987848716,0.01354758438756782,0.19238188220272756,False
58,אריאל,מרכז,פריפריה,30,347,95697.26601010456,5.666666666666667,7,-0.19113127688313666,0.31165644047042995,-0.3845379261101202,0.035892207913967855,-0.046657325066765336,0.38623490552349815,0.19113127688313666,False
21,קריית ים,צפון,חיפה,44,466,166502.6788030971,5.4772727272727275,7,-0.17535809551808046,0.2548880535739087,-0.2086081878257132,0.17417216139483496,0.03831905100956724,0.4092148328089137,0.17535809551808046,False
12,רמת גן,מרכז,תל אביב,65,512,276641.41914360196,7.7846153846153845,6,-0.16741873181932676,0.18252743878420474,0.10150205146891896,0.42108617933731796,-0.3720378721432409,2.9758533137853663e-18,0.16741873181932676,False
70,כרמיאל,צפון,פריפריה,34,555,95280.62576657449,5.588235294117647,7,-0.1558352738525239,0.3788192283972368,-0.031042883237554563,0.8616447660714495,0.07452173286708882,0.07941387184549527,0.1558352738525239,False
48,נצרת,צפון,פריפריה,30,741,122785.14534383401,4.266666666666667,8,-0.14871962926188415,0.4328434939262742,0.011458334196742276,0.952080010352349,0.043102564949072386,0.24124831205876066,0.14871962926188415,False
50,ראש העין,מרכז,תל אביב,21,385,93932.66121853123,6.904761904761905,7,-0.14582095239727313,0.5282347770729323,-0.012095747203460442,0.9584990743954411,0.16246620283410576,0.0013803493693487908,0.14582095239727313,False
63,אבטליון,צפון,פריפריה,43,806,87481.01655882686,6.0,9,-0.1455715573609245,0.35163504588966454,-0.1824231806004022,0.24166489105560646,-0.011966281083626339,0.73445207474207,0.1455715573609245,False
49,פתח תקווה,מרכז,תל אביב,72,563,270681.2087471721,6.388888888888889,8,-0.13689688127572555,0.2515110374859853,0.0619373318008959,0.605257820736608,-0.1290518692246581,0.0021540487689491157,0.13689688127572555,False
15,חיפה,צפון,חיפה,22,307,73340.46122106745,5.681818181818182,7,-0.12297205695851128,0.5856172442204932,-0.25973537264134156,0.24307967137598954,0.08359456331779719,0.14393891229895625,0.12297205695851128,False
57,אור יהודה,מרכז,תל אביב,22,175,75831.33544365787,6.045454545454546,8,-0.11235002514676382,0.6186327117007966,0.1728461925334828,0.4417661728646932,-0.24342565217775988,0.0011699314064014346,0.11235002514676382,False
14,חיפה,צפון,חיפה,32,407,99742.94636486282,6.21875,8,-0.10339503295149947,0.5733442497181972,0.11008967537281959,0.5486315977859044,-0.15056889878428414,0.0023217648715099237,0.10339503295149947,False
33,הרצלייה,מרכז,תל אביב,67,597,245362.04202925682,8.26865671641791,5,-0.09524554251509244,0.44326457795322605,0.026731447346999573,0.8299802072374673,-0.07119546242355922,0.08218956924047507,0.09524554251509244,False
7,מבשרת ציון,ירושלים,ירושלים,12,155,31173.097459001005,7.5,5,-0.0903003835737272,0.7801747998512543,-0.4984581173269741,0.09906015199870266,0.3369079225171053,1.8149830431713797e-05,0.0903003835737272,False
66,אילת,דרום,פריפריה,39,356,61835.24029913351,5.948717948717949,8,-0.08903814792332362,0.5898699604680875,-0.045208880828767416,0.7846354211023316,0.15348961949534976,0.003695208714562043,0.08903814792332362,False
60,נשר,צפון,חיפה,19,387,55745.553670960086,5.684210526315789,7,-0.0853409195300264,0.7283111968107903,-0.07200640085345979,0.7695675589001829,-0.010139295319209395,0.8424009636005514,0.0853409195300264,False
62,פרדס חנה-כרכור,צפון,פריפריה,44,550,113627.82247075517,7.045454545454546,8,-0.08178833797210817,0.5976452597938593,-0.17600673810004933,0.2531069994325054,-0.12980435584712402,0.0022871184554002616,0.08178833797210817,False
43,ראשון לציון,מרכז,תל אביב,69,643,308345.3590226096,7.101449275362318,7,-0.06902294757581992,0.573063117606994,0.188584399461765,0.12070008657353964,-0.1940462184374851,7.116948738130424e-07,0.06902294757581992,False
42,עפולה,צפון,פריפריה,81,796,156928.53539478878,5.679012345679013,8,-0.0504773959396452,0.6544989395107597,0.034729092602960095,0.7582371048684694,-0.1865242405594938,1.1528769586423845e-07,0.0504773959396452,False
37,מודיעין-מכבים-רעות*,מרכז,תל אביב,29,383,110458.6408420237,8.10344827586207,5,-0.042557996190424094,0.8264944166845404,0.33484310210201595,0.07581113727242858,-0.40410081332749115,1.7736415510502628e-16,0.042557996190424094,False
40,יקנעם עילית,צפון,חיפה,17,209,34928.640794935214,6.411764705882353,8,-0.02766475001553213,0.9160617937425721,-0.02137730683018392,0.9350953411679789,-0.063973080885646,0.35744502312856985,0.02766475001553213,False
25,באר שבע,דרום,באר שבע,89,1313,324840.88302646286,4.831460674157303,9,-0.014460766342445924,0.8930063702446913,0.36682373218379327,0.00040656353638928914,-0.2029204582192651,1.142818672977735e-13,0.014460766342445924,False
10,תל אביב -יפו,מרכז,תל אביב,88,512,200693.50661270902,7.6022727272727275,9,0.016678704049327253,0.8774254625817945,-0.07995233935370036,0.45900756128328213,0.2929986185418209,1.3556337632572917e-11,0.016678704049327253,False
68,בית שמש,ירושלים,פריפריה,22,517,142557.95295852347,3.272727272727273,7,0.03850059727205727,0.8649273505045206,0.41258849016921073,0.05635761918239628,-0.05219967191605838,0.236083859501881,0.03850059727205727,False
29,ירושלים,ירושלים,ירושלים,55,663,181419.96336565836,5.4,8,0.039630516725433954,0.773905660487005,0.2682850336694964,0.04765567657398563,-0.18247244629045037,2.252513497887235e-06,0.039630516725433954,False
11,בני ברק,מרכז,תל אביב,62,372,293196.31576018553,4.290322580645161,7,0.05557703720124993,0.6678941000438465,0.38152813264945923,0.002215901124133035,-0.26420331547213183,2.3311389836487816e-07,0.05557703720124993,False
41,חדרה,מרכז,פריפריה,33,512,138457.92133330507,5.787878787878788,7,0.07398959196946676,0.6823849738447858,0.47187767745562026,0.005564255004991162,-0.011729534678167676,0.7911870490472603,0.07398959196946676,False
2,ירושלים,ירושלים,ירושלים,34,331,152661.0453979419,2.588235294117647,7,0.12947718197098038,0.465502318757827,0.5374975266322987,0.0010450356225891742,-0.38449153722269147,4.189065612682441e-13,0.12947718197098038,False
16,אשלים,דרום,פריפריה,14,116,18875.54782397424,5.5,6,0.1329236827225332,0.6505457629399223,-0.177982558221697,0.5426877955957528,0.22764880882662133,0.013984550717215442,0.1329236827225332,False
31,בת ים,מרכז,תל אביב,77,436,242656.48673296525,5.220779220779221,7,0.14885079808262255,0.19635454098929087,0.1299435558665993,0.2600033453793869,0.05234768200632051,0.27542176051520495,0.14885079808262255,False
3,מעלה אדומים,ירושלים,ירושלים,19,320,109825.10320828001,5.052631578947368,7,0.1547565178980607,0.5269938492606459,0.3991089145792091,0.09050249558493993,0.22077498949783975,6.800897940110366e-05,0.1547565178980607,False
67,קדימה-צורן,מרכז,תל אביב,19,212,64661.63499150213,8.263157894736842,4,0.1938150010863586,0.42658533398680754,-0.11832915855798735,0.6294722685686154,-0.0641711297323983,0.3524848224716187,0.1938150010863586,False
20,עכו,צפון,חיפה,32,441,80296.33783291698,5.40625,8,0.1957659001797877,0.2829158549079354,0.5600203665806629,0.0008590261074918744,-0.12840254172338306,0.006934253894896785,0.1957659001797877,False
52,קריית שמונה,צפון,פריפריה,91,828,125601.16507118526,6.241758241758242,7,0.20986244731201317,0.04587098158597248,0.49045727282807533,8.011532709463475e-07,-0.1171477264004312,0.0007315654276439131,0.20986244731201317,True
6,ירושלים,ירושלים,ירושלים,53,659,296648.73422923783,4.943396226415095,8,0.3121170121853125,0.022892137357611867,0.1864488467528051,0.18130186458910524,0.5506244735656181,1.6377875737097826e-53,0.3121170121853125,True
23,בית שאן,מרכז,פריפריה,45,222,41647.42003546968,5.511111111111111,8,0.31907242280810016,0.03264989119673958,0.41781059062245546,0.004292995444875957,-0.2587314455293224,9.624732753531968e-05,0.31907242280810016,True
