stop_id,stop_name,region,bt_traveltime,bt_hop_control,rank_traveltime,rank_hop_control,rank_shift_vs_control,rank_shift_vs_nb04,abs_shift
4216,צומת מצפה,North,0.02225776133513957,0.0,140,27285,27145,27407,27145
19343,צומת ח'לית שריף/טמרה,North,0.017238512268742467,0.0,227,27285,27058,27320,27058
51777,צומת סאג'ור מערב,North,0.01702567703917873,0.0,232,27285,27053,27315,27053
28556,נחל סועה,South,0.01478386324168186,0.0,285,27285,27000,27262,27000
28219,כסייפה אבו רביעה,South,0.01453392940605049,0.0,293,27285,26992,27254,26992
35111,מסעף מחנה עמוס,North,0.02535039369802302,5.0341044508434996e-08,112,27082,26970,24408,26970
4304,מסעף טבח'ה,North,0.012435644891506765,0.0,359,27285,26926,27188,26926
4299,חוף אמנון,North,0.012374608766193743,0.0,364,27285,26921,27183,26921
26729,מחנה אריאל שרון / כביש 224,South,0.012137582126847433,0.0,373,27285,26912,27174,26912
11970,שדרות דוד טוביהו/מוטה גור,South,0.011819108085817131,0.0,395,27285,26890,27152,26890
15096,צומת ברורים,Center,0.011647141497469257,0.0,406,27285,26879,27141,26879
35604,בסיס נ.מ. אילת,South,0.011446258410835878,0.0,422,27285,26863,27125,26863
18844,מסעף כפר גדעון,North,0.02457727928986484,1.286518750951976e-07,119,26710,26591,25998,26591
12121,מסעף ערוגות,Center,0.01362969156779276,1.4825121822386916e-07,319,26639,26320,26854,26320
47911,ת. מרכזית ק''ש/רציפים,North,0.0,0.023784578192988067,26330,37,-26293,-26307,26293
29373,קריית החינוך/דרך נמיר,Center,0.02002443803628928,1.8651239953214492e-07,174,26439,26265,26100,26265
42405,תחנת התרעננות/צומת מגידו,North,0.0,0.017310870460186423,26330,72,-26258,-26242,26258
49800,מסוף מודיעין עילית/הורדה,Center,0.0,0.00924876919571632,26330,225,-26105,-26140,26105
10445,בייט/תוסיה כהן,Jerusalem,0.018371072401826054,2.4526761109211906e-07,196,26278,26082,25450,26082
51588,אורחות צדיקים/חובת הלבבות,Center,0.0,0.007756049940363939,26330,296,-26034,-24250,26034
42400,מסוף חצור הגלילית/הורדה,North,0.0,0.007047296200344783,26330,334,-25996,-26164,25996
27040,בסיס אורים,South,0.0,0.006210084632540473,26330,405,-25925,-25083,25925
47918,ת.מרכזית באר שבע/רציפים בינעירוני,South,0.0,0.005828914543108047,26330,446,-25884,-25451,25884
48874,סחלב/גרנית,South,0.0,0.005680809980955447,26330,471,-25859,-23612,25859
20325,מחלף עילבון/לצפון,North,0.01394506010504204,2.8946671896419467e-07,304,26162,25858,26837,25858
28586,מועצה אזורית רמת הנגב,South,0.0,0.005573457647658304,26330,491,-25839,-23291,25839
25945,צומת בית עזרא,Center,0.049063117421621866,5.142482148005031e-07,21,25712,25691,26250,25691
5823,מסעף מג'ד אל-כרום מרכז,North,0.030543833464976296,5.128506995654149e-07,82,25713,25631,26021,25631
2945,רש''י/חטיבת הראל,Center,6.61638214775302e-07,0.017910466822787498,25678,67,-25611,-25588,25611
22064,צומת נאות קדומים,Center,0.02177762728618735,6.059686498581303e-07,149,25573,25424,25927,25424
7575,יהודה הנשיא א,Center,9.097525453160404e-07,0.005616994690619019,25609,481,-25128,-23549,25128
5267,הגליל/הקישון,North,2.3157337517135573e-06,0.02181825417493856,25151,47,-25104,-25034,25104
27934,גבולות מרכז,South,1.654095536938255e-06,0.007019843088267934,25315,335,-24980,-24907,24980
42283,מחלף לקיה,South,0.01354238183643285,9.617545498360141e-07,322,25161,24839,25538,24839
7093,צומת מג'ד אל כרום מערב,North,0.03056682539293974,1.2537521614799104e-06,81,24900,24819,24507,24819
18723,תל חי/אורי אילן,North,0.010424275483338578,1.199219264280235e-06,489,24940,24451,24851,24451
24499,קניון עזריאלי הוד השרון/דרך רמתיים,Center,8.766706345772752e-06,0.00654015334548014,24089,373,-23716,-23713,23716
27918,ת.מרכזית באר שבע/הורדה,South,1.1330554428027048e-05,0.015927394019311075,23757,82,-23675,-23480,23675
19931,מסעף עמיר,North,1.0089982775323356e-05,0.008925224958575695,23910,241,-23669,-23809,23669
5666,בית ספר אזורי בית ירח,North,0.011580874219283714,3.0312834905719596e-06,411,23844,23433,23981,23433
4328,צומת גונן,North,1.736800313785168e-05,0.007485221563910112,23055,308,-22747,-22935,22747
4421,מסעף קלע אלון,North,1.951832733587141e-05,0.007453213689924806,22823,311,-22512,-22702,22512
35462,רפאל/כביש 784,North,0.011531109573558103,6.7316246891526135e-06,413,22747,22334,22297,22334
14873,צומת העוגן,Center,0.014915277193768896,7.440651741653088e-06,282,22573,22291,12293,22291
25916,הכלנית/הנורית,Center,2.1503241980197318e-05,0.007092533557135624,22600,333,-22267,-22389,22267
5634,מרכז/מסעף גינוסר,North,0.015224764244936682,8.655302720451743e-06,270,22276,22006,23158,22006
26649,צומת חלוקים,South,0.011598600609787894,8.35675616265598e-06,410,22348,21938,21794,21938
5635,מסעף גינוסר/דרום,North,0.015248748630222287,1.2648505177221996e-05,269,21428,21159,22385,21159
47879,מסוף חצור הגלילית/רציפים,North,3.258568207768363e-05,0.023831526373664577,21123,36,-21087,-21101,21087
39085,בית ספר ניסויי תפן,North,3.258568207768363e-05,0.013756611405887126,21123,110,-21013,-21093,21013
20309,מסעף מיצר,North,0.011688666111774179,1.4257868500390408e-05,405,21160,20755,24206,20755
17904,מסעף מעליא,North,0.011084783399496973,1.42742524933387e-05,436,21157,20721,22029,20721
19961,מסעף כפר חרוב,North,0.011734153739039981,1.6425455679609134e-05,403,20718,20315,23057,20315
27848,צומת תפרח מערב,South,0.01263161477918749,1.6584337057759134e-05,352,20515,20163,21272,20163
4777,מסעף משמר העמק,North,0.010564209208937659,1.7027574300114065e-05,472,20416,19944,19611,19944
42493,צומת קצא''א,Center,0.023074296407529483,1.9255045172956614e-05,132,20025,19893,20361,19893
34210,כפר יאסיף/מרכז מסחרי,North,0.013174236881757376,1.9412919286948874e-05,331,20002,19671,20078,19671
8558,יוסף קארו/בן איש חי,Jerusalem,0.016076828764350338,2.0290636866997175e-05,250,19871,19621,23626,19621
40740,מסעף זנוח,Jerusalem,0.011207648434483932,1.996918396366654e-05,432,19913,19481,19825,19481
26625,צומת מדרשת בן גוריון,South,0.011949985638351474,2.101121284361601e-05,384,19747,19363,13787,19363
19941,צומת אפיק,North,0.011345110468752103,2.2131679515464214e-05,430,19554,19124,22095,19124
4876,צומת הסרגל,North,0.015096985102153352,2.3382211310916208e-05,275,19354,19079,18844,19079
29018,גולדה מאיר/המעפיל,South,3.95328833328243e-05,0.00812900734957396,19075,275,-18800,-17938,18800
4837,מסעף רמת מנשה,North,0.010552795949732784,2.5737917905176815e-05,474,18964,18490,18014,18490
1636,צומת אולגה,Center,4.532221771210819e-05,0.015256990866902949,18563,88,-18475,-18497,18475
20209,מסעף רביד,North,0.013919421624219497,2.726534718958582e-05,306,18705,18399,18656,18399
44503,שד' גולדה מאיר/שד' הרצל,South,4.565303681949584e-05,0.01101815322451556,18527,162,-18365,-18178,18365
26555,צומת גבעתי,Center,0.011869336413501031,2.854318655125778e-05,392,18523,18131,19030,18131
41784,ת. רכבת כרמיאל/רציפים,North,4.5818446373189666e-05,0.006211645397544151,18507,404,-18103,-18318,18103
5249,מרכז/קיבוץ גינוסר,North,0.01175665521454898,3.006617181747317e-05,402,18269,17867,17825,17867
12537,צומת מחנה שיזפון/כביש 40,South,0.010829611594665297,3.0412294014576475e-05,455,18218,17763,17669,17763
11932,צומת בת הדר,Center,0.023170399358225596,3.454806273739664e-05,129,16730,16601,16966,16601
27867,צומת יכיני,South,0.010517739232711296,3.761664832915419e-05,478,16228,15750,17687,15750
26636,צומת משאבים,South,0.01833380195361098,4.010787844804569e-05,199,15924,15725,17035,15725
40360,ח'לאיל א נואר,North,6.864496478293758e-05,0.012021010639366564,15853,141,-15712,-15473,15712
4538,דולב/יצחק שדה,North,6.881037433663141e-05,0.009132540839673462,15841,230,-15611,-10329,15611
28614,ת.מרכזית אשקלון/הורדה,Center,6.864496478293758e-05,0.00824057952334471,15853,270,-15583,-15730,15583
28881,שדרות הרצל/החיד''א,South,6.80660313450092e-05,0.007127725023618681,15903,330,-15573,-15519,15573
7169,מחנה אל פורן,North,6.864496478293758e-05,0.006829244451691627,15853,345,-15508,-15652,15508
29406,מחלף נוף ים,Center,0.01872328907286793,4.4133091823633074e-05,192,15409,15217,13809,15217
18707,תל חי/90,North,0.013167592931350674,4.7001942061464203e-05,332,15106,14774,14806,14774
17966,צומת הר חלוץ,North,8.700542524295222e-05,0.01650376829950068,14714,75,-14639,-14689,14639
4287,מחנה רוויה,North,8.369723416907571e-05,0.007340625747055668,14889,315,-14574,-14765,14574
17813,מסעף כפר יאסיף צפון,North,0.012831012057842687,4.8755047785039356e-05,342,14913,14571,14697,14571
25864,צומת אחים,Center,0.031025759985968154,5.097128497542952e-05,77,14548,14471,14923,14471
19583,צומת עמקה לצפון,North,0.034237765131718605,5.124394463414169e-05,61,14519,14458,14349,14458
4930,קרן היסוד/ששת הימים,North,8.518592015232013e-05,0.006291784687128418,14815,391,-14424,-13356,14424
14843,צומת השרון לצפון,Center,0.025586605629678676,5.200403509257038e-05,108,14440,14332,5596,14332
18116,נשיאי ישראל/אילנות,North,8.981738765574725e-05,0.007715808432018538,14544,300,-14244,-14449,14244
51390,לקיה כניסה דרומית,South,0.01603330636011533,5.1843260174835755e-05,251,14456,14205,13991,14205
35685,כביש 3855/הרצוג,Jerusalem,0.020353313581421027,5.3884539296469896e-05,172,14259,14087,15158,14087
21788,בן גוריון/לבון,Center,9.362180739070524e-05,0.006750244606870972,14321,353,-13968,-14183,13968
21960,צומת בני ראם,Center,0.012798560410014464,5.4816942489888195e-05,344,14176,13832,16187,13832
49384,צומת בית גוברין למזרח,Center,0.011897083987312328,5.427877849839096e-05,390,14220,13830,13229,13830
12405,שד.הרצל/משעול איריס,South,9.767434145620397e-05,0.00786135202572792,14056,291,-13765,-13750,13765
26632,צומת חצב,Center,0.011638953724561413,5.5620678753706634e-05,408,14088,13680,14204,13680
4225,צומת פארק תעשיות קדמת,North,0.013647324286806104,5.6639331964255914e-05,318,13996,13678,13823,13678
1090,צומת חפציבה/כביש 4 לצפון,Center,0.02060794898670001,5.9969868904597844e-05,165,13688,13523,13883,13523
4793,צומת הזורע,North,0.010550149396873683,5.793838529217213e-05,475,13886,13411,13210,13411
20374,מחלף נחל צלמון/לצפון,North,0.013903873126172278,6.005779120938673e-05,308,13676,13368,13559,13368
35603,אזור תעשיה שחורת,South,0.011479009502467255,6.00180688932629e-05,418,13680,13262,13345,13262
13182,דרך ז'בוטינסקי/הרב שך,Center,0.02208880558440293,6.376667357427189e-05,143,13296,13153,9419,13153
12490,צומת שיטים,South,0.010920476576161107,6.148902045566575e-05,446,13547,13101,13640,13101
49976,צומת עפולה מזרח למזרח,North,0.010769733336228132,6.268368837716377e-05,463,13417,12954,12791,12954
1092,כביש 4/חוף הכרמל,Center,0.017738175934888988,6.601801578251747e-05,210,12990,12780,12298,12780
4756,מסעף מדרך עוז,North,0.010827375808864535,6.569001510174259e-05,456,13069,12613,12849,12613
4425,צומת האמיר,North,0.0001154558684782902,0.0073202156591949735,12809,317,-12492,-12684,12492
4804,מסעף תל עדשים,North,0.024564873573337805,6.745534380903887e-05,120,12570,12450,9608,12450
26644,צריף בן גוריון,South,0.011402865971250198,6.6435266363226e-05,426,12710,12284,7822,12284
18736,מסעף איילת השחר,North,0.017336988846534087,7.018778704392334e-05,223,12299,12076,12050,12076
18718,צומת גומא,North,0.013202659756733764,6.974877570290234e-05,330,12336,12006,18625,12006
3331,צומת חרושת,Center,0.020673120350855376,7.208997733478413e-05,163,12163,12000,12149,12000
27352,בית חולים ברזילי,Center,0.00012372634616298147,0.005566819420462764,12456,493,-11963,-9210,11963
18717,תל חי/הנרייטה סאלד,North,0.010799093532008785,7.19935296317166e-05,460,12171,11711,1197,11711
8021,מכורה,Center,0.00013199682384767275,0.0063616579860946675,12053,384,-11669,-10285,11669
12465,צומת שיזפון,South,0.010791732806869412,7.580585953205325e-05,461,11892,11431,11274,11431
1446,דרך חיפה/זבולון,North,0.010625441068889217,7.58722802198199e-05,467,11885,11418,2321,11418
27769,צומת צאלים/222,South,0.00013596665313632457,0.007134764132522614,11666,329,-11337,-11269,11337
24483,צומת עדנים לדרום,Center,0.010820770454020362,7.808674481457004e-05,457,11707,11250,11287,11250
17934,צומת כישור,North,0.00014704909323381087,0.016456192136041558,11281,76,-11205,-11255,11205
3491,אזור תעשיה דרומי,Center,0.017746777231681065,8.290487216235352e-05,209,11309,11100,11462,11100
4549,עיריית עפולה/הבנים,North,0.022669710152846172,8.684224211531722e-05,137,11074,10937,11383,10937
7613,מזכירות,Center,0.00014986105564660592,0.006297479079261464,11190,390,-10800,-9384,10800
1314,נשר אצטדיון,North,0.011008970687387301,8.78189005991515e-05,441,11013,10572,7817,10572
50851,א.ת לב ישראל/כביש 444 לצפון,Center,0.013018917310838873,9.000736287602542e-05,337,10871,10534,10664,10534
19486,תל חי/סיני,North,0.00016574037280121315,0.02376132913400789,10495,38,-10457,-10471,10457
11072,כביש 3855/רבי יוסף קארו,Jerusalem,0.019785435015331178,9.429387193797476e-05,177,10593,10416,4466,10416
17771,צומת כליל,North,0.03170344265479866,9.856608539456584e-05,72,10337,10265,8857,10265
26621,צומת קיבוץ טללים,South,0.011773548781078062,9.365160373590537e-05,400,10635,10235,1706,10235
12686,צומת ציחור,South,0.010952896848685096,9.353941883875689e-05,444,10638,10194,10606,10194
27686,צומת קיבוץ אורים לדרום,South,0.00016689823967706993,0.007152711069098393,10453,326,-10127,-10062,10127
5315,נייברג/ביאליק,North,0.015302666631074683,9.831544969623676e-05,264,10357,10093,10170,10093
6102,מסעף מבוא חמה,North,0.011818347201870139,9.798545688806943e-05,396,10374,9978,10744,9978
19849,כניסה מזרחית,North,0.00018955934853312403,0.007997764242599383,9832,281,-9551,-9347,9551
23543,יסודות/מזכירות,Center,0.00018906311987204255,0.007573186981968269,9845,304,-9541,-9616,9541
5636,מסעף מגדל צפון,North,0.015365527775130127,0.00010763015590277025,260,9661,9401,9845,9401
5224,מרכז/מסעף גינוסר,North,0.012855911971880246,0.00010940746916536825,341,9563,9222,9826,9222
20534,ת.מרכזית עכו/דרך הארבעה,North,0.00020775439943944483,0.016369357979586715,9264,78,-9186,-9154,9186
43571,שדרות ורדימון/ריה''ל,South,0.00019559679724294866,0.0056119661638979156,9666,484,-9182,-7429,9182
1107,כביש 4/שדרות החרות,Center,0.017824023493256083,0.00011475316499416616,207,9332,9125,9685,9125
19957,צומת מעגן,North,0.011938269128298162,0.00011152298149905219,386,9460,9074,9120,9074
4882,צומת התשבי,North,0.010591336375743445,0.00011068439148975458,471,9501,9030,9182,9030
48500,מחלף גבעת מרדכי/יציאה לבגין דרום,Jerusalem,0.010352535522017635,0.00011064165989477034,493,9504,9011,7163,9011
28651,מסעף קריית מלאכי/בן גוריון,Center,0.01727748998994929,0.00011766590672295538,225,9153,8928,9357,8928
16137,מסוף משה ארנס/אבשלום גיסין,Center,0.0002070100564478226,0.0064175641983911964,9280,381,-8899,-7492,8899
7197,מסוף חצור הגלילית/הורדה,North,0.00022098716373495088,0.009550189919764971,9000,215,-8785,-8911,8785
16691,צומת מעברות,Center,0.02063604104256901,0.0001245077379566311,164,8847,8683,3904,8683
19992,מסעף להבות הבשן,North,0.0002249569930236027,0.008965964207650983,8902,236,-8666,-8800,8666
12012,צומת יתיר,South,0.014945302966087032,0.0001260784127102328,281,8789,8508,8232,8508
27888,צומת יושיביה,South,0.010444628209978626,0.00012300424156387658,488,8917,8429,8968,8429
5225,צומת חוקוק,North,0.012801492228714977,0.00012645649033466103,343,8771,8428,9177,8428
5805,צומת מעונה,North,0.010467530081629513,0.00012321597148575537,486,8909,8423,8838,8423
28229,אל עטאונה,South,0.016692766682433663,0.000129422883989317,237,8641,8404,8902,8404
28320,צומת מחנה משאבים,South,0.011806299872709439,0.0001256555955497657,397,8800,8403,1682,8403
21305,צומת הלוחם הבדואי,North,0.02521793254592819,0.0001320265480792956,114,8504,8390,8172,8390
41289,מעבר גבול רבין/כביש 90,South,0.011413507319204501,0.00012618189037079364,425,8787,8362,8502,8362
12548,מתקן פארן,South,0.01098548253076278,0.00012629051047013444,443,8780,8337,8701,8337
6706,כפר יאסיף כביש 70,North,0.013022115228876955,0.00013068496083177108,336,8576,8240,8401,8240
19342,צומת ח'לית שריף/טמרה,North,0.03837786977176873,0.00013641456215646495,42,8207,8165,7781,8165
14054,דרך ז'בוטינסקי/סוקולוב,Center,0.017601244392689452,0.00013844720881173265,212,8124,7912,4505,7912
2028,הגפן/הפרסים,North,0.00026385580640060066,0.006460142693740453,8101,379,-7722,-7634,7722
3959,חסן שוקרי/הנביאים,North,0.0002795697140015141,0.009054348194775495,7838,233,-7605,-7647,7605
18712,בית המשפט/תל חי,North,0.013074798171728437,0.00014573628307425567,334,7874,7540,1936,7540
12274,צומת באר אורה/נמל תעופה רמון,South,0.011643426598838918,0.00014651741966836677,407,7849,7442,7617,7442
35701,מחלף שעריה,Center,0.00030030104473114023,0.01375929354678497,7506,109,-7397,-7413,7397
26770,צומת נבטים,South,0.014564695583037541,0.00015182457756124433,292,7678,7386,7408,7386
33893,צומת נחשונים,Center,0.013275384823841153,0.00015190939700370895,328,7676,7348,5542,7348
4738,מסעף היוגב,North,0.010894752633735818,0.00015026139378589094,448,7738,7290,7432,7290
28555,מחלף מולדה,South,0.014755412798446521,0.00015518895810539976,286,7573,7287,7448,7287
14605,צומת יקום,Center,0.019084874357242636,0.00015838572095992325,184,7467,7283,7712,7283
3201,מלל/קומוי,North,0.0002879780329809502,0.00594763450513438,7705,430,-7275,-6479,7275
17787,מסעף בית העמק,North,0.03456957669642842,0.00016479915761204308,59,7253,7194,7744,7194
29349,דרך נמיר/שד' קק''ל,Center,0.020028573275131623,0.00016238178207822975,173,7342,7169,13192,7169
17610,צומת נהריה,North,0.000319488552959624,0.012878366184433459,7278,128,-7150,-7196,7150
21281,מסעף משגב,North,0.011528132201591613,0.00015577565368923822,414,7552,7138,7074,7138
25834,רפאל מזרח,South,0.011018233622394156,0.0001592070116552057,439,7439,7000,7325,7000
8125,משטרת מעלה אדומים/דרך הר הבית,Jerusalem,0.0003229070170692964,0.007937815401753489,7242,286,-6956,-6959,6956
4223,צומת מחנה שמשון,North,0.011952080826031596,0.00016261624457265887,383,7331,6948,8393,6948
42415,תחנת התרעננות/פונדק עין יהב,South,0.0003372700799817102,0.015205031493431167,7034,89,-6945,-6978,6945
41639,ת. רכבת כרמיאל,North,0.0003184133908606141,0.006792162465961067,7287,349,-6938,-7169,6938
43297,מחנה עופר/כביש 443,Jerusalem,0.021989364117548104,0.00017009115136154914,145,7021,6876,4180,6876
25299,צומת עינת לדרום/כביש 444,Center,0.012780341597894481,0.00016646712230910957,345,7134,6789,3923,6789
16694,צומת אלישיב,Center,0.019436573663958238,0.00017341900601101673,180,6934,6754,7072,6754
14854,צומת העוגן/כביש 5700,Center,0.020703693550029788,0.00017547197793144547,162,6887,6725,704,6725
9048,בן גוריון/שערי ירושלים,Jerusalem,0.0003709143832030343,0.04327082248924893,6703,11,-6692,-6692,6692
25491,ששת הימים/דקר,South,0.0003324180664066913,0.005698367395657517,7095,468,-6627,-6477,6627
14837,צומת הרוא''ה,Center,0.01941771697483714,0.0001813433059457693,181,6741,6560,2120,6560
4927,קרן היסוד/שד' צבי אלדרוטי,North,0.00035050284427721627,0.006468382614798381,6903,377,-6526,-6432,6526
27684,צומת קיבוץ אורים לצפון,South,0.000377244055457718,0.01296971373391589,6651,126,-6525,-6337,6525
18832,צומת יבור,North,0.036544442710367414,0.00019259458240276984,48,6457,6409,6629,6409
21299,מבוא חמה,North,0.011909818685062825,0.00017918275121154594,388,6796,6408,6841,6408
11734,ת. מרכזית ירושלים/הורדה,Jerusalem,0.0003674573235308334,0.007190905277642834,6726,322,-6404,-6309,6404
27680,צומת מחנה אורים/כביש 241,South,0.0003941158299344882,0.01328578357567761,6499,121,-6378,-6208,6378
19968,מסעף בית הלל דרום,North,0.000355465130888031,0.005552328492734301,6850,497,-6353,-6631,6353
36135,מחלף גולני/מקדונלדס לצפון,North,0.012865444813269952,0.00018667643908843105,340,6599,6259,5432,6259
3489,צומת פוריידיס,North,0.0004053361113267194,0.010782207783062618,6385,169,-6216,-6287,6216
26626,צומת מדרשת בן גוריון,South,0.011370114879618821,0.00018521707657289107,429,6638,6209,4122,6209
14876,צומת חפר,Center,0.015422533158429959,0.0001981900310189042,259,6321,6062,2531,6062
12688,רפאל/שדמה,South,0.011050984714025533,0.00019228892239397062,438,6465,6027,6339,6027
15997,כביש 444/שדרות שלמה המלך,Center,0.010371179016602861,0.00019094216782139972,492,6493,6001,2506,6001
3121,השיטה/הנוריות,North,0.0003975618623031096,0.0055576991473052185,6450,495,-5955,-3268,5955
9658,שד' נווה יעקב/משה סנה,Jerusalem,0.0004426083974257281,0.011145352573440438,6096,160,-5936,-5727,5936
7282,צומת איילת השחר,North,0.01740116775336729,0.00020424532258855193,221,6137,5916,6066,5916
49724,גולדה מאיר/יצחק נבון,Center,0.0004157844814683794,0.006159404922781592,6303,410,-5893,-4675,5893
51199,דרך האר''י/המגיד ממעזריטש,Jerusalem,0.00047309889182329,0.019371681925996486,5884,58,-5826,-5841,5826
18828,מסעף יסעור,North,0.03653038289830344,0.00022218472711288162,49,5803,5754,6031,5754
3363,המרגנית,North,0.0004271701724143044,0.0055857457155469555,6225,489,-5736,-3156,5736
4505,עיריית עפולה/הבנים,North,0.02165260680718284,0.00021937597560167617,152,5857,5705,5946,5705
50491,מכון וינגייט,Center,0.02469371934518761,0.00022130010793105657,117,5817,5700,6559,5700
4548,הבנים/וולפסון,North,0.023103055615265048,0.00022169992526201924,131,5807,5676,5850,5676
48481,שדרות שז''ר/בנייני האומה,Jerusalem,0.0004533048818979288,0.006481278130681327,6025,376,-5649,-5893,5649
19352,צומת מישגב,North,0.010484397917783576,0.00021052871143883924,483,6024,5541,5306,5541
3208,המרגנית/צה''ל,North,0.00046157535958262007,0.0057506857155480125,5970,456,-5514,-3322,5514
27813,שדרות דוד טוביהו/בכור שטרית,South,0.01784106422177698,0.00023137960988394606,206,5652,5446,5915,5446
25975,שדרות הפלמח/חטיבת כרמלי,Center,0.0004757454446823912,0.006007467335261519,5865,421,-5444,-5668,5444
27706,צומת פטיש,South,0.0005292554353023436,0.013379669793933922,5546,119,-5427,-5260,5427
4586,מרכז מסחרי/קפלן,North,0.0005126869116740122,0.009473603859900974,5640,221,-5419,-2958,5419
20090,צומת צורית,North,0.0306884014149047,0.0002441265571049324,80,5444,5364,5898,5364
20480,ת. מרכזית ק''ש/הורדה,North,0.010396817497425402,0.00022025611218368546,491,5839,5348,6454,5348
27654,צומת גילת/תחנת דלק,South,0.01225760539944645,0.00022799943762623898,370,5718,5348,6671,5348
50613,צומת גן לאומי לב הרמון/לדרום,South,0.01108373580565691,0.0002253708331327356,437,5750,5313,5630,5313
10794,מסעף נחושה,Center,0.011784109262139445,0.00022924601764987826,399,5697,5298,7506,5298
18816,מסעף כאבול,North,0.01721320460702731,0.0002385818832086021,228,5513,5285,8574,5285
23975,אלי כהן/יוספטל,Center,0.0005304684386960984,0.008557135028772532,5532,260,-5272,-5283,5272
27710,צומת מסלול,South,0.0005600216122893952,0.01340855046908922,5383,117,-5266,-5099,5266
36097,בית חולים איטלקי/המגינים,North,0.0005750793953273231,0.01289432785917138,5312,127,-5185,-5252,5185
27841,צומת נתיבות/כניסה צפונית,South,0.012353217372578424,0.00023680901562508655,365,5536,5171,7178,5171
34309,הירדן/התעשיה,North,0.0005220325514577133,0.0057984137994164025,5591,448,-5143,-5386,5143
20855,צומת עין המפרץ,North,0.01156562267076859,0.00023689268056261787,412,5535,5123,5802,5123
27712,קרית חינוך מרחבים,South,0.000592441884813385,0.01344097074161321,5225,116,-5109,-4944,5109
4746,הבנים/שרה מלכין,North,0.023105536758570456,0.0002596443191835762,130,5210,5080,5141,5080
14866,צומת רופין לצפון,Center,0.02601427203075406,0.0002617807912969116,104,5174,5070,1192,5070
4358,בני יהודה הרחבה,North,0.000532784172447812,0.0057609822348428244,5517,454,-5063,-3026,5063
2881,העצמאות/בית וגן,North,0.0006105542309428589,0.015184608669852377,5145,90,-5055,-5093,5055
17799,מסעף אושרת-עמקה,North,0.03441607663060055,0.0002681873108358121,60,5061,5001,5669,5001
27704,צומת רנן,South,0.0006248621573373748,0.013479012962050934,5100,114,-4986,-4820,4986
4183,צומת יודפת/784,North,0.011770788016860457,0.0002490236680007859,401,5351,4950,5217,4950
26710,צומת הנגב,South,0.0005614882436654804,0.005776869826165019,5373,453,-4920,-4946,4920
20105,צומת ג'וליס,North,0.022933317844916236,0.00027065534080720534,133,5036,4903,4159,4903
42731,פז/אבני חושן,Center,0.0005686229090814742,0.005711431768590436,5341,464,-4877,-3421,4877
11065,כביש 3855/הרצוג,Jerusalem,0.015091187103464116,0.00026344182625138133,277,5150,4873,5336,4873
18834,פארק תעשיות/בר לב,North,0.030888216155766843,0.00027915805967225927,78,4936,4858,5263,4858
4797,מסעף מגידו עתיקות,North,0.010932796831085398,0.0002533448881410217,445,5290,4845,5064,4845
21474,מסעף משמר השבעה,Center,0.01816290355956043,0.0002745352050979558,202,4998,4796,4116,4796
12424,שדרות קק''ל/נחל חווה,South,0.011116486897288287,0.00025845274387150064,434,5229,4795,5060,4795
23660,שדרות ירושלים/מפרץ שלמה,Center,0.0006324709968072908,0.008073318034739143,5064,277,-4787,-4628,4787
17668,צומת קורנית / מנוף,North,0.011915025147681472,0.00026455155028875973,387,5132,4745,5210,4745
9339,הרצוג/ניות,Jerusalem,0.016712935620680724,0.0002762856499811895,236,4979,4743,1227,4743
18818,מסעף כאבול,North,0.03684581891719756,0.00029113383528910476,46,4778,4732,5113,4732
7557,שד. יחזקאל/רב ושמואל,Center,0.0006111055961218383,0.005953555564305708,5143,427,-4716,-3350,4716
12432,סטרומה/טיילת ספורט,South,0.0006489016791408774,0.007281903881548303,5006,319,-4687,-3580,4687
29085,בית חולים יוספטל,South,0.0006807430182269389,0.008669584306013542,4897,252,-4645,-4160,4645
2047,שבתאי לוי/רשפון,North,0.0007464106110433876,0.02306121023950019,4661,42,-4619,-4619,4619
34495,מוריה/שד. ירושלים,Center,0.0006470821740502453,0.006091791258665159,5018,415,-4603,-3461,4603
12327,מסעף קריית מלאכי/יגאל הורוביץ,Center,0.01747355544759437,0.00028937433336219913,218,4798,4580,5323,4580
22063,צומת מבוא מודיעים,Center,0.021754635358223907,0.00029540343600340907,150,4723,4573,6081,4573
2027,תחנת כרמלית/הנביאים,North,0.0007430748517105622,0.013660241355294974,4675,112,-4563,-4610,4563
47827,ת. מרכזית נהריה/רציפים,North,0.0007151482053952546,0.00892738182031748,4764,240,-4524,-4589,4524
29067,בית ספר רבין/דרך יותם,South,0.0007002613455628103,0.0077314444925530145,4815,298,-4517,-3537,4517
40162,אצ''ל/דוד אלעזר,South,0.0006673172761187901,0.005952060697543993,4935,428,-4507,-4379,4507
19831,ת.מרכזית עכו/דרך הארבעה,North,0.0007757708068240417,0.01486113049514835,4587,96,-4491,-4534,4491
22742,מחלף קסם,Center,0.010770574168126075,0.000279156362193492,462,4937,4475,2712,4475
10716,צומת רמות/גולדה,Jerusalem,0.0006983039991774334,0.006489636502905559,4822,375,-4447,-4657,4447
18940,מסעף מעגן,North,0.013656130048185387,0.00029205923887817826,317,4762,4445,4597,4445
3437,גרנד קניון/שמחה גולן,North,0.0007728485713754508,0.009677696081031847,4594,212,-4382,-4475,4382
42430,ת.התרעננות/דור אלון מגל כביש 6,Center,0.0008612875460837495,0.04535538876587658,4369,8,-4361,-4355,4361
5683,בית חולים פוריה,North,0.01050422067746469,0.00028829983559098345,480,4809,4329,4368,4329
17829,צומת כאוכב,North,0.012016255794542094,0.00029689519838926176,381,4709,4328,4773,4328
3029,הרצל/זבולון,North,0.0007765702863335618,0.006958117586272012,4585,338,-4247,-4412,4247
13946,ת. רכבת האוניברסיטה/שד' רוקח,Center,0.0007979081187600655,0.008181782457947621,4515,272,-4243,-4280,4243
14575,דרך אם המושבות/המכבים,Center,0.0007619039725727092,0.006254472824010594,4624,396,-4228,-669,4228
4282,מסעף תעשיות גולן,North,0.0008736105578339394,0.01149607252501125,4337,155,-4182,-2611,4182
23128,כפר הנוער בן שמן/443,Center,0.012763497391676659,0.000312923333523977,346,4522,4176,4018,4176
18236,מסעף שזור,North,0.01725903132387819,0.0003279303817571068,226,4365,4139,884,4139
49812,ת. מרכזית אילת,South,0.0009073541067874799,0.013188240316727705,4248,124,-4124,-4186,4124
28926,בי''ח פסיכיאטרי/הצדיק מירושלים,South,0.0007976048679116266,0.006134921884999043,4516,413,-4103,-2845,4103
10446,צומת גבעת מרדכי/בייט,Jerusalem,0.000960367868746351,0.012785164399138443,4143,131,-4012,-4049,4012
22110,צומת שילת,Center,0.025366666059783785,0.0003543977629724628,111,4110,3999,3364,3999
5684,בית עלמין הזורעים,North,0.010531513253824173,0.0003204950246780288,477,4440,3963,4015,3963
2444,רופין/קניאל,North,0.0009501951811941807,0.008382328958627451,4167,266,-3901,-4091,3901
3825,צומת עתלית,North,0.0008754355765763613,0.005544626928107215,4333,500,-3833,-1326,3833
26638,צומת ראם,Center,0.012068908291129563,0.00034154234232040755,377,4203,3826,4603,3826
39779,אלי סיני/קטיף,South,0.0010238851373647797,0.009920331859550838,4025,205,-3820,-3582,3820
37465,אצטדיון עירוני/בר כוכבא,North,0.0010986686344736883,0.017772127572137263,3879,68,-3811,-3757,3811
34612,'גיתית א,Center,0.000971615718397531,0.007261224040228247,4123,320,-3803,-2758,3803
2090,טרומפלדור/מרכז זיו,North,0.0010392682258583057,0.010073226224158545,3992,199,-3793,-3846,3793
34571,מזכירות,Center,0.0009790591483137532,0.00718980843246131,4108,323,-3785,-2740,3785
19675,מסעף אזור תעשיה,North,0.010829801815652044,0.0003380361561713186,454,4237,3783,3827,3783
18738,אגמון החולה,North,0.01712708412289662,0.0003662987444128769,231,4006,3775,5301,3775
26404,צומת מלאכי לדרום/כביש 40,Center,0.01224377532287371,0.0003494856512228309,371,4142,3771,7475,3771
19933,צומת כורסי,North,0.0011068380285422334,0.014140662156329822,3863,105,-3758,-2695,3758
13178,חיל השריון/קיבוץ גלויות,Center,0.0010953503350381972,0.01157358100826222,3883,151,-3732,-3803,3732
25549,בני ברית/הפלמח,Center,0.0009949384654683604,0.006595343377642778,4077,369,-3708,-3923,3708
29383,מחלף גלילות/דרך נמיר,Center,0.010414862498236584,0.00034611128987867,490,4170,3680,4066,3680
20920,צומת מורשת,North,0.014324642605245751,0.00037006057473678856,296,3973,3677,4095,3677
10685,שמואל מאיר/כביש 398,Jerusalem,0.0010715506570875503,0.008075091891870511,3928,276,-3652,-3381,3652
35401,אלביר/עומר אלמוכתאר,South,0.0011873704265839675,0.0112216717209628,3750,159,-3591,-2494,3591
42164,אצ''ל/מסוף י''א,South,0.0010341129614348484,0.0058987133008846695,4003,435,-3568,-1758,3568
4187,צומת חנניה,North,0.0010874354878939478,0.006631363614910239,3899,365,-3534,-3464,3534
44025,מירון שער כחול,North,0.0012596213196374303,0.013285159974407273,3640,122,-3518,-3413,3518
38904,כביש 375/3855,Center,0.016192690805177143,0.0003959473648941284,248,3759,3511,3698,3511
18747,צומת שמורת החולה,North,0.017158842757205837,0.0003980573787220914,230,3733,3503,4833,3503
5048,קהילת ציון/שפרינצק,North,0.022830929331179754,0.00041176369967347204,135,3635,3500,3698,3500
14875,צומת חפר,Center,0.020581125070742664,0.0004071919237762899,166,3659,3493,1574,3493
26642,צומת משאבי שדה,South,0.01867209757282559,0.0004054124133894655,193,3673,3480,3585,3480
51400,הרב יורם אברג'ל/סחלב,South,0.0011010211259040005,0.006251901138367958,3875,397,-3478,-1928,3478
4924,קרית הממשלה/דרך הציונות,North,0.010892798044176338,0.000376011477685632,449,3919,3470,1715,3470
8733,אצטדיון טדי/א''ס ביתר,Jerusalem,0.0013733734697126741,0.019897589678047733,3498,55,-3443,-3286,3443
43099,הרב יורם אברג'ל/דרך מנחם בגין,South,0.0011337722175353779,0.006284321410891949,3832,393,-3439,-1922,3439
1109,צומת חדרה,Center,0.019933849918879774,0.0004138716922371429,176,3614,3438,2275,3438
27945,הרצל/קיבוץ גלויות,South,0.0013376670607219668,0.014082928765565396,3538,107,-3431,-3297,3431
25748,שדרות הערים התאומות/רוברטו בקי,South,0.0011749040598872426,0.006622721153427709,3769,366,-3403,-2573,3403
39721,העליה/מגן דוד,South,0.0011665233091667554,0.006317072502523326,3780,388,-3392,-1894,3392
9841,ברזני/רובוביץ',Jerusalem,0.0012010387693708671,0.006620332057082131,3729,367,-3362,-2343,3362
17738,מסעף בן עמי,North,0.010302920007445208,0.0003845863079461694,497,3854,3357,5298,3357
2091,טרומפלדור/מרכז זיו,North,0.001253004937489677,0.007645520730481477,3656,302,-3354,-3474,3354
42877,ת. רכבת תל אביב - סבידור/הורדה,Center,0.0014625512737608051,0.023524135709231942,3392,40,-3352,-3248,3352
14077,מחלף גהה/דרך ז'בוטינסקי,Center,0.0015134422797806056,0.021712750401670602,3343,48,-3295,-3286,3295
20740,צומת עוקף עפולה,North,0.0014524612909854815,0.01336436853219094,3405,120,-3285,-3356,3285
39254,כביש 431/יהודה המכבי,Jerusalem,0.0014479125282589017,0.011547139921682794,3411,152,-3259,-3244,3259
18022,צומת תפן,North,0.0013774756266442807,0.00866500721069139,3492,254,-3238,-3407,3238
20501,צומת שפרעם צפון,North,0.028265123885031215,0.0004620433730981772,91,3318,3227,1377,3227
4186,מחווה אלון,North,0.0012378754769784821,0.005732000534997774,3679,457,-3222,-3206,3222
19293,צומת טמרה,North,0.0222431712935618,0.00045389994035903837,141,3357,3216,428,3216
5638,צומת מגדל,North,0.01886681244833702,0.0004470007926266731,190,3392,3202,3558,3202
19885,מסעף ענבר,North,0.0012582208520828227,0.005787488326023941,3644,449,-3195,-3179,3195
26900,צומת מחנה נתן,South,0.0014218439825967547,0.008404989826171359,3440,264,-3176,-2986,3176
11135,מסעף צור הדסה,Jerusalem,0.01033001382978542,0.000407532300195167,495,3656,3161,3781,3161
17761,צומת כברי,North,0.02232700912585152,0.0004680415117087648,138,3293,3155,4223,3155
8603,צומת נחשון,Center,0.03326281943019489,0.0004796615542085601,68,3221,3153,3366,3153
17710,שדרות הנשיא בן צבי/מכבי אש,North,0.001494806136731101,0.008890753078861878,3360,244,-3116,-2724,3116
35286,קניון ראשונים/שדרות נים,Center,0.001570591280581822,0.010181785835461485,3282,191,-3091,-3169,3091
3731,העירייה,North,0.0013312850087752802,0.005626553338459962,3547,479,-3068,-3262,3068
20106,מסעף אבו סנאן,North,0.034760459321391095,0.0005001237087709476,57,3118,3061,3612,3061
17735,מרכז רפואי גליל,North,0.001549887518111145,0.008766572047315086,3304,249,-3055,-359,3055
38111,מחלף גדרה לצפון,Center,0.018242512693580498,0.00047472253455810726,200,3249,3049,3669,3049
28475,מחלף עידן הנגב למערב,South,0.0015956067187521187,0.009550000726754843,3260,216,-3044,-3042,3044
18728,צומת כ''ח,North,0.017439377360270566,0.00047536700515940717,220,3243,3023,5111,3023
28228,צומת חורה,South,0.01665472248508408,0.00047491222268828147,239,3247,3008,3138,3008
26772,מחצבת הר דרגות/דריג'את,South,0.014511599116301822,0.00046696133011697114,294,3297,3003,3176,3003
18737,צומת יסוד המעלה,North,0.017190766801068746,0.00048120092746041645,229,3212,2983,3967,2983
9553,גשר המיתרים/שד' הרצל,Jerusalem,0.0014097856261324748,0.005654769673878346,3457,475,-2982,-3251,2982
5312,אלחדיף/הופיין,North,0.014660800371617582,0.00047472106704812676,289,3250,2961,3200,2961
7054,סלמה,North,0.0016870986812228801,0.008559512589871211,3177,259,-2918,-3066,2918
35201,עומר אלמוח'תאר/כ. אבן רושד,South,0.0016925256899131206,0.008516117898159727,3170,261,-2909,-2694,2909
5317,שדרות מנחם בגין/וינגייט,North,0.015336266693804265,0.0004930143595721016,262,3164,2902,3203,2902
19587,מסעף שייח' דנון,North,0.03141728412690834,0.0005368318298241661,74,2966,2892,3143,2892
17834,צומת געתון,North,0.01146042849593565,0.0004660382462400331,420,3302,2882,3646,2882
29450,צומת הרצליה,Center,0.0016073673380197497,0.006363193777986086,3248,383,-2865,-2196,2865
9526,מסוף 700/שד' נווה יעקב,Jerusalem,0.0018509604740928564,0.010387524082503905,3040,183,-2857,-2879,2857
29178,עומר אלמוח'תאר/כ. אבן רושד,South,0.0020317200343694685,0.016864468040076398,2909,74,-2835,-2578,2835
28671,ביה''ח אסותא,Center,0.002027948696545251,0.015572409019091602,2914,83,-2831,-2828,2831
28481,צומת רהט דרום,South,0.0020882901017327572,0.01693273705870746,2866,73,-2793,-2547,2793
49189,סלמה שכונה מזרחית,North,0.0018743422960042907,0.008941547251577456,3023,238,-2785,-2920,2785
18821,מסעף מכר,North,0.0017130475018747348,0.0064653214061650855,3153,378,-2775,-2789,2775
27583,ספרייה ציבורית/יצחק שמיר,South,0.001766132941306873,0.0067334742405149904,3116,355,-2761,-1483,2761
26661,מדרשת אור הדרום,South,0.011387593155792467,0.0004885806676078171,427,3184,2757,3047,2757
19809,הנרייטה סאלד/אליעזר פרי,North,0.0022133452379770793,0.020830130074504332,2774,52,-2722,-2729,2722
22065,צומת מתקן אדם,Center,0.021817325579073867,0.0005807589117928679,146,2832,2686,2876,2686
44887,שדרות נהר הירקון/קליין,Jerusalem,0.0017250507218211169,0.005723595359622239,3141,459,-2682,-2807,2682
9046,ויצמן/גבעת שאול,Jerusalem,0.0023622717296453146,0.030806605613227345,2676,19,-2657,-2648,2657
28480,צומת רהט דרום,South,0.0020602145868191257,0.008852740021173148,2890,245,-2645,-2478,2645
5821,כביש 85/מג'ד אל כרום מזרח,North,0.03139966249578815,0.0006190312142072254,75,2705,2630,8386,2630
27623,מרכז רפואי סורוקה/אוניברסיטת בן גוריון,South,0.0024416316890171763,0.029197855057263605,2634,23,-2611,-2602,2611
28530,הר צין/עין שחק,South,0.011418855561440601,0.0005216625783465821,424,3027,2603,2885,2603
27581,אזור תעשיה שדרות,South,0.0019009417275673408,0.006096910610336129,3000,414,-2586,-1521,2586
5228,הר האושר/הביאטיטודים,North,0.0022431575532044965,0.010413808329670968,2756,180,-2576,-1180,2576
18662,בי''ס תיכון אלבטוף,North,0.0021131936915381746,0.00819490385303829,2844,271,-2573,-2730,2573
9612,צומת חולדה,Center,0.03773207713585018,0.0006509414243820646,43,2614,2571,2773,2571
5229,צומת כורזים,North,0.0022509318022281063,0.010445484259203336,2748,178,-2570,-1186,2570
27817,צומת מחנה שדה תימן,South,0.011881798306667092,0.000540615781828711,391,2952,2561,3241,2561
5227,צומת כפר נחום,North,0.002259698508573879,0.010383124857460763,2742,184,-2558,-1156,2558
23686,כביש 444/המרץ,Center,0.01047513892109943,0.000518443374963307,485,3039,2554,2036,2554
5226,חוף חוקוק/אתר ספיר,North,0.0022840137129668714,0.010352795834294189,2728,186,-2542,-1131,2542
23751,מחלף שורק/כביש 3,Center,0.02047096138904061,0.000618581998937709,169,2709,2540,2488,2540
4542,שד' צבי אלדרוטי/רמת יזרעאל,North,0.002444863476630537,0.014432661393963606,2633,101,-2532,-2470,2532
16159,שד. הסנהדרין/שד. ירושלים,Center,0.014467066138460194,0.0005870722128598451,295,2808,2513,5135,2513
19886,מסעף מחווה אלון,North,0.002183273781115542,0.007815164204665546,2798,293,-2505,-1447,2505
29191,הר צין/נחל מנוחה,South,0.011451110424410896,0.0005547444890853473,421,2909,2488,2756,2488
1365,צומת גרנות/גן שמואל,Center,0.002248384495101221,0.007941180036681653,2751,285,-2466,-2478,2466
4176,צומת אעבלין מזרח,North,0.0021570193466216242,0.00667768809407338,2810,359,-2451,-2338,2451
7106,מסעף ענבר,North,0.0022194984733744897,0.007120115995065837,2771,331,-2440,-1408,2440
27827,שדרות דוד טוביהו/מוטה גור,South,0.01388539399092136,0.0006011872528900751,309,2749,2440,3912,2440
4659,קאנטרי קלאב/שדרות יצחק רבין,North,0.02526993455278364,0.0006938633805566741,113,2516,2403,3917,2403
27666,צומת דורות לדרום,South,0.0021184883725854603,0.0058394018188905866,2842,442,-2400,-1543,2400
27850,צומת תפרח מזרח,South,0.01933059694440342,0.0006608658866321253,183,2582,2399,2723,2399
35686,כביש 3855/הירקון,Jerusalem,0.011831270020168603,0.0005905303192692291,393,2792,2399,2375,2399
20792,מירון מרכז,North,0.0024647401913327448,0.009146943419353272,2622,228,-2394,-2398,2394
12205,הר צין/הר עריף,South,0.011483861516042275,0.0005878263998241125,417,2803,2386,2648,2386
15224,מכון וינגייט/כביש 2 לצפון,Center,0.02469967408912059,0.0006990414995153467,116,2494,2378,1798,2378
15993,מחלף ראש העין דרום לדרום,Center,0.013938539292858649,0.0006320223628258879,305,2669,2364,1464,2364
4189,צומת חנניה,North,0.002359434955799466,0.007156911991477374,2679,324,-2355,-1330,2355
19200,מגאר א'/כניסה,North,0.0021502332227652,0.00561225987748699,2820,483,-2337,-1158,2337
4706,מנזר המלאך גבריאל,North,0.002263199677460398,0.006150621375226892,2741,411,-2330,-1224,2330
27825,קאנטרי קלאב/שדרות דוד טוביהו,South,0.016630100879184484,0.0006650764905469559,240,2565,2325,2525,2325
23222,צומת חפץ חיים,Center,0.01307544694475572,0.0006385325956428696,333,2649,2316,2574,2316
5295,צומת שאן,North,0.0022582263635460035,0.005945702141588571,2744,431,-2313,-2141,2313
10452,דרך חברון/גבעת המטוס,Jerusalem,0.002875561467248344,0.013781425254153021,2418,108,-2310,-2309,2310
18803,מסעף נעמה,North,0.027946357620456053,0.0007435176531537292,94,2390,2296,3054,2296
2958,רכבל/סטלה מאריס,North,0.0022404172682649686,0.005600987008399167,2761,486,-2275,64,2275
18700,מסוף חצור הגלילית,North,0.023220788359377673,0.000749808302302281,127,2381,2254,2674,2254
12273,צומת אילות,South,0.011380921637126817,0.0006336957804192576,428,2664,2236,2497,2236
2957,דרך סטלה מאריס,North,0.0023380089049443256,0.005723510798227759,2696,460,-2236,-152,2236
8494,מחלף לטרון,Jerusalem,0.01798492957493446,0.0007268477861546913,204,2437,2233,1779,2233
24859,מחלף מורשה,Center,0.04300983442279891,0.000832709817773883,29,2228,2199,1758,2199
28420,בית ספר טכנולוגי עמל,South,0.016949362584756187,0.0007295181860446183,233,2428,2195,11094,2195
13215,ג. שמואל/ גשר הולכי רגל,Center,0.06061788568117769,0.0008485704619132663,13,2201,2188,2698,2188
51208,תחנת התרעננות/נווה זוהר,South,0.002864893469977058,0.008659454715440771,2425,255,-2170,-1859,2170
3327,הגפן/בן גוריון,North,0.0025036114364507937,0.005856705913361987,2601,440,-2161,-2023,2161
11897,דרך האלוף עוזי נרקיס/עמיחי פאגלין,Jerusalem,0.017751174368983425,0.0007748757166300749,208,2329,2121,2428,2121
11714,מאיר גרשון/אלי תבין,Jerusalem,0.0029751940740318904,0.00884064979126476,2364,246,-2118,-268,2118
4188,צומת שש/חלפתא,North,0.002746741425773558,0.0066413145820653306,2477,364,-2113,-1156,2113
10156,מאיר גרשון/חיים תורן,Jerusalem,0.0029966973160120876,0.00881213130580233,2348,248,-2100,-217,2100
10112,יקותיאל אדם/דוד ניב,Jerusalem,0.0030229974350494057,0.009198955267872911,2325,227,-2098,-310,2098
8439,צומת חטיבה שבע/לטרון,Jerusalem,0.033350128106286285,0.0008763670518617866,67,2158,2091,1872,2091
10406,מאיר גרשון/דב סדן,Jerusalem,0.0030062083653494827,0.008726782143843209,2337,250,-2087,-106,2087
8438,צומת גוש עציון,Center,0.011100800557946324,0.0006937678426987891,435,2517,2082,2406,2082
18715,צומת ביר אל מכסור,North,0.011471213198836486,0.0006986209205540865,419,2498,2079,3230,2079
22315,צומת בית חלקיה,Center,0.01641285643479541,0.0007826996897118573,245,2317,2072,2340,2072
38588,רובע דרכי הבשמים,South,0.011615362111228865,0.0007201540427791729,409,2452,2043,2310,2043
27873,צומת הנשיא/כביש310,South,0.012916297223727228,0.0007494125209943007,339,2382,2043,2469,2043
41959,קאנטרי קלאב/אצ''ל,South,0.012668364843695544,0.0007527443853527091,351,2374,2023,2471,2023
4185,צומת שש/חלפתא,North,0.003238614301941098,0.009529566397237156,2231,217,-2014,-2033,2014
20648,צומת ראמה,North,0.0033877321960928933,0.011801494500749384,2158,146,-2012,-2080,2012
40136,שדרות הערים התאומות/ליאו פיקרד,South,0.0031284460255292202,0.00848763586552746,2273,262,-2011,-1965,2011
28114,אלומה/מרכז,Center,0.003042956854528461,0.007537417864949199,2316,306,-2010,-1289,2010
28294,מסעף דימונה/פרץ סנטר,South,0.0035564818412745216,0.01609733397852314,2081,81,-2000,-1877,2000
29342,מחלף גבעת שמואל/מבצע קדש,Center,0.003311199164760113,0.010016950470666832,2195,200,-1995,-2062,1995
5708,שדרות מנחם בגין/וינגייט,North,0.0032075173058466583,0.008410299548629993,2242,263,-1979,-1875,1979
38944,גשר דוד שיפמן /דרך מנחם בגין,Center,0.0028519915247889396,0.0057212232242679776,2430,461,-1969,-1819,1969
49637,גלובוס סנטר/שדרות חיים בר לב,Center,0.003348413163683058,0.00952138997152066,2179,218,-1961,2500,1961
19673,המכללה האקדמית כנרת,North,0.013917890666905866,0.0008083044438019019,307,2268,1961,2462,1961
14800,צומת הדסים,Center,0.036281463574601415,0.0010277928471023893,50,1949,1899,1185,1899
5026,דרך גולני/דוד אלעזר,North,0.024457690939370103,0.0009742143828358634,122,2017,1895,2266,1895
27834,צומת מחנה שדה תימן,South,0.013867342294961574,0.0008557557225778871,311,2192,1881,2290,1881
27904,צומת קוממיות,Center,0.011006384784697893,0.0007801078923601508,442,2320,1878,2690,1878
43242,חיים יסקי/ צ'רצ'יל,Jerusalem,0.0029920768758122398,0.005642840180102763,2350,477,-1873,130,1873
40763,עוקף כפר יאסיף,North,0.022810087727414337,0.000984950209358204,136,2005,1869,2193,1869
16022,ת. רכבת יבנה מזרח/העצמאות,Center,0.003338914979533174,0.007284313241419111,2186,318,-1868,-719,1868
43905,מצודת אדומים,Jerusalem,0.0032282943211196856,0.006423451110337669,2233,380,-1853,-1468,1853
5319,צומת כפר חיטים,North,0.02551342227308563,0.0010207550864526017,109,1962,1853,2099,1853
20794,צומת איילת השחר,North,0.017287200570872244,0.0009316302241310011,224,2073,1849,2271,1849
25944,צומת אשכולות,Center,0.04906973380376962,0.00110957549270781,20,1868,1848,3194,1848
6474,מסעף נווה זיו,North,0.011432805100468782,0.0008089057413912797,423,2266,1843,2281,1843
16024,מושב בן זכאי,Center,0.003448002580194251,0.007468151982700423,2135,309,-1826,-745,1826
4936,רמת יזרעאל/הזית,North,0.003199820247948105,0.005917397108841368,2243,432,-1811,-1798,1811
25689,צומת שדה עוזיהו/כביש 4,Center,0.015308404100773393,0.0009334307583080149,263,2070,1807,2522,1807
18876,צומת חנניה צומת שבע,North,0.004173241687306795,0.04392138158527705,1816,10,-1806,-1806,1806
13044,פארק אריאל שרון/דרך לוד,Center,0.012599626146832184,0.0008751490717172806,355,2160,1805,2050,1805
11534,הראל/יצחק נסים,Jerusalem,0.003253909172005987,0.005997053239275694,2221,422,-1799,-1675,1799
15884,מחלף שעריה לדרום,Center,0.0033815419404620364,0.00658557923774294,2163,370,-1793,-2021,1793
26693,צומת הרוחות,South,0.011719570130055975,0.0008636857988134762,404,2181,1777,1986,1777
5020,צומת עוקף עפולה/מעונות הסטודנטים,North,0.004029845388383722,0.01457204629290964,1872,98,-1774,-1793,1774
26787,אזור תעשיה,South,0.0037749232732116706,0.00980744627129687,1982,209,-1773,-1874,1773
1372,צומת גרנות/גן שמואל,Center,0.0034485135119267725,0.006291013132879379,2134,392,-1742,-1870,1742
27791,צומת מבקיעים,Center,0.003845634282086698,0.009587124016172384,1956,214,-1742,2113,1742
4221,צומת פוריה,North,0.0039385760724233295,0.010164510174558716,1904,195,-1709,-1666,1709
26906,מחלף מיתר לערד,South,0.0036190688780695585,0.006717574920807893,2055,356,-1699,-960,1699
5706,שדרות מנחם בגין/ספיר,North,0.003960740952618302,0.010124143930748643,1893,196,-1697,-1654,1697
5065,שד' צבי אלדרוטי/שד' הבנים,North,0.0039240273832339915,0.0092709126103587,1912,224,-1688,-1549,1688
18957,צומת הרדוף,North,0.011485934649115237,0.0009079519258014658,416,2102,1686,2067,1686
27622,מרכז רפואי סורוקה/אוניברסיטת בן גוריון,South,0.00369744937658419,0.0069707970087999485,2016,336,-1680,-932,1680
11161,מחלף שורש,Jerusalem,0.004200310960768788,0.012586021649617533,1803,134,-1669,-1643,1669
18310,צומת מירון,North,0.004317988830918365,0.015408691521998499,1753,85,-1668,-765,1668
11289,הראל/יסמין,Jerusalem,0.0037264842669092455,0.006959049262781669,2002,337,-1665,-1604,1665
4242,מחלף טורען,North,0.01905786022029854,0.0011478956464665573,185,1832,1647,2717,1647
21692,צומת יד בנימין,Center,0.0036743857711474814,0.006267441282372089,2029,394,-1635,-1546,1635
18713,צומת נטופה,North,0.02095900411509817,0.0012178101111546312,157,1776,1619,1875,1619
26616,צומת טללים,South,0.012691847486668285,0.0010159758403460964,350,1967,1617,70,1617
26433,שד. ירושלים/חפץ חיים,South,0.010606766330277174,0.0009306393038350535,470,2074,1604,1840,1604
8468,מחלף בית חורון,Jerusalem,0.027977314018429858,0.0013265050064747987,93,1693,1600,1310,1600
6339,חוף צמח,North,0.015344520499256152,0.001131455640623354,261,1847,1586,1203,1586
27871,צומת שער הנגב,South,0.015620651532424777,0.0011462399349810297,257,1835,1578,1103,1578
5498,תחנה מרכזית ראש פינה,North,0.004439923240249664,0.011965398991886797,1714,142,-1572,-1651,1572
28865,שדרות דוד חכם/תחנה מרכזית,South,0.004378379858971981,0.010602897917549925,1733,173,-1560,-1465,1560
19911,צומת עמיעד,North,0.004435550914380358,0.010715276644635579,1718,172,-1546,-245,1546
10816,צומת ליאון שריגים,Center,0.011974164839333652,0.0010634843666089322,382,1917,1535,2523,1535
27794,צומת ברכיה,Center,0.004343744936312425,0.009602385545489457,1745,213,-1532,-1455,1532
4735,מסעף דברת/אלון תבור,North,0.011213444464011818,0.0010231721481010815,431,1956,1525,1798,1525
21301,צומת בית רימון,North,0.021707941816545215,0.0013489656563272752,151,1675,1524,2869,1524
3932,הדשנים,North,0.010494161019774217,0.0009852779793720504,481,2004,1523,666,1523
4509,בית חולים העמק,North,0.02568684933286892,0.0014077857014280005,106,1628,1522,2022,1522
4878,צומת תבור,North,0.010768410059798582,0.0010041008774009967,464,1982,1518,1736,1518
24394,טשרניחובסקי/ויצמן,Center,0.003757674995084112,0.005670423900588902,1989,472,-1517,-1633,1517
27900,מחלף עידן הנגב לצפון,South,0.028107571285137852,0.0014461579623882533,92,1605,1513,4711,1513
1249,הסתדרות/צומת קרית אתא,North,0.0042555301834435785,0.008251961201254798,1780,268,-1512,-1641,1512
6878,מחלף אליקים/כביש 672 למזרח,North,0.0039049060388269856,0.006142248658591878,1922,412,-1510,-256,1510
24928,מסוף רעננה/דרך השרון,Center,0.0044158285819282635,0.008931007680203147,1723,239,-1484,-1542,1484
5560,צומת שאן,North,0.004602410558494899,0.010750179445575415,1647,171,-1476,-1102,1476
26405,צומת קוממיות,Center,0.013283633509473529,0.0011834629589565489,327,1799,1472,2854,1472
38936,קניון עזריאלי/כביש 20,Center,0.003886692609081366,0.005566192934507778,1937,494,-1443,-632,1443
10236,שערי ירושלים/ליפתא,Jerusalem,0.004350643433643422,0.00765660931650335,1743,301,-1442,-1651,1442
16186,ת. רכבת ראשונים,Center,0.004473225697060022,0.007905261663076672,1701,290,-1411,-1501,1411
3970,פלים/קיבוץ גלויות,North,0.010543334523261498,0.0010946144076827838,476,1883,1407,68,1407
4222,מחלף גולני/לכיוון צפון,North,0.00429163357536315,0.006667508342431335,1762,360,-1402,-1195,1402
18919,צומת עין זיתים,North,0.004874729820392834,0.011744045998069916,1550,150,-1400,-161,1400
14839,צומת השרון לדרום,Center,0.010475792288836522,0.0011085184758721249,484,1871,1387,76,1387
28406,בית ספר אבן ח'לדון,South,0.016947377670111858,0.0014355405427963672,234,1612,1378,8056,1378
1259,651/השיטה,Center,0.004262714471725679,0.005830981384519204,1777,444,-1333,562,1333
23208,צומת בני דרום,Center,0.004688436391603199,0.007776846999803177,1620,295,-1325,-290,1325
18103,צומת כרמיאל,North,0.004553610408000243,0.006937576146057179,1659,341,-1318,-1133,1318
4791,דרך גולני/קפלן,North,0.004615647261113112,0.0069376777994007086,1645,340,-1305,-405,1305
22319,מחנה נחל שורק,Center,0.03488987234298813,0.0019342446897715818,56,1358,1302,1505,1302
18918,מושב מירון,North,0.005210070122248116,0.025757299096976334,1321,29,-1292,-1294,1292
12963,גשר בר אילן/כביש 4,Center,0.005093125567786581,0.013469301007761286,1407,115,-1292,-1205,1292
10775,גשר המיתרים/שד' הרצל,Jerusalem,0.005081362191693055,0.012830847334506566,1421,129,-1292,-1350,1292
34650,צומת אריאל,Center,0.004848622679168159,0.007915418855582146,1565,289,-1276,-1439,1276
12962,מחלף גבעת שמואל/כביש 4,Center,0.11813412024047286,0.0021951412587534027,2,1275,1273,1400,1273
1641,צומת אור עקיבא לדרום,North,0.004516039203207773,0.00602469338687406,1680,419,-1261,-339,1261
18831,צומת יבור,North,0.014315146521534641,0.0015327449134875503,297,1552,1255,1618,1255
25946,צומת אמונים,Center,0.05138915894535646,0.002205465679028484,19,1273,1254,1961,1254
18008,מחנה נטפים,North,0.021250124929599302,0.0018364743618944014,155,1405,1250,1550,1250
22062,צומת שילת,Center,0.02142844771833968,0.0018531245634546042,153,1399,1246,1158,1246
4095,ח'אלת זבדה/תחנת דלק,Center,0.031500586938058316,0.002077255197107977,73,1312,1239,542,1239
28329,צומת לקיה,South,0.017566073989419166,0.0017315995238166128,214,1451,1237,1584,1237
26849,יצחק רגר/וייצמן,South,0.004639561544254531,0.006245447360475725,1636,400,-1236,-139,1236
750,צומת רכבת ראש העין צפון,Center,0.024938224990631936,0.001979924265788764,115,1346,1231,1225,1231
16996,חלמיש/651,Center,0.004537294330857429,0.0058013730744080096,1671,447,-1224,726,1224
1566,צומת נרבתה,Center,0.004693440949544399,0.00625480349654898,1617,395,-1222,586,1222
12979,גבעת שמואל/גשר הולכי רגל,Center,0.1178854821130121,0.0024630184399595215,3,1211,1208,1641,1208
48560,יהושע בן נון/מרים הנביאה,South,0.004529437377056972,0.005653039554774183,1674,476,-1198,1122,1198
43528,צומת אוהלים (הנוקדים),South,0.02678768575143797,0.0021452501900988356,101,1294,1193,4564,1193
18704,צומת מחניים,North,0.017465842888861577,0.0018377328124076987,219,1404,1185,1419,1185
25693,צומת אשכולות,Center,0.010618287883258236,0.001370571443257191,469,1646,1177,1144,1177
6605,צומת חניתה,North,0.005029442889614459,0.00774489616839266,1471,297,-1174,877,1174
742,מחלף ירקון,Center,0.012333253358389544,0.0015500804365732991,367,1541,1174,502,1174
11073,כביש 3855/רבי יוסף קארו,Jerusalem,0.028894877833002947,0.0022875362426980463,90,1259,1169,829,1169
13354,ת. רכבת תל אביב - סבידור/דרך נמיר,Center,0.0054129173715946445,0.01990641205062461,1215,54,-1161,-1116,1161
37713,השל''ה/משך חכמה,Center,0.005171860515344843,0.010346122464969593,1348,187,-1161,1074,1161
13320,קניון עזריאלי/דרך מנחם בגין,Center,0.005268631405572065,0.01279894670977844,1288,130,-1158,-1118,1158
26654,מרכז אורן/יצחק רגר,South,0.005356865587499596,0.014535900089914018,1249,99,-1150,-1041,1150
28206,צומת שרה למזרח,South,0.005062965892496407,0.007834955477221859,1437,292,-1145,-1031,1145
25947,כביש 4/שדה עוזיה,Center,0.056664382052920625,0.002613938710376337,16,1158,1142,1568,1142
18703,צומת מחניים,North,0.019937684401144726,0.0021388388602735214,175,1296,1121,1381,1121
21282,צומת שבע,North,0.005563897698554579,0.025715251184904857,1150,30,-1120,-1134,1120
28421,משטרת רהט,South,0.027635784642440528,0.0024641186157523657,96,1209,1113,1990,1113
28419,בית ספר אל הוזייל,South,0.027631318584490795,0.002471993506856061,97,1208,1111,1945,1111
21302,צומת עוקף עפולה,North,0.030144569065766957,0.002529429282497691,84,1188,1104,1013,1104
3275,צומת כפר חסידים,North,0.03712012585056573,0.00265676723625534,44,1142,1098,608,1098
21696,צומת ראם מסמיה,Center,0.021262991692437894,0.002361203709636828,154,1238,1084,2011,1084
1976,טשרניחובסקי/האקדמית גורדון,North,0.004837347261258029,0.005572765775545377,1570,492,-1078,1339,1078
26421,תפרח/יציאה,South,0.014310874622894362,0.0019045981026134101,298,1370,1072,2189,1072
16289,צומת יסודות,Center,0.005778792277061805,0.03088306211054591,1081,18,-1063,-1012,1063
35694,מחלף שעריה למערב,Center,0.005669991386293797,0.018591610938340133,1106,63,-1043,-1010,1043
29479,דרך נמיר/ז'בוטינסקי,Center,0.02689103797274084,0.0026726755267295235,99,1139,1040,2285,1040
44197,שדרות דוד טוביהו/לימונית,South,0.012279131352420928,0.0018393155389418287,368,1403,1035,1544,1035
3996,מחלף יגור,North,0.005473098880880247,0.010998482642026918,1187,163,-1024,-1035,1024
44018,מחלף אשקלון צפון/לצפון,Center,0.005370600094107974,0.00921450983715816,1240,226,-1014,-659,1014
3295,מסעף כפר חסידים,North,0.01204145712154416,0.0018654950806641696,379,1392,1013,1142,1013
18955,קיבוץ מחניים,North,0.01784244158450504,0.002443297188400882,205,1216,1011,1234,1011
4894,צומת מגידו,North,0.07126419592209128,0.003232856756075525,8,1011,1003,815,1003
29378,מכללת לוינסקי/דרך נמיר,Center,0.020414093321925824,0.002555278477905012,171,1174,1003,1523,1003
25690,מסעף אמונים,Center,0.01468686391863937,0.002174119129204035,287,1284,997,952,997
18195,תחנה מרכזית נצרת,North,0.014289731343609585,0.0021421855715205522,299,1295,996,880,996
7562,שדרות בית הלל/כניסה לעיר,Center,0.006147001032565135,0.05659337205147541,997,6,-991,-991,991
24468,כביש 4/מחלף בר אילן,Center,0.012741966581437515,0.002003201079669573,348,1339,991,1107,991
11824,צומת גבעת מרדכי/בייט,Jerusalem,0.041703032784796215,0.0032075848972746767,35,1017,982,149,982
25941,צומת ברכיה,Center,0.005882018865870332,0.016176746020215266,1053,79,-974,-906,974
1125,צומת נחל חדרה,Center,0.0204675438438729,0.0026872715395494058,170,1135,965,1335,965
18309,מסעף ספסופה,North,0.005944736654979242,0.015349947701010424,1046,86,-960,123,960
12898,ת.רק''ל אהרונוביץ'/דרך ז'בוטינסקי,Center,0.03308360618669045,0.003168873893172967,70,1029,959,435,959
26718,מסעף שגב שלום/כביש 25,South,0.01610054691902095,0.002492429499751038,249,1204,955,3461,955
1569,צומת חריש לצפון,Center,0.00560027125941185,0.010552081194327217,1129,175,-954,-965,954
18302,צומת בר יוחאי,North,0.005991878377781982,0.015292718976376891,1034,87,-947,124,947
18687,צומת ראש פינה,North,0.012029244382829766,0.00205443273330955,380,1322,942,888,942
4712,אזור תעשיה/71,North,0.005120804099771348,0.00578148733911158,1387,450,-937,-202,937
27810,צומת דבירה,South,0.026405290369879496,0.0031383103834466465,102,1036,934,1623,934
25697,צומת אבא הילל סילבר/לדרום,Center,0.011806011183556748,0.002053039292740106,398,1323,925,668,925
44147,מרכז מסחרי/הרכבת,Center,0.0053832814932245,0.007373501628587436,1236,314,-922,-958,922
29336,דרך נמיר/אינשטיין,Center,0.01954629415307833,0.002871107037375563,179,1091,912,1310,912
5313,אלחדיף/טבור הארץ,North,0.015162399329542319,0.0025471233582064715,272,1177,905,1868,905
18293,נחל צבעון,North,0.005720441300170414,0.010176437673256534,1096,192,-904,1385,904
24850,דרך השבעה/קפלן,Center,0.012442745939804057,0.002297010187806066,358,1257,899,1217,899
7567,שדרות בית הלל/מסילת ישרים,Center,0.005222306490898752,0.0060911478373997276,1315,416,-899,340,899
18319,מסעף ג'יש מרכז,North,0.005750711248496384,0.010208485774284713,1088,190,-898,1347,898
24217,מחלף גהה/ז'בוטינסקי,Center,0.03353141120092807,0.003598226884719702,65,959,894,1416,894
21786,צומת כפר סבא רעננה צפון,Center,0.033385616463476445,0.0036517176586215124,66,951,885,114,885
4224,מחלף גולני/לכיוון מערב,North,0.017489473481490672,0.002859975634677524,217,1094,877,2265,877
18830,מסעף יסעור,North,0.014188939032066252,0.002562247437952564,300,1171,871,1128,871
20397,מחלף המוביל/למערב,North,0.01600845239317602,0.002739572702268535,252,1122,870,1393,870
4677,מכללת עמק יזרעאל,North,0.024532122481706428,0.0034824435540269866,121,971,850,357,850
21595,צומת בית דגן,Center,0.010850880506444414,0.0021284634881497282,452,1301,849,764,849
21270,צומת גבעת אבני,North,0.0061247114388177735,0.011532711996727387,1003,154,-849,-852,849
17785,צומת חניתה,North,0.0055807529320759785,0.007723103459693499,1143,299,-844,1271,844
26960,אורים מרכז,South,0.005362246911646436,0.006201303378922267,1244,406,-838,4,838
14227,כביש 4/מחלף מורשה,Center,0.04662548785613954,0.004213570205251861,25,863,838,290,838
19263,צומת אעבלין מזרח,North,0.006277619443465359,0.012095300470067651,973,140,-833,-599,833
15416,מחלף בית רבן למזרח,Center,0.006749184752426545,0.017611033760754107,899,70,-829,-841,829
19455,צומת יקנעם עילית,North,0.022924926066892164,0.0036580306187495386,134,949,815,637,815
10700,תחנת רקל''ה סיירת דוכיפת/משה דיין,Jerusalem,0.005385404249163571,0.005951736509195625,1235,429,-806,59,806
15486,צומת בני עי''ש לצפון,Center,0.012433360674434957,0.0025826055265691524,360,1164,804,1267,804
11120,מחלף מסילת ציון,Jerusalem,0.030038636849258723,0.004067209124974343,86,885,799,446,799
28438,בית ספר תיכון,South,0.005958526298105517,0.008823594005142835,1042,247,-795,366,795
24121,אלופי צה''ל/משה שרת,Center,0.005508119759165091,0.006361213851952331,1175,385,-790,-659,790
27814,קאנטרי קלאב/שדרות דוד טוביהו,South,0.01063341380937726,0.0023097518801068794,466,1251,785,1289,785
18861,צומת ראמה,North,0.014883143631137975,0.0030053333544762997,283,1067,784,486,784
4175,צומת אעבלין מערב,North,0.006080124374677638,0.009076808397388234,1016,232,-784,-529,784
23211,צומת בני עי''ש לדרום,Center,0.01639453653905928,0.00318719655240484,246,1024,778,1204,778
24467,בית משפט/טשרניחובסקי,Center,0.005916473675904757,0.008164904353060814,1050,273,-777,-678,777
16461,שדרות ירושלים/רותם,Center,0.005405470003355714,0.005835926012600071,1219,443,-776,941,776
18810,צומת טמרה,North,0.03880363396297663,0.004535070897683126,40,811,771,2478,771
28106,צומת מלאכי לצפון/כביש 40,Center,0.02941116845132954,0.004261646339387089,88,859,771,4904,771
25968,אלי כהן/יצחק בן צבי,Center,0.005682479807597683,0.00686987526272447,1102,343,-759,75,759
49563,מסוף קסטינה-מלאכי לצפון,Center,0.017520035532182336,0.0034861969909938833,215,970,755,1000,755
5294,מסעף חמדיה,North,0.006568027421556525,0.01090724960697441,921,166,-755,-383,755
6728,מסעף טל אל,North,0.03548226250449663,0.004586347415609205,54,802,748,3033,748
4888,צומת יקנעם המושבה,North,0.027768308020034133,0.004414167170716412,95,840,745,764,745
19314,כיכר אלקודס,North,0.005457522814574079,0.0057807411263736536,1194,451,-743,1148,743
20220,מסעף גדידה,North,0.03569688140041437,0.004642919143769508,53,794,741,592,741
15233,מחלף נתניה,Center,0.006377354315361862,0.009483352307277648,959,220,-739,-892,739
49662,ביר באקה/כביש 61,Center,0.006121655956784263,0.008392865700196385,1004,265,-739,-875,739
19571,צומת התשבי,North,0.013620445693801839,0.003040626930450703,320,1057,737,1734,737
27849,צומת גילת לדרום,South,0.007227996837723448,0.01425435721867196,829,104,-725,-633,725
1758,צומת אום אל פחם,North,0.06697961982101908,0.004966589013708577,9,730,721,470,721
16462,שדרות ירושלים/הקישון,Center,0.005550857124407174,0.005857024629070588,1158,439,-719,945,719
11208,צומת חמד,Jerusalem,0.023210770316630467,0.0044100931325390435,128,841,713,1197,713
34649,צומת אריאל,Center,0.0068114275798169905,0.01045009509158453,890,177,-713,-332,713
29482,ת. רכבת ההגנה/החרש,Center,0.018056399761149967,0.003916916385530554,203,913,710,180,710
20218,צומת יאסיף,North,0.0366632040130937,0.004904959114108192,47,746,699,553,699
5167,מחלף איכסאל,North,0.014070095024563136,0.0033620077130129987,302,990,688,196,688
4122,צומת כרכור,Center,0.0063713554622145665,0.008133384254477287,962,274,-688,-813,688
27809,צומת פלוגות לצפון,Center,0.005960014984088761,0.006745693711936231,1041,354,-687,-419,687
12833,ארלוזורוב/דרך נמיר,Center,0.005686118817778945,0.006060244645019729,1100,418,-682,2054,682
49677,ביר באקה/כביש 61,Center,0.006119891588211528,0.007155692649225801,1006,325,-681,-557,681
18916,מושב מירון,North,0.006124950363728665,0.007145897672124375,1002,328,-674,383,674
28399,כביש ראשי 2,South,0.012630000854542162,0.003186434707920591,353,1025,672,8803,672
21269,צומת גבעת אבני/לביא,North,0.04511366291421725,0.005067310544979472,26,693,667,196,667
4229,צומת תל חי,North,0.005654856412130813,0.005830850208099719,1110,445,-665,1378,665
40269,הייב/כניסה דרומית,North,0.005556106908575599,0.005556301704075643,1156,496,-660,-495,660
35989,עמק זבולון/חטיבה שבע,Center,0.005582820551497151,0.005609817625009483,1141,485,-656,1869,656
35053,מסילת ישרים/השל''ה,Center,0.010808025647908252,0.0027715738845506834,459,1113,654,2524,654
28538,חוות זוהר המדבר,South,0.005562888700277047,0.00554822875239729,1152,498,-654,1988,654
7259,אביבים כניסה,North,0.0069838394712838535,0.00981564994471564,861,208,-653,8836,653
1166,צומת פל ים,Center,0.00589199857560986,0.006237751933970685,1052,402,-650,900,650
20535,מחלף אזור תעשיה ציפורית,North,0.005588858000206976,0.005589052795707021,1135,488,-647,-488,647
7258,יראון 2,North,0.007046529692133814,0.009879828851548846,851,206,-645,4320,645
4111,כביש 65/צומת אום אל פחם,North,0.006522098702147544,0.007942412956162274,927,284,-643,-683,643
11221,קיבוץ מעלה החמישה,Jerusalem,0.005622766958714211,0.005622767133058931,1121,480,-641,1809,641
18301,ברעם,North,0.007108723684322692,0.009962062569015736,844,203,-641,3440,641
44758,מכללת קיי/יהודה הלוי,South,0.0061026807241496865,0.006572295398330931,1010,371,-639,584,639
7375,ריב'ז / נועם אלימלך,Center,0.00610898834179721,0.006501266724890928,1009,374,-635,126,635
43819,צומת לכיש למזרח,Center,0.011904775531559091,0.0031923299235578502,389,1022,633,939,633
21286,צומת מעלה כמון/כביש 85,North,0.021803862816732265,0.004740812452693978,147,773,626,2307,626
7257,דובב יציאה,North,0.007243036241922078,0.009965244604782465,827,202,-625,2918,625
27754,צומת אבשלום,South,0.005717546632980772,0.005656551195692218,1097,474,-623,1746,623
5316,שמעון דהאן/יהודה הנשיא,North,0.015302170402413601,0.004056169819736156,265,887,622,1469,622
27758,צומת חולית,South,0.005749636086397374,0.00568730137703012,1090,470,-620,1670,620
11953,צומת מבטחים,South,0.00634180228862127,0.006816640610925301,966,347,-619,645,619
27759,צומת ניר יצחק,South,0.005782387178028752,0.005720052468661497,1079,462,-617,1615,617
27765,צומת גבולות,South,0.006401515137504741,0.006885111095564469,952,342,-610,627,610
20394,מכללת תל חי/כביש 90,North,0.005989149120146034,0.005963156321557252,1035,426,-609,1241,609
18975,בית עלמין,North,0.006019584478025698,0.005995907413188628,1027,423,-604,1211,604
4108,אל מדינה/אל ח'נדק,North,0.005839288064499428,0.0057001750711600085,1064,467,-597,1522,597
27839,צומת הגדי לצפון,South,0.006585167527087066,0.007227273529307435,918,321,-597,116,597
24035,קניון בת ים/יוספטל,Center,0.006050460928048545,0.005867390432293478,1022,438,-584,-523,584
1642,צומת אור עקיבא לצפון,North,0.012609583801964553,0.0037616732690897475,354,928,574,-33,574
26150,העצמאות/הציונות,Center,0.006601936380063759,0.006835862910164093,915,344,-571,-702,571
27870,צומת שדרות דרום,South,0.007807630368053455,0.010764567776680955,736,170,-566,-349,566
28450,אזור תעשיה רהט,South,0.0061559370867873085,0.005849183213390105,994,441,-553,-311,553
19672,צומת פוריה,North,0.008294620390549701,0.012718001931496541,683,132,-551,-509,551
21304,מחלף המוביל/לצפון,North,0.012105071798010876,0.003790304438575702,375,924,549,1090,549
27793,צומת בית שיקמה,Center,0.02948325497495045,0.005183811769966195,87,633,546,6818,546
19679,צומת המצודות/תל חי,North,0.006867970078921329,0.006949684656857383,880,339,-541,710,541
27859,מסעף נתיבות/מרכז העיר,South,0.012398793218272863,0.003956109378463158,363,903,540,925,540
5318,אולפנית/דרך מנחם בגין,North,0.009208627505886111,0.023388599294628016,577,41,-536,-493,536
27750,צומת נוגה,Center,0.006151360755801779,0.005697132810529462,996,469,-527,1730,527
17050,הרב עובדיה יוסף/כלניות,North,0.013789312307167866,0.004477279409383229,315,829,514,-89,514
23221,צומת יד בנימין,Center,0.019649155002984794,0.005068971447172673,178,691,513,168,513
28268,מסגד אלאחסאן,South,0.007278549673100143,0.0074628732507058095,821,310,-511,1215,511
10111,יקותיאל אדם/דוד ניב,Jerusalem,0.013826612161525823,0.004487349154709055,314,821,507,4411,507
27642,צומת עוצם,Center,0.0065445944014499,0.0059703622602933605,924,425,-499,1325,499
17629,שד. הנשיא בן צבי/הגלעד,North,0.007019071706220638,0.006665654421836466,858,361,-497,-526,497
27875,צומת יד מרדכי,Center,0.007945581935834107,0.009499143932433925,716,219,-497,1393,497
19090,בית עלמין ישן/כביש 6400,North,0.00675924086562659,0.006240036754200056,898,401,-497,266,497
27740,צומת נהורה,Center,0.00633322856008814,0.0056602629444408425,968,473,-495,1855,495
27864,צומת הגדי לדרום,South,0.00829995458610148,0.010166847486592,682,194,-488,-268,488
21213,כפר כנא ז'/בי''ס חט''ב א,North,0.006681250261059949,0.0059782310317765324,905,424,-481,1359,481
27842,מסעף נתיבות/מרכז העיר,South,0.010195576558633634,0.030774156039168662,500,20,-480,-453,480
3276,צומת כפר חסידים,North,0.023453779005613854,0.005264400176134957,125,595,470,384,470
13356,דרך קיבוץ גלויות/כביש 1,Center,0.007650936201331052,0.007974753562895337,753,283,-470,-612,470
22234,צומת אודים,Center,0.00942655262371637,0.01510579242954164,560,91,-469,-372,469
10113,יקותיאל אדם/תמיר,Jerusalem,0.01383389018188835,0.0047542733790942905,313,772,459,2840,459
10155,מאיר גרשון/אלי תבין,Jerusalem,0.013781786172474796,0.004732061637891938,316,774,458,4945,458
17303,ת.התרעננות/דור אלון מגל 6,Center,0.010840764530739238,0.1130313029835912,453,1,-452,-452,452
20409,מסעף קיבוץ קדרים לדרום,North,0.020518283224468484,0.005224632888466696,168,618,450,221,450
27792,צומת אשקלון,Center,0.008829172203407572,0.010412626631926623,628,181,-447,-325,447
5710,משטרה/שמעון דהאן,North,0.010467513540674142,0.022876663940296405,487,43,-444,-387,444
4171,צומת אבליים,North,0.010268046159874759,0.01881810079156715,498,61,-437,-329,437
4671,אורט יגאל אלון/מעלה יצחק,North,0.007198513503719492,0.006251224299831201,834,399,-435,322,435
27522,מלכי ישראל/יציאה צפונית,Center,0.007588490419043777,0.007116966979957941,762,332,-430,-515,430
4312,צומת בית צידה,North,0.008792389198364461,0.009793267308486023,635,210,-425,1346,425
27805,צומת אבן שמואל,Center,0.010486523036716268,0.003980647188242643,482,899,417,725,417
7254,צומת מנות עבדון,North,0.00866067882185501,0.008953824202268671,651,237,-414,2556,414
8305,מחנה ישי,Center,0.008030137603174147,0.007786351010347588,708,294,-414,3440,414
17811,מצובה/מרכז,North,0.008627927730223632,0.00892115581541414,655,242,-413,1641,413
17756,צומת כברי,North,0.008695745647238101,0.008987013514349593,647,235,-412,2437,412
23534,מחלף בית רבן למערב,Center,0.010237157894883784,0.01488163321954055,499,95,-404,-343,404
20503,מעון נווה רם/הרב עובדיה יוסף,North,0.011828051229020177,0.004672283145525206,394,788,394,-37,394
18824,צומת אחיהוד,North,0.046884663753667406,0.006064244458970747,24,417,393,429,393
5276,בית ספר אזורי בית ירח,North,0.010880943692828287,0.018836901086809115,450,60,-390,-291,390
18285,צומת חירם,North,0.009390741455341658,0.010443119347819477,563,179,-384,1926,384
13605,לח''י/דרך קיבוץ גלויות,Center,0.006972867304222164,0.0055895937217700946,864,487,-377,2208,377
41662,כביש 38/כביש 3855,Jerusalem,0.02928628685374091,0.005717133438174798,89,463,374,647,374
43374,המשנה,Center,0.010733635457960362,0.015061118856784857,465,93,-372,-393,372
11070,שד. לוי אשכול/הגלעד,Jerusalem,0.009731530820494338,0.010931251502666751,530,164,-366,1021,366
18441,נוף הגליל/יציאה,North,0.009371305832782634,0.009820214043090173,565,207,-358,-459,358
29465,צומת הראשונים,Center,0.010624328492724492,0.004482905969856954,468,825,357,1128,357
17684,שדרות הנשיא בן צבי/הנגב,North,0.0075842761511924406,0.006164050767525946,763,408,-355,-586,355
4827,משטרה/שדרות הבנים,North,0.008108392863026696,0.006817299651385357,701,346,-355,761,355
19580,צומת אזור תעשייה טמרה,North,0.021060175949673035,0.00551113807063077,156,510,354,345,354
27649,מרכז אורן/יצחק רגר,South,0.012272775687236377,0.02514249513261009,369,33,-336,-301,336
4780,שדרות הבנים/נוף העמק,North,0.008209458100333623,0.006688397119405068,691,357,-334,840,334
29402,צומת הרצליה,Center,0.020947232337249534,0.005582306675618196,158,490,332,783,332
18893,צומת ערב אל היב,North,0.023736028354385208,0.005777311793791821,123,452,329,465,329
19494,תל חי/הגלעד,North,0.009605084668669906,0.009108467174114909,544,231,-313,94,313
26784,אזור תעשיה ערד,South,0.010902908506229738,0.012247642345459537,447,136,-311,-5,311
26896,בורנשטיין/הדקל,South,0.011946070945580724,0.0050828171433538495,385,685,300,2870,300
10193,תחנת רקל''ה גבעת המבתר/'יגאל ידין,Jerusalem,0.03583423867529858,0.006771749377721873,51,350,299,1209,299
729,מחלף ראש העין מזרח,Center,0.012422676519942319,0.018297010262836463,361,65,-296,-297,296
27899,מחלף עידן הנגב לדרום,South,0.013357075088758741,0.02474186308833905,326,34,-292,-119,292
15177,צומת ניצני עוז,Center,0.022014964002808116,0.005887421815902017,144,436,292,128,292
16087,מסעף גן יבנה,Center,0.008717987718558135,0.006654947273465686,644,363,-281,-510,281
780,צומת בארותיים לדרום,Center,0.009068953709585692,0.007397740605574951,593,312,-281,-265,281
27476,המתכנן/האומן,Center,0.010559001564822198,0.010108708857677045,473,197,-276,4401,276
24932,מחלף רעננה צפון,Center,0.013613867907216618,0.02125307138499426,321,50,-271,-301,271
27692,צומת בית קמה למערב,South,0.014622844130141789,0.029250446038369016,290,22,-268,-229,268
25942,צומת אבא הילל סילבר/לצפון,Center,0.03578859364640184,0.007321944774548553,52,316,264,1027,264
26715,צומת עומר מערב,South,0.008806707889507707,0.0066106165163648855,630,368,-262,1398,262
20485,צומת כרמיאל מערב,North,0.022295280816627152,0.006251896972623145,139,398,259,2263,259
6879,מסעף אליקים למערב,North,0.019391943409545746,0.005902615912114894,182,434,252,1469,252
4871,מחלף אליקים לצפון,North,0.01296718547292113,0.014482248708026585,338,100,-238,-247,238
10818,צומת האלה,Center,0.008177282266372316,0.005730582894638686,696,458,-238,-157,238
21589,מחלף מסובים,Center,0.009950903665751692,0.00802966844462887,516,279,-237,-411,237
25419,רבי יהודה הנשיא/חוני המעגל,Center,0.015269468671093488,0.02542329662858349,268,32,-236,-234,236
49720,כפר הנוער עדנים,South,0.04244535410409549,0.008358709728973488,32,267,235,1443,235
20504,מעון נווה רם/הרב עובדיה יוסף,North,0.010032999184075832,0.00801002893631954,511,280,-231,-236,231
14600,ת. מרכזית יבנה,Center,0.01273798218035484,0.01325544070841821,349,123,-226,-146,226
27776,צומת שובל,South,0.034212937157709164,0.007924895266421943,62,288,226,1620,226
21588,מחלף גנות/כביש 4,Center,0.11083768743162485,0.009140290221150841,4,229,225,227,225
49717,צומת א-זיאדנה רהט,South,0.03411898453121107,0.00793743751603261,63,287,224,1595,224
16105,מחלף גדרה לדרום,Center,0.017618147411192997,0.005905575087907748,211,433,222,2161,222
8146,קרית ארבע/60,South,0.01050910301612456,0.00860691774184921,479,258,-221,709,221
17972,צומת שבע,North,0.009322526555398322,0.006756386181334891,568,352,-216,122,216
36134,מחלף גולני/מקדונלדס למערב,North,0.018599918357245393,0.006163506924895032,194,409,215,1313,215
20301,צומת יהודיה,North,0.008548768494032405,0.00570529085025673,663,465,-198,1830,198
20108,עוקף כפר יאסיף 1,North,0.018408897890987975,0.0063414457036293755,195,387,192,1609,192
20625,חניון יהודיה/87,North,0.008517340678830579,0.005636192559979455,668,478,-190,1950,190
11160,מחלף שורש,Jerusalem,0.011009770166896823,0.008665871682982296,440,253,-187,-283,187
26740,בורנשטיין/האופק,South,0.012118560028172643,0.005342778013366657,374,556,182,82,182
12975,מחלף לה גווארדייה,Center,0.018196141427878367,0.030326511477544556,201,21,-180,-172,180
3265,צומת כפר חסידים/כביש 762,North,0.026813991384127073,0.00806670985398437,100,278,178,50,178
4790,דרך גולני/קוממיות,North,0.015107019948410778,0.014837018147639101,274,97,-177,73,177
4302,גן לאומי כפר נחום,North,0.012404217076304938,0.01016769286893476,362,193,-169,1349,169
4298,צומת אלמגור,North,0.01234681996117318,0.010106379485703166,366,198,-168,1379,168
4305,צומת כפר נחום,North,0.012467072706708592,0.010230416601330663,357,189,-168,1315,168
20204,צומת קצביה,North,0.008671099623737721,0.005613435551390101,649,482,-167,2317,167
7780,צומת אדומים/צומת מחנה ישי,Center,0.016676818838463937,0.017534395165597794,238,71,-167,104,167
51258,ת. מרכזית המפרץ/הורדה,North,0.01836541723297365,0.025560107881785667,197,31,-166,-162,166
20224,מחלף ישי/כביש 77,North,0.013948987663000305,0.012136227750550605,303,139,-164,-69,164
6877,מחלף אליקים/כביש 672 למערב,North,0.018874266643001975,0.006807798409176603,189,348,159,-31,159
7444,דרך האר''י/ כביש 375,Jerusalem,0.020869356075318826,0.06526833019423979,159,5,-154,-155,154
11549,מאיר גרשון/יוסף נדבה,Jerusalem,0.01081877726889835,0.005246115632083826,458,607,149,5037,149
27901,צומת דבירה,South,0.013469456177422257,0.010514029984952796,324,176,-148,-104,148
18823,צומת יאסיף,North,0.016724143693272568,0.006390378811954557,235,382,147,174,147
18958,צומת שפרעם,North,0.018905049360944393,0.02241900799771131,188,45,-143,-152,143
10216,רחמילביץ'/לבני,Jerusalem,0.010312293215487857,0.005181510920960129,496,635,139,6320,139
11081,מחלף הרטוב,Jerusalem,0.03012804071303024,0.009343111195191179,85,222,137,51,137
20408,מסעף קיבוץ קדרים לצפון,North,0.021785860481083736,0.03847040965005545,148,12,-136,-93,136
8905,שדרות נהר הירקון/אליהו הנביא,Jerusalem,0.009881572251320926,0.006308280970415874,523,389,-134,-236,134
4863,שדה נחום,North,0.014827781053516651,0.01153890294208192,284,153,-131,45,131
4902,צומת תל יוסף,North,0.015094917482732178,0.01182814123832911,276,145,-131,29,131
4638,כלא שאטה,North,0.015068286544587473,0.011796051784912507,278,147,-131,31,131
4721,מסעף בית השיטה,North,0.015044467568855562,0.011765616427032843,279,149,-130,34,130
18913,צומת ישי,North,0.009560468198386895,0.006018659922356236,549,420,-129,1451,129
4179,צומת כרמיאל,North,0.02217247800713896,0.03685192818718571,142,14,-128,-127,128
27854,צומת תפרח,South,0.013877602413277845,0.0058700764475599155,310,437,127,131,127
10218,מאיר גרשון/רחמילביץ',Jerusalem,0.010342397754260133,0.005211367345401864,494,621,127,5605,127
17675,מחלף הושעיה,North,0.025649155252407994,0.009023780572162337,107,234,127,790,127
18826,מסעף אחיהוד,North,0.014182901583356427,0.010578483149148034,301,174,-127,-148,127
13361,מחלף גהה/כביש 4,Center,0.01897457099636191,0.007386023943789416,186,313,127,1594,127
23129,צומת גמזו,Center,0.04205574568449914,0.011228469621144588,34,158,124,43,124
11080,מחלף הרטוב,Jerusalem,0.015274609232445502,0.01189881338668045,267,144,-123,70,123
16147,מסעף גן יבנה,Center,0.018336225981138866,0.016395925281765585,198,77,-121,-22,121
4884,צומת חבר,North,0.014998897236812914,0.011129669798053545,280,161,-119,-47,119
4869,צומת אומן,North,0.0151224581734222,0.011325038643266989,273,156,-117,-50,117
17488,גרנד קניון/שמחה גולן,North,0.01582176841405127,0.012226724620732965,254,137,-117,-200,117
27865,צומת ניר עם,South,0.01737786706090362,0.014110700164789578,222,106,-116,-110,116
25404,מחלף גדרה למערב,Center,0.011521121987173158,0.007538513621367013,415,305,-110,4,110
4870,מחלף אליקים לדרום,North,0.01659326889756412,0.006770212059479146,242,351,109,277,109
18829,מסעף אחיהוד,North,0.07420005442275798,0.01374771673044737,6,111,105,91,105
27778,צומת בית קמה לדרום,South,0.012175380047750402,0.008241897949618729,372,269,-103,-10,103
10328,תחנת רקל''ה גבעת המבתר/יגאל ידין,Jerusalem,0.020520666040983626,0.017991887505152963,167,66,-101,229,101
18691,צומת ראש פינה,North,0.023641259444867377,0.02627921382289869,124,27,-97,-112,97
3870,ת. מרכזית המפרץ/הורדה,North,0.012052070901239513,0.00798046099411868,378,282,-96,-263,96
4727,מסעף גבע,North,0.015680301893254627,0.010927711583964881,256,165,-91,74,91
4890,צומת יששכר,North,0.01556451520566895,0.010824186460353474,258,168,-90,82,90
8470,מסילת ישרים/מסוף,Center,0.010864044350092562,0.005424531394517577,451,537,86,1670,86
4885,צומת יזרעאל,North,0.01595132544698196,0.010878009677587796,253,167,-86,-7,86
25948,צומת עד הלום,Center,0.06601006043218426,0.014913420895552277,10,94,84,173,84
20219,מסעף גדידה,North,0.016623549873193668,0.011285223738068362,241,157,-84,120,84
25940,צומת אשקלון,Center,0.04110786899388258,0.013400465475195522,37,118,81,245,81
13246,בית ספר הולץ/חיל השריון,Center,0.02591295776017463,0.026790125448988622,105,26,-79,-59,79
2673,צומת זבולון,North,0.05728816537239111,0.0150978434580792,14,92,78,61,78
19576,צומת אבליים,North,0.045003032409997,0.014293395115492278,27,102,75,110,75
21271,צומת טבריה עילית,North,0.025460987444564685,0.02442197004418035,110,35,-75,-40,75
25938,בן גוריון/נאות אשקלון,Center,0.01307228946016408,0.006191073520335527,335,407,72,1349,72
10287,עמיחי גידי פאגלין/שדרות משה דיין,Jerusalem,0.013253412921458822,0.008631620222696403,329,257,-72,-134,72
34287,צומת שרה לצפון,South,0.014618449749665325,0.006659412291877589,291,362,71,1343,71
4762,צומת מחנה גדעון,North,0.009703172534010346,0.00570204160421316,533,466,-67,679,67
7559,שדרות בית הלל/ יציאה מהעיר,Center,0.014668578296409052,0.009332312012164883,288,223,-65,-21,65
787,מחלף ירקון,Center,0.009916035331833033,0.005757200773611174,520,455,-65,-138,65
27714,צומת הנשיא,South,0.03293970735778997,0.012620620757202931,71,133,62,122,62
21851,מסעף יסודות,Center,0.038631844457774914,0.01425976653391736,41,103,62,63,62
26711,צומת עומר מערב,South,0.013438996927051503,0.006350391979533646,325,386,61,1740,61
13358,סמינר הקיבוצים/דרך נמיר,Center,0.030208566415923368,0.011908483813742663,83,143,60,1191,60
6707,צומת ירכא/ג'וליס,North,0.01633854921217921,0.010318396250141557,247,188,-59,253,59
6708,מסעף טל אל,North,0.016442095592791542,0.01036152134804785,243,185,-58,239,58
20384,צומת יזרעאל,North,0.01576085634590352,0.009999708709832696,255,201,-54,52,54
3521,מת''מ,North,0.012496520858363036,0.007617534014725572,356,303,-53,-221,53
14165,סינמה סיטי/כביש 2,Center,0.018734954384726058,0.012222869120468906,191,138,-53,-19,53
2563,צומת אולגה,Center,0.026989452325033695,0.011795468773931846,98,148,50,18,50
4124,צומת כפר קרע,Center,0.0884112132746209,0.020234730155565487,5,53,48,35,48
15176,צומת ניצני עוז,Center,0.02077041287192515,0.013497891755646042,160,113,-47,-101,47
10226,יגאל ידין/דרוק,Jerusalem,0.054626898939656575,0.018359456597558048,18,64,46,69,46
3668,צומת זבולון,North,0.02343293740184843,0.016157133896991877,126,80,-46,4,46
44258,יגאל ידין/רבי שלמה זלמן דרוק,Jerusalem,0.01751172329817868,0.008652368872910883,216,256,40,1001,40
23418,רבי יהודה הנשיא/כניסה לעיר,Center,0.03706470446065864,0.04423648935294304,45,9,-36,-38,36
20917,מחלף המוביל/לדרום,North,0.0337584762468193,0.025880289489923256,64,28,-36,-31,36
18825,צומת אחיהוד,North,0.01643375068080769,0.009681581494293158,244,211,-33,-58,33
19581,צומת אחיהוד,North,0.031285309357667816,0.02246159769322999,76,44,-32,-38,32
26707,צומת הנגב,South,0.03081690809716944,0.021670470359951104,79,49,-30,-5,30
454,צומת הדסים,Center,0.011141097082052038,0.0062151831218232815,433,403,-30,25,30
29350,מחלף מסובים,Center,0.0484834132539397,0.020866683704028423,22,51,29,28,29
21744,צומת מודיעים (גמזו),Center,0.0421375186541936,0.018688822013673966,33,62,29,4,29
27876,צומת יד מרדכי,Center,0.015214365235106284,0.008917771187233133,271,243,-28,-140,28
751,מחלף קסם,Center,0.043007360631029216,0.019512809143970865,30,57,27,14,27
21778,מחלף גדרה/נתיב תחבורה ציבורית,Center,0.020765401159364344,0.012501980849652433,161,135,-26,7,26
29243,תחנת התרעננות/פונדק בית קמה,South,0.04070004924497943,0.038035572657114346,38,13,-25,-29,25
2392,מחלף יגור,North,0.0425941344839913,0.019860265663068435,31,56,25,10,25
39133,מחלף קמה לדרום,South,0.03979430945666954,0.03351992850572098,39,17,-22,9,22
4132,צומת כפר קרע,Center,0.0413784512585506,0.03560071361455061,36,15,-21,-23,21
10886,מסעף מבוא ביתר,Jerusalem,0.009918309450641488,0.005544659149524179,519,499,-20,-294,20
22235,מחלף נתניה,Center,0.026283318940314757,0.015486816166966576,103,84,-19,-22,19
14355,מחלף מורשה,Center,0.04307344568605261,0.022094530045620446,28,46,18,3,18
1296,מחלף יגור,North,0.03542891792343037,0.023606590377941696,55,39,-16,-36,16
28327,צומת פלוגות לדרום,Center,0.013489243098366743,0.00749092702242707,323,307,-16,487,16
25939,שד' בן גוריון/רמז,Center,0.013866630246216151,0.007149504071564767,312,327,15,995,15
25688,צומת עד הלום/כביש 4,Center,0.015279870952761208,0.008670706830055023,266,251,-15,-15,15
26630,מועצה אזורית רמת הנגב,South,0.012754206888410856,0.006679657192522529,347,358,11,4,11
36771,כביש 3855/שדרות יגאל אלון,Jerusalem,0.03457945164678392,0.01761836220681672,58,69,11,25,11
4219,צומת פוריה,North,0.03315488483914499,0.01897091449006504,69,59,-10,-30,10
14348,מחלף גהה/דרך ז'בוטינסקי,Center,0.05667832791618095,0.0275115010009103,15,25,10,6,10
748,מחלף קסם,Center,0.05538795144686005,0.045694502432505904,17,7,-10,-9,10
41133,מחלף חמד,Jerusalem,0.06402094307242032,0.08790435547733116,11,2,-9,-9,9
3021,צומת פוריידיס,North,0.017580074726642532,0.009942740281298629,213,204,-9,-65,9
3956,מחלף יגור,North,0.024579060199392953,0.013128510660374538,118,125,7,-45,7
8750,אצטדיון טדי/א''ס ביתר,Jerusalem,0.01897050953543161,0.010396749510646088,187,182,-5,-136,5
12408,פרץ סנטר /כביש 25,South,0.012073066887255051,0.006554514598116763,376,372,-4,172,4
13274,מחלף גבעת שמואל/כביש 4,Center,0.061369943846982904,0.03425639921419722,12,16,4,5,4
41132,מחלף חמד,Jerusalem,0.07359280234412748,0.06986092358257666,7,4,-3,-2,3
27689,מחלף קמה לצפון,South,0.13345308417601884,0.07984202306306616,1,3,2,2,2
16491,מחלף קסם,Center,0.04706135673319419,0.027611572624497878,23,24,1,-5,1
