source,target,hop_path_hops,time_path_hops,hop_path_seconds,time_path_seconds,same_path,extra_seconds_if_hop_routed,extra_hops_if_time_routed,time_penalty_ratio
41149,299,14,31,9180.0,4075.0,False,5105.0,17,2.252760736196319
10925,36990,16,26,6698.0,3555.0,False,3143.0,10,1.8841068917018284
15321,21025,14,31,8661.0,4978.0,False,3683.0,17,1.7398553635998393
6349,18796,24,37,4076.0,3433.0,False,643.0,13,1.1872997378386252
44247,22454,14,23,9074.0,6290.0,False,2784.0,9,1.4426073131955486
16173,29377,11,17,2478.0,1470.0,False,1008.0,6,1.6857142857142857
6936,6326,8,16,9269.0,1555.0,False,7714.0,8,5.960771704180065
34166,39480,8,19,5610.0,4720.0,False,890.0,11,1.1885593220338984
7347,29280,12,28,9983.0,5548.0,False,4435.0,16,1.7993871665465033
5663,16242,13,23,7809.0,7012.0,False,797.0,10,1.1136622932116371
43889,6441,24,51,14962.0,4557.0,False,10405.0,27,3.28330041694097
14960,18570,16,29,7524.0,4343.0,False,3181.0,13,1.7324430117430347
39874,41135,18,26,13872.0,8782.0,False,5090.0,8,1.5795946253700752
43760,29215,17,22,8405.0,5226.0,False,3179.0,5,1.6083046306926905
39579,13772,10,20,3668.0,3162.0,False,506.0,10,1.1600253004427576
28156,1457,14,24,9825.0,7173.0,False,2652.0,10,1.369719782517775
40483,18312,16,40,11535.0,9094.0,False,2441.0,24,1.268418737629206
44940,48025,27,39,14042.0,9288.0,False,4754.0,12,1.5118432385874245
23426,27388,14,23,9017.0,4170.0,False,4847.0,9,2.162350119904077
28839,24398,10,30,6634.0,4524.0,False,2110.0,20,1.4664014146772768
51092,41224,11,14,1619.0,1591.0,False,28.0,3,1.0175989943431805
23376,16158,9,14,4286.0,2012.0,False,2274.0,5,2.1302186878727634
19673,16298,15,29,12494.0,5469.0,False,7025.0,14,2.284512707990492
50602,10457,15,32,8266.0,6821.0,False,1445.0,17,1.2118457704148953
14381,13435,13,22,4775.0,1783.0,False,2992.0,9,2.67807066741447
42683,21047,14,39,6152.5,4562.5,False,1590.0,25,1.3484931506849316
20458,16520,12,31,7857.0,5238.0,False,2619.0,19,1.5
10887,9889,13,18,4686.0,2547.0,False,2139.0,5,1.839811542991755
13113,21518,9,14,4275.0,1550.0,False,2725.0,5,2.7580645161290325
4217,27748,6,9,11210.0,8237.5,False,2972.5,3,1.3608497723823976
18580,2387,13,42,11226.0,4534.0,False,6692.0,29,2.4759594177326862
2090,9647,8,21,12925.0,6344.0,False,6581.0,13,2.037358133669609
50830,51271,8,18,1959.0,1089.0,False,870.0,10,1.7988980716253444
44145,36814,12,33,7280.0,4717.0,False,2563.0,21,1.5433538265846936
5938,890,18,59,9477.0,6296.0,False,3181.0,41,1.5052414231257942
11379,2695,25,50,11710.0,8030.0,False,3680.0,25,1.4582814445828145
4255,35787,21,28,18658.0,2961.5,False,15696.5,7,6.300185716697619
38615,41588,20,38,8731.5,3502.5,False,5229.0,18,2.4929336188436833
44457,3456,12,16,8240.0,4804.0,False,3436.0,4,1.7152373022481266
22266,13308,9,13,2367.0,2059.0,False,308.0,4,1.149587178241865
4086,42670,7,26,6054.0,4624.0,False,1430.0,19,1.309256055363322
6281,1933,20,26,5767.5,4452.5,False,1315.0,6,1.2953396967995507
9733,2603,14,20,7839.0,6863.0,False,976.0,6,1.1422118607023168
8219,26930,14,31,12854.0,8339.0,False,4515.0,17,1.5414318263580764
27351,6481,17,42,12026.0,8562.0,False,3464.0,25,1.404578369539827
48005,24942,15,19,3924.0,3274.0,False,650.0,4,1.1985339034819793
44379,15744,10,15,6829.0,4104.5,False,2724.5,5,1.6637836520891705
10221,7503,15,15,2433.5,2393.0,False,40.5,0,1.0169243627246134
40605,13895,19,25,6933.0,5999.0,False,934.0,6,1.155692615435906
10627,9392,7,11,3274.0,1217.0,False,2057.0,4,2.6902218570254726
4779,20114,23,47,10723.0,3694.0,False,7029.0,24,2.902815376285869
18301,8741,15,39,9948.0,9112.0,False,836.0,24,1.091747146619842
11153,41204,12,38,7669.0,5506.0,False,2163.0,26,1.3928441699963676
49991,43164,15,44,7230.0,5439.0,False,1791.0,29,1.329288472145615
14415,12406,15,33,11764.0,5526.0,False,6238.0,18,2.128845457835686
18736,25135,11,25,12899.0,7488.0,False,5411.0,14,1.7226228632478633
17723,21603,27,55,14752.0,6948.0,False,7804.0,28,2.123200921128382
14228,2281,12,17,5927.0,4873.0,False,1054.0,5,1.2162938641493946
41586,2481,20,48,9558.5,3610.5,False,5948.0,28,2.6474172552278077
36027,44666,18,41,6762.0,4558.0,False,2204.0,23,1.4835454146555507
47184,3045,5,10,3789.5,3735.5,False,54.0,5,1.0144558961317092
41452,27523,7,9,4629.0,2694.0,False,1935.0,2,1.71826280623608
40291,51764,17,35,16036.5,8653.5,False,7383.0,18,1.8531807938984226
18847,23346,11,27,8792.0,4425.0,False,4367.0,16,1.9868926553672317
43695,9017,14,26,7940.0,4098.0,False,3842.0,12,1.9375305026842362
4556,4635,9,17,12291.0,959.0,False,11332.0,8,12.816475495307612
3887,33940,9,28,5714.0,4971.0,False,743.0,19,1.1494669080667874
44073,4991,21,34,11499.0,8536.0,False,2963.0,13,1.3471180880974696
24503,6765,11,33,10337.0,5439.0,False,4898.0,22,1.900533186247472
4541,24477,17,32,9746.0,6001.0,False,3745.0,15,1.6240626562239626
3932,38551,10,12,8304.0,5570.0,False,2734.0,2,1.4908438061041294
44200,9546,8,32,11014.0,5075.0,False,5939.0,24,2.1702463054187193
15741,12406,12,25,7632.0,3605.0,False,4027.0,13,2.1170596393897365
580,559,7,10,829.0,794.0,False,35.0,3,1.044080604534005
26037,35295,11,28,9467.0,8556.0,False,911.0,17,1.1064749883122955
28495,8820,18,28,6309.0,4697.0,False,1612.0,10,1.3431977858207367
7576,5223,13,29,6944.0,6557.0,False,387.0,16,1.0590208937013879
43392,40393,17,27,2543.0,1607.0,False,936.0,10,1.5824517734909769
14577,28627,10,25,4191.0,3855.0,False,336.0,15,1.0871595330739299
51534,34217,8,18,9281.0,6362.5,False,2918.5,10,1.4587033398821219
12844,8184,11,13,5146.0,3687.0,False,1459.0,2,1.395714673176024
34269,3766,9,16,6560.0,6243.0,False,317.0,7,1.050776870094506
18024,2443,9,31,6375.0,3283.0,False,3092.0,22,1.9418215047212914
7442,44227,14,24,6787.0,3524.0,False,3263.0,10,1.9259364358683315
24697,8274,12,20,7922.0,3026.0,False,4896.0,8,2.6179775280898876
2512,27948,14,53,9692.0,6805.0,False,2887.0,39,1.4242468772961059
22218,10356,9,16,3025.0,2007.0,False,1018.0,7,1.5072247135027403
16377,4506,11,28,6572.0,4513.0,False,2059.0,17,1.4562375360070907
35830,27031,10,33,8888.0,7655.5,False,1232.5,23,1.160995362811051
9946,13636,7,8,3259.0,2687.0,False,572.0,1,1.212876814291031
14655,21569,13,29,4199.0,2530.0,False,1669.0,16,1.6596837944664031
7210,11939,12,24,9903.0,9666.0,False,237.0,12,1.0245189323401613
3427,22159,16,39,9475.0,4484.0,False,4991.0,23,2.1130686886708294
39776,4655,11,19,8751.0,7979.0,False,772.0,8,1.096753979195388
7381,5456,10,21,8991.0,7248.0,False,1743.0,11,1.2404801324503312
14819,47044,8,29,3798.0,3529.0,False,269.0,21,1.0762255596486257
41920,48447,13,28,7310.0,4551.0,False,2759.0,15,1.6062403867281916
27707,367,14,47,7075.0,6274.0,False,801.0,33,1.1276697481670386
18758,51030,14,54,10006.5,6974.5,False,3032.0,40,1.434726503692021
13379,34471,13,24,6290.0,3376.0,False,2914.0,11,1.8631516587677726
16563,22261,10,14,5233.5,2398.0,False,2835.5,4,2.1824437030859047
23019,25276,11,18,2334.0,1578.0,False,756.0,7,1.479087452471483
41878,40945,20,48,16135.0,6834.0,False,9301.0,28,2.3609891717881184
27668,1038,15,50,11022.0,7411.5,False,3610.5,35,1.4871483505363288
48830,28117,13,22,8608.0,5397.0,False,3211.0,9,1.5949601630535484
71,34113,9,16,1504.0,1135.0,False,369.0,7,1.3251101321585903
7629,3338,25,34,10299.0,9478.0,False,821.0,9,1.0866216501371597
13207,40329,10,19,5924.0,5200.0,False,724.0,9,1.1392307692307693
23917,13473,10,18,2161.0,1364.0,False,797.0,8,1.5843108504398826
2936,24001,13,34,7698.0,5196.0,False,2502.0,21,1.4815242494226328
17086,28475,8,12,7485.0,7332.0,False,153.0,4,1.0208674304418985
50638,24385,14,18,6356.0,5663.0,False,693.0,4,1.1223733003708283
19638,43304,14,30,5592.0,5029.0,False,563.0,16,1.1119506860210777
20162,28968,13,20,8999.0,8691.5,False,307.5,7,1.035379393660473
43008,8393,17,35,8400.0,5265.0,False,3135.0,18,1.5954415954415955
12615,12494,10,63,14692.0,13724.0,False,968.0,53,1.0705333721946955
28519,38637,16,21,12354.0,8541.0,False,3813.0,5,1.4464348436951178
15278,34258,14,39,11221.5,7334.5,False,3887.0,25,1.5299611425455042
35906,29118,11,63,17794.0,17037.0,False,757.0,52,1.0444327052884899
24081,24678,13,23,4250.0,1880.0,False,2370.0,10,2.2606382978723403
9012,17825,17,35,8776.5,6319.0,False,2457.5,18,1.388906472543124
34382,50405,17,32,8637.0,6126.0,False,2511.0,15,1.409892262487757
7366,11880,8,18,1665.0,1527.0,False,138.0,10,1.0903732809430255
14851,3834,12,23,2909.0,1596.0,False,1313.0,11,1.8226817042606516
26956,10882,17,39,4526.0,3684.0,False,842.0,22,1.228555917480999
47888,20410,20,36,12480.0,8965.5,False,3514.5,16,1.3920026769282248
26162,37232,19,29,12261.0,5113.0,False,7148.0,10,2.398005085077254
25945,3497,8,11,9790.0,5761.0,False,4029.0,3,1.6993577503905573
3743,8,15,27,8468.5,6212.5,False,2256.0,12,1.3631388329979879
15904,49212,6,11,2373.0,2025.0,False,348.0,5,1.171851851851852
2872,24971,7,41,10259.0,2114.5,False,8144.5,34,4.851737999527075
21726,11407,13,17,3955.0,2476.0,False,1479.0,4,1.5973344103392568
9892,15787,10,26,3793.0,2548.0,False,1245.0,16,1.48861852433281
5244,867,9,24,7994.0,7048.0,False,946.0,15,1.13422247446084
255,27336,8,24,5402.0,4550.0,False,852.0,16,1.1872527472527472
20870,50148,16,40,11934.0,8938.0,False,2996.0,24,1.3351980308793914
50563,23537,13,20,8175.0,2624.5,False,5550.5,7,3.1148790245761098
25748,10056,11,29,6527.0,5037.0,False,1490.0,18,1.295810998610284
38110,1634,9,31,7589.0,4370.0,False,3219.0,22,1.7366132723112129
48095,19825,12,30,9430.5,9067.5,False,363.0,18,1.0400330851943755
9352,21620,8,10,3488.0,3046.0,False,442.0,2,1.14510833880499
19040,1040,18,26,3582.0,3411.0,False,171.0,8,1.050131926121372
41710,6753,29,55,16821.0,5171.0,False,11650.0,26,3.2529491394314447
13612,8809,8,13,3350.0,2924.0,False,426.0,5,1.1456908344733243
935,39473,9,13,8503.0,3539.0,False,4964.0,4,2.4026561175473296
42882,8945,6,12,3380.0,3121.0,False,259.0,6,1.0829862223646267
18034,39290,19,50,12084.0,8589.0,False,3495.0,31,1.4069158225637444
17753,17838,14,14,1651.0,1565.0,False,86.0,0,1.0549520766773164
14854,35484,11,20,3323.0,2817.0,False,506.0,9,1.1796237131700391
22081,44596,11,38,12666.5,5221.0,False,7445.5,27,2.4260678031028537
10262,35724,9,19,5257.0,2559.5,False,2697.5,10,2.0539167806212153
27205,13637,7,14,14262.5,2922.0,False,11340.5,7,4.881074606433949
34473,12519,24,35,19358.0,6908.0,False,12450.0,11,2.8022582513028373
42904,44514,17,25,9684.0,8930.0,False,754.0,8,1.0844344904815229
5319,44177,12,20,10989.0,10525.0,False,464.0,8,1.044085510688836
11145,9429,8,22,3268.0,2342.0,False,926.0,14,1.3953885567890691
17138,48267,9,32,7934.0,3388.0,False,4546.0,23,2.3417945690672965
25794,11177,7,16,5853.0,4358.0,False,1495.0,9,1.3430472693896283
38663,22146,10,11,3266.0,3112.0,False,154.0,1,1.0494858611825193
26921,49268,13,22,6389.0,6006.0,False,383.0,9,1.0637695637695637
44248,5607,12,16,4679.0,4530.0,False,149.0,4,1.0328918322295806
13109,44380,9,21,8459.0,2393.0,False,6066.0,12,3.53489343919766
1810,5763,15,22,2917.0,2560.0,False,357.0,7,1.139453125
14595,28129,8,15,6679.0,4019.0,False,2660.0,7,1.661856183130132
40201,25378,14,21,4065.0,2040.5,False,2024.5,7,1.9921587846116149
10000,27868,8,32,5459.0,4502.0,False,957.0,24,1.2125721901377167
28728,38277,10,22,13228.0,7785.0,False,5443.0,12,1.699165061014772
35481,47928,5,15,8470.0,1985.0,False,6485.0,10,4.267002518891688
21029,39415,20,32,14805.0,9369.0,False,5436.0,12,1.5802113352545628
3979,19545,8,12,1859.0,1414.0,False,445.0,4,1.3147100424328146
39006,15179,16,31,9593.0,5958.5,False,3634.5,15,1.609968951917429
2815,21491,16,53,11347.0,4931.5,False,6415.5,37,2.3009226401703335
41130,39282,8,10,1025.0,905.0,False,120.0,2,1.132596685082873
25121,21262,9,17,8679.0,5372.0,False,3307.0,8,1.6155994043186894
14301,16520,10,13,2958.0,1980.0,False,978.0,3,1.493939393939394
18455,49550,7,21,7079.0,1297.0,False,5782.0,14,5.4579799537393985
35361,3019,21,30,7919.0,5203.0,False,2716.0,9,1.5220065346915241
24854,38814,18,37,6024.0,4614.0,False,1410.0,19,1.305591677503251
2796,13085,10,18,7791.5,4281.0,False,3510.5,8,1.8200186872226116
18507,14655,9,22,11957.0,7314.0,False,4643.0,13,1.6348099535138092
13422,47978,7,12,2231.0,1313.0,False,918.0,5,1.699162223914699
9405,25995,13,23,9090.0,3371.0,False,5719.0,10,2.696529219816078
4533,1976,15,36,12026.0,2745.0,False,9281.0,21,4.381056466302368
6502,6146,24,34,2489.0,2360.0,False,129.0,10,1.0546610169491526
7406,28026,15,40,10515.0,3769.0,False,6746.0,25,2.7898646855929954
51716,1721,10,33,7710.0,4515.0,False,3195.0,23,1.7076411960132891
28391,12464,25,37,11890.0,9444.0,False,2446.0,12,1.2590004235493435
34744,21420,16,21,3901.0,3383.0,False,518.0,5,1.153118533845699
15764,472,17,23,3476.0,3103.0,False,373.0,6,1.1202062520141798
34021,529,16,23,9319.0,2567.0,False,6752.0,7,3.6303077522399687
15353,24526,11,15,5282.0,1520.0,False,3762.0,4,3.475
10658,14452,17,28,5618.0,4239.5,False,1378.5,11,1.3251562684278806
7273,43101,19,55,11265.0,10373.0,False,892.0,36,1.0859924804781644
27358,3773,25,38,10267.5,7889.5,False,2378.0,13,1.301413270802966
5582,27057,15,39,12626.0,7751.0,False,4875.0,24,1.6289511030834731
10335,23337,8,18,7047.0,2730.0,False,4317.0,10,2.5813186813186815
4530,42465,6,29,4355.0,3908.0,False,447.0,23,1.1143807574206754
24181,49991,8,9,2200.0,898.0,False,1302.0,1,2.4498886414253898
27143,371,10,20,14000.0,4880.0,False,9120.0,10,2.8688524590163933
43950,7281,15,35,11053.0,7657.0,False,3396.0,20,1.4435157372339036
41311,49596,16,35,6287.5,2598.0,False,3689.5,19,2.420130869899923
25012,49765,15,23,4827.0,2255.5,False,2571.5,8,2.140101972954999
10697,37781,12,27,8924.0,5096.0,False,3828.0,15,1.751177394034537
13686,35113,11,23,6273.5,6084.0,False,189.5,12,1.031147271531887
50313,6748,26,53,17639.0,12407.5,False,5231.5,27,1.421640137013903
8487,46722,11,31,6593.5,3418.0,False,3175.5,20,1.929052077238151
36024,44284,29,60,10542.0,5390.0,False,5152.0,31,1.955844155844156
38658,42917,13,28,5035.0,1866.0,False,3169.0,15,2.6982851018220795
51445,48327,15,22,6044.5,4718.0,False,1326.5,7,1.2811572700296736
13199,4516,12,21,9160.0,4377.0,False,4783.0,9,2.092757596527302
13270,9343,9,19,3801.0,3425.0,False,376.0,10,1.1097810218978101
34725,10530,14,19,4108.0,3010.0,False,1098.0,5,1.3647840531561461
35794,20455,19,43,11000.0,6117.5,False,4882.5,24,1.7981201471189212
20916,10433,11,18,6304.0,6155.0,False,149.0,7,1.0242079610073112
9341,34870,10,19,3158.0,2738.0,False,420.0,9,1.1533966398831264
2983,10300,22,38,9965.5,6946.0,False,3019.5,16,1.4347106248200403
27176,38630,12,33,6831.0,5420.0,False,1411.0,21,1.2603321033210333
34198,14426,22,37,11437.0,8601.0,False,2836.0,15,1.3297291012672945
17610,40695,33,61,14838.0,5444.5,False,9393.5,28,2.725319129396639
43149,44309,14,33,5921.0,3420.0,False,2501.0,19,1.7312865497076024
28145,1665,12,41,8864.0,6328.0,False,2536.0,29,1.4007585335018964
6797,24713,15,40,14517.0,7158.0,False,7359.0,25,2.0280804694048618
48867,13059,9,12,3656.0,3596.0,False,60.0,3,1.0166852057842046
42303,34228,10,10,3659.0,3659.0,True,0.0,0,1.0
38804,23974,11,20,6924.0,2137.0,False,4787.0,9,3.240056153486196
23920,4723,27,39,8252.0,6470.0,False,1782.0,12,1.2754250386398764
14702,11093,12,17,5271.0,3866.0,False,1405.0,5,1.3634247284014485
22566,41614,29,55,9080.0,5156.0,False,3924.0,26,1.7610550814584949
29162,44335,14,23,9452.0,4835.5,False,4616.5,9,1.9547099576052114
38863,10784,6,9,2171.0,1842.0,False,329.0,3,1.1786102062975028
40444,15045,8,19,8421.0,5832.0,False,2589.0,11,1.4439300411522633
20533,17433,9,13,6510.0,4680.0,False,1830.0,4,1.391025641025641
16317,3999,10,22,5039.0,4119.0,False,920.0,12,1.2233551832969167
19441,17184,26,36,4583.0,3445.0,False,1138.0,10,1.33033381712627
28528,20341,15,41,18615.0,11909.0,False,6706.0,26,1.5631035351414897
42828,36119,10,11,730.0,612.0,False,118.0,1,1.1928104575163399
34827,13372,14,41,7941.0,6027.0,False,1914.0,27,1.317570930811349
48256,16978,10,17,8191.0,7284.0,False,907.0,7,1.1245194947830863
43892,2600,19,30,11170.0,2392.0,False,8778.0,11,4.669732441471572
48345,39745,13,39,12507.0,9907.5,False,2599.5,26,1.2623769871309614
27078,28120,13,23,2700.0,2116.0,False,584.0,10,1.275992438563327
40363,21576,15,27,7120.0,6108.5,False,1011.5,12,1.1655889334533847
23062,40698,11,15,4908.0,4556.0,False,352.0,4,1.077260755048288
23739,8795,10,12,3787.0,3298.0,False,489.0,2,1.148271679805943
42314,22374,12,14,5594.0,3481.0,False,2113.0,2,1.6070094800344727
25810,16287,12,17,11973.0,5143.0,False,6830.0,5,2.3280186661481626
12019,34984,13,32,7312.0,3934.0,False,3378.0,19,1.85866802236909
48999,34112,12,18,3746.0,2927.0,False,819.0,6,1.2798086778271267
20743,12018,19,30,8548.0,7787.5,False,760.5,11,1.0976565008025683
20625,48914,15,33,9419.0,8515.0,False,904.0,18,1.1061655901350558
14289,27692,10,19,4787.0,4583.0,False,204.0,9,1.0445123281693214
43168,1180,14,44,13600.0,7696.0,False,5904.0,30,1.7671517671517671
50070,19280,15,31,9888.0,2873.0,False,7015.0,16,3.4416985729202922
3336,17024,11,21,2006.0,1754.0,False,252.0,10,1.143671607753706
7371,19201,14,25,8555.0,8096.0,False,459.0,11,1.0566946640316206
23083,39166,27,46,12747.0,9427.5,False,3319.5,19,1.3521081941129673
48323,42188,17,28,14121.0,10316.0,False,3805.0,11,1.368844513377278
40834,5984,32,71,11283.0,5371.0,False,5912.0,39,2.1007261217650344
7145,25133,11,23,7103.5,5848.0,False,1255.5,12,1.21468878248974
3433,50814,20,31,5448.0,3400.0,False,2048.0,11,1.6023529411764705
3092,24087,10,34,7772.5,5847.5,False,1925.0,24,1.3292005130397606
43054,20451,13,30,7222.0,4412.0,False,2810.0,17,1.6368993653671804
26839,16786,9,25,6882.0,5955.0,False,927.0,16,1.1556675062972293
39377,48865,17,29,10610.0,6844.0,False,3766.0,12,1.5502630040911747
40612,43210,21,33,8963.0,2576.5,False,6386.5,12,3.4787502425771395
9511,24794,10,15,4169.0,3867.0,False,302.0,5,1.078096715800362
11028,21998,4,11,3216.0,1884.5,False,1331.5,7,1.7065534624568852
19554,43403,10,16,2114.0,1685.0,False,429.0,6,1.25459940652819
41096,8317,13,19,6998.0,5545.0,False,1453.0,6,1.2620378719567178
43611,4968,18,39,8880.0,7774.0,False,1106.0,21,1.1422691021353228
17570,40037,17,44,8675.0,5885.0,False,2790.0,27,1.474086661002549
26562,23002,12,19,7510.0,6488.0,False,1022.0,7,1.157521578298397
20287,48486,23,56,17737.0,7924.0,False,9813.0,33,2.238389702170621
39164,43665,21,33,11065.0,8581.0,False,2484.0,12,1.2894767509614264
36802,40261,6,14,3265.0,2519.0,False,746.0,8,1.29614926558158
17458,8783,14,25,9995.0,6966.0,False,3029.0,11,1.4348262991673844
25939,51275,11,21,9566.0,4732.0,False,4834.0,10,2.021555367709214
17669,23953,21,44,13813.5,6976.0,False,6837.5,23,1.9801462155963303
41620,49561,23,57,13853.0,4611.0,False,9242.0,34,3.004337453914552
35571,39876,19,49,5217.0,3681.0,False,1536.0,30,1.4172779136104319
17989,40607,18,37,5569.0,2594.0,False,2975.0,19,2.146877409406322
29039,46997,31,42,11300.0,8391.0,False,2909.0,11,1.3466809677034919
13226,1500,14,21,6740.0,3816.0,False,2924.0,7,1.7662473794549267
19775,10132,8,12,6716.0,5466.0,False,1250.0,4,1.2286864251738017
24173,23293,7,12,4229.0,1837.0,False,2392.0,5,2.3021230266739248
27776,45027,10,21,6590.0,4846.0,False,1744.0,11,1.3598844407758977
19625,40752,17,32,4085.0,2921.0,False,1164.0,15,1.3984936665525505
10435,18792,13,26,7103.0,6358.0,False,745.0,13,1.1171752123309218
20830,12854,12,27,8673.0,5566.0,False,3107.0,15,1.558210564139418
44823,8394,11,35,11965.0,4117.0,False,7848.0,24,2.906242409521496
43795,13930,13,25,5390.0,3272.0,False,2118.0,12,1.6473105134474328
40523,38326,15,21,7151.5,4469.5,False,2682.0,6,1.6000671216019688
18961,27889,15,30,13522.5,10066.5,False,3456.0,15,1.3433169423334823
5171,21727,13,34,7564.0,5787.0,False,1777.0,21,1.3070675652324175
41025,24381,20,32,9022.0,6806.0,False,2216.0,12,1.3255950631795475
22785,4016,17,39,8556.0,4704.0,False,3852.0,22,1.8188775510204083
39920,48300,21,45,10242.0,8288.0,False,1954.0,24,1.2357625482625483
548,48328,11,22,4405.5,3533.5,False,872.0,11,1.2467808122258384
49696,1252,11,22,8774.0,3980.0,False,4794.0,11,2.204522613065327
44745,35647,20,41,13376.0,7262.0,False,6114.0,21,1.8419168273202975
