model,degree,nodes,probability,cumulative_probability,ccdf
real_transit,1,518,0.017004234645307422,0.017004234645307422,1.0
real_transit,2,13091,0.4297344319338214,0.44673866657912875,0.9829957653546926
real_transit,3,6769,0.22220398516232806,0.6689426517414568,0.5532613334208712
real_transit,4,4256,0.13971046843712043,0.8086531201785773,0.33105734825854316
real_transit,5,2336,0.07668318944293077,0.8853363096215081,0.19134687982142273
real_transit,6,1388,0.04556347043954962,0.9308997800610577,0.11466369037849189
real_transit,7,749,0.02458720414929587,0.9554869842103535,0.06910021993894233
real_transit,8,462,0.01516593900797689,0.9706529232183304,0.044513015789646504
real_transit,9,280,0.00919147818665266,0.9798444014049831,0.02934707678166959
real_transit,10,190,0.00623707448380002,0.9860814758887831,0.02015559859501692
real_transit,11,104,0.0034139776121852737,0.9894954535009683,0.013918524111216857
real_transit,12,86,0.002823096871614746,0.9923185503725831,0.010504546499031653
real_transit,13,60,0.001969602468568427,0.9942881528411516,0.007681449627416903
real_transit,14,40,0.0013130683123789516,0.9956012211535306,0.0057118471588484265
real_transit,15,33,0.001083281357712635,0.9966845025112432,0.004398778846469442
real_transit,16,23,0.0007550142796178971,0.9974395167908611,0.0033154974887568134
real_transit,17,13,0.0004267472015231592,0.9978662639923842,0.0025604832091389307
real_transit,18,8,0.0002626136624757903,0.99812887765486,0.002133736007615794
real_transit,19,18,0.0005908807405705282,0.9987197583954305,0.001871122345139975
real_transit,20,7,0.0002297869546663165,0.9989495453500968,0.0012802416045695209
real_transit,21,3,9.848012342842137e-05,0.9990480254735252,0.0010504546499031653
real_transit,22,5,0.00016413353904736895,0.9992121590125727,0.0009519745264747748
real_transit,23,1,3.2826707809473786e-05,0.9992449857203821,0.0007878409874273462
real_transit,24,5,0.00016413353904736895,0.9994091192594294,0.0007550142796178827
real_transit,25,1,3.2826707809473786e-05,0.9994419459672389,0.0005908807405705652
real_transit,26,1,3.2826707809473786e-05,0.9994747726750485,0.0005580540327611017
real_transit,27,4,0.00013130683123789515,0.9996060795062863,0.0005252273249515271
real_transit,29,2,6.565341561894757e-05,0.9996717329219053,0.0003939204937136731
real_transit,31,3,9.848012342842137e-05,0.9997702130453336,0.0003282670780947461
real_transit,34,1,3.2826707809473786e-05,0.9998030397531431,0.00022978695466635557
real_transit,36,1,3.2826707809473786e-05,0.9998358664609527,0.00019696024685689206
real_transit,37,1,3.2826707809473786e-05,0.9998686931687621,0.00016413353904731753
real_transit,40,1,3.2826707809473786e-05,0.9999015198765716,0.00013130683123785403
real_transit,41,1,3.2826707809473786e-05,0.9999343465843811,9.848012342839052e-05
real_transit,44,1,3.2826707809473786e-05,0.9999671732921905,6.565341561892701e-05
real_transit,62,1,3.2826707809473786e-05,1.0,3.282670780946351e-05
erdos_renyi_gnm,0,1021,0.03351606867347274,0.03351606867347274,1.0
erdos_renyi_gnm,1,3450,0.11325214194268457,0.1467682106161573,0.9664839313265272
erdos_renyi_gnm,2,5884,0.19315234875094378,0.3399205593671011,0.8532317893838427
erdos_renyi_gnm,3,6716,0.22046416964842597,0.560384729015527,0.6600794406328989
erdos_renyi_gnm,4,5618,0.18442044447362374,0.7448051734891508,0.43961527098447295
erdos_renyi_gnm,5,3760,0.12342842136362145,0.8682335948527722,0.25519482651084924
erdos_renyi_gnm,6,2227,0.07310507829169813,0.9413386731444704,0.13176640514722782
erdos_renyi_gnm,7,1096,0.03597807175918327,0.9773167449036536,0.058661326855529605
erdos_renyi_gnm,8,446,0.014640711683025309,0.9919574565866789,0.02268325509634639
erdos_renyi_gnm,9,176,0.0057775005744673865,0.9977349571611464,0.008042543413321113
erdos_renyi_gnm,10,49,0.0016085086826642156,0.9993434658438105,0.002265042838853648
erdos_renyi_gnm,11,14,0.000459573909332633,0.9998030397531431,0.0006565341561894922
erdos_renyi_gnm,12,4,0.00013130683123789515,0.9999343465843811,0.00019696024685689206
erdos_renyi_gnm,14,2,6.565341561894757e-05,1.0,6.565341561892701e-05
configuration_degree_sequence,1,518,0.017004234645307422,0.017004234645307422,1.0
configuration_degree_sequence,2,13092,0.42976725864163084,0.44677149328693827,0.9829957653546926
configuration_degree_sequence,3,6768,0.2221711584545186,0.6689426517414568,0.5532285067130618
configuration_degree_sequence,4,4259,0.13980894856054887,0.8087516003020057,0.33105734825854316
configuration_degree_sequence,5,2335,0.0766503627351213,0.885401963037127,0.19124839969799434
configuration_degree_sequence,6,1386,0.04549781702393067,0.9308997800610577,0.11459803696287296
configuration_degree_sequence,7,749,0.02458720414929587,0.9554869842103535,0.06910021993894233
configuration_degree_sequence,8,462,0.01516593900797689,0.9706529232183304,0.044513015789646504
configuration_degree_sequence,9,280,0.00919147818665266,0.9798444014049831,0.02934707678166959
configuration_degree_sequence,10,190,0.00623707448380002,0.9860814758887831,0.02015559859501692
configuration_degree_sequence,11,105,0.0034468043199947476,0.9895282802087778,0.013918524111216857
configuration_degree_sequence,12,85,0.002790270163805272,0.9923185503725831,0.01047171979122219
configuration_degree_sequence,13,60,0.001969602468568427,0.9942881528411516,0.007681449627416903
configuration_degree_sequence,14,40,0.0013130683123789516,0.9956012211535306,0.0057118471588484265
configuration_degree_sequence,15,33,0.001083281357712635,0.9966845025112432,0.004398778846469442
configuration_degree_sequence,16,23,0.0007550142796178971,0.9974395167908611,0.0033154974887568134
configuration_degree_sequence,17,13,0.0004267472015231592,0.9978662639923842,0.0025604832091389307
configuration_degree_sequence,18,9,0.0002954403702852641,0.9981617043626695,0.002133736007615794
configuration_degree_sequence,19,17,0.0005580540327610544,0.9987197583954305,0.0018382956373305115
configuration_degree_sequence,20,7,0.0002297869546663165,0.9989495453500968,0.0012802416045695209
configuration_degree_sequence,21,3,9.848012342842137e-05,0.9990480254735252,0.0010504546499031653
configuration_degree_sequence,22,5,0.00016413353904736895,0.9992121590125727,0.0009519745264747748
configuration_degree_sequence,23,1,3.2826707809473786e-05,0.9992449857203821,0.0007878409874273462
configuration_degree_sequence,24,5,0.00016413353904736895,0.9994091192594294,0.0007550142796178827
configuration_degree_sequence,25,1,3.2826707809473786e-05,0.9994419459672389,0.0005908807405705652
configuration_degree_sequence,26,1,3.2826707809473786e-05,0.9994747726750485,0.0005580540327611017
configuration_degree_sequence,27,4,0.00013130683123789515,0.9996060795062863,0.0005252273249515271
configuration_degree_sequence,29,2,6.565341561894757e-05,0.9996717329219053,0.0003939204937136731
configuration_degree_sequence,31,3,9.848012342842137e-05,0.9997702130453336,0.0003282670780947461
configuration_degree_sequence,34,1,3.2826707809473786e-05,0.9998030397531431,0.00022978695466635557
configuration_degree_sequence,36,1,3.2826707809473786e-05,0.9998358664609527,0.00019696024685689206
configuration_degree_sequence,37,1,3.2826707809473786e-05,0.9998686931687621,0.00016413353904731753
configuration_degree_sequence,40,1,3.2826707809473786e-05,0.9999015198765716,0.00013130683123785403
configuration_degree_sequence,41,1,3.2826707809473786e-05,0.9999343465843811,9.848012342839052e-05
configuration_degree_sequence,44,1,3.2826707809473786e-05,0.9999671732921905,6.565341561892701e-05
configuration_degree_sequence,62,1,3.2826707809473786e-05,1.0,3.282670780946351e-05
barabasi_albert_matched,1,7841,0.25739421593408396,0.25739421593408396,1.0
barabasi_albert_matched,2,10684,0.35072054623641796,0.6081147621705019,0.742605784065916
barabasi_albert_matched,3,4470,0.14673538390834784,0.7548501460788497,0.39188523782949813
barabasi_albert_matched,4,2362,0.07753668384597709,0.8323868299248268,0.2451498539211503
barabasi_albert_matched,5,1429,0.04690936545973804,0.8792961953845648,0.16761317007517318
barabasi_albert_matched,6,915,0.030036437645668514,0.9093326330302334,0.12070380461543517
barabasi_albert_matched,7,613,0.020122771887207434,0.9294554049174408,0.09066736696976663
barabasi_albert_matched,8,439,0.014410924728358993,0.9438663296457999,0.07054459508255917
barabasi_albert_matched,9,302,0.009913665758461084,0.953779995404261,0.05613367035420014
barabasi_albert_matched,10,212,0.006959262055608443,0.9607392574598693,0.04622000459573905
barabasi_albert_matched,11,179,0.005875980697895808,0.9666152381577652,0.03926074254013068
barabasi_albert_matched,12,144,0.0047270459245642256,0.9713422840823294,0.03338476184223482
barabasi_albert_matched,13,124,0.00407051176837475,0.9754127958507042,0.028657715917670634
barabasi_albert_matched,14,93,0.0030528838262810624,0.9784656796769852,0.024587204149295827
barabasi_albert_matched,15,78,0.0025604832091389554,0.9810261628861241,0.021534320323014833
barabasi_albert_matched,16,57,0.001871122345140006,0.9828972852312642,0.018973837113875902
barabasi_albert_matched,17,63,0.002068082591996849,0.984965367823261,0.017102714768735816
barabasi_albert_matched,18,42,0.001378721727997899,0.9863440895512589,0.015034632176738949
barabasi_albert_matched,19,38,0.001247414896760004,0.9875915044480189,0.013655910448741149
barabasi_albert_matched,20,32,0.0010504546499031612,0.9886419590979221,0.012408495551981091
barabasi_albert_matched,21,27,0.0008863211108557922,0.9895282802087778,0.011358040902077926
barabasi_albert_matched,22,37,0.00121458818895053,0.9907428683977284,0.01047171979122219
barabasi_albert_matched,23,24,0.0007878409874273709,0.9915307093851558,0.009257131602271595
barabasi_albert_matched,24,20,0.0006565341561894758,0.9921872435413452,0.00846929061484425
barabasi_albert_matched,25,15,0.0004924006171421068,0.9926796441584873,0.007812756458654757
barabasi_albert_matched,26,10,0.0003282670780947379,0.993007911236582,0.0073203558415126935
barabasi_albert_matched,27,21,0.0006893608639989495,0.993697272100581,0.006992088763417947
barabasi_albert_matched,28,16,0.0005252273249515806,0.9942224994255326,0.006302727899418992
barabasi_albert_matched,29,12,0.00039392049371368546,0.9946164199192463,0.0057775005744673535
barabasi_albert_matched,30,5,0.00016413353904736895,0.9947805534582936,0.0053835800807536804
barabasi_albert_matched,31,11,0.00036109378590421166,0.9951416472441978,0.005219446541706363
barabasi_albert_matched,32,6,0.00019696024685684273,0.9953386074910547,0.004858352755802153
barabasi_albert_matched,33,12,0.00039392049371368546,0.9957325279847684,0.004661392508945261
barabasi_albert_matched,34,11,0.00036109378590421166,0.9960936217706726,0.004267472015231588
barabasi_albert_matched,35,5,0.00016413353904736895,0.9962577553097199,0.0039063782293273785
barabasi_albert_matched,36,8,0.0002626136624757903,0.9965203689721958,0.003742244690280061
barabasi_albert_matched,37,5,0.00016413353904736895,0.9966845025112432,0.003479631027804242
barabasi_albert_matched,38,3,9.848012342842137e-05,0.9967829826346716,0.0033154974887568134
barabasi_albert_matched,39,4,0.00013130683123789515,0.9969142894659094,0.003217017365328423
barabasi_albert_matched,40,3,9.848012342842137e-05,0.9970127695893379,0.003085710534090569
barabasi_albert_matched,41,3,9.848012342842137e-05,0.9971112497127663,0.0029872304106620673
barabasi_albert_matched,42,3,9.848012342842137e-05,0.9972097298361947,0.0028887502872336768
barabasi_albert_matched,43,4,0.00013130683123789515,0.9973410366674326,0.0027902701638052863
barabasi_albert_matched,44,2,6.565341561894757e-05,0.9974066900830516,0.0026589633325674322
barabasi_albert_matched,45,2,6.565341561894757e-05,0.9974723434986705,0.002593309916948394
barabasi_albert_matched,46,1,3.2826707809473786e-05,0.99750517020648,0.002527656501329467
barabasi_albert_matched,48,1,3.2826707809473786e-05,0.9975379969142895,0.0024948297935200037
barabasi_albert_matched,49,2,6.565341561894757e-05,0.9976036503299084,0.00246200308571054
barabasi_albert_matched,50,2,6.565341561894757e-05,0.9976693037455273,0.002396349670091613
barabasi_albert_matched,51,1,3.2826707809473786e-05,0.9977021304533369,0.002330696254472686
barabasi_albert_matched,52,3,9.848012342842137e-05,0.9978006105767653,0.0022978695466631116
barabasi_albert_matched,53,4,0.00013130683123789515,0.9979319174080031,0.002199389423234721
barabasi_albert_matched,54,3,9.848012342842137e-05,0.9980303975314315,0.002068082591996867
barabasi_albert_matched,55,4,0.00013130683123789515,0.9981617043626695,0.0019696024685684765
barabasi_albert_matched,56,1,3.2826707809473786e-05,0.998194531070479,0.0018382956373305115
barabasi_albert_matched,57,2,6.565341561894757e-05,0.9982601844860979,0.001805468929521048
barabasi_albert_matched,58,2,6.565341561894757e-05,0.9983258379017168,0.001739815513902121
barabasi_albert_matched,59,2,6.565341561894757e-05,0.9983914913173357,0.001674162098283194
barabasi_albert_matched,60,3,9.848012342842137e-05,0.9984899714407642,0.001608508682664267
barabasi_albert_matched,61,3,9.848012342842137e-05,0.9985884515641926,0.0015100285592357654
barabasi_albert_matched,62,2,6.565341561894757e-05,0.9986541049798116,0.0014115484358073749
barabasi_albert_matched,63,1,3.2826707809473786e-05,0.998686931687621,0.0013458950201884479
barabasi_albert_matched,65,1,3.2826707809473786e-05,0.9987197583954305,0.0013130683123789844
barabasi_albert_matched,67,1,3.2826707809473786e-05,0.9987525851032399,0.0012802416045695209
barabasi_albert_matched,68,1,3.2826707809473786e-05,0.9987854118110495,0.0012474148967600573
barabasi_albert_matched,69,1,3.2826707809473786e-05,0.998818238518859,0.0012145881889504828
barabasi_albert_matched,73,1,3.2826707809473786e-05,0.9988510652266684,0.0011817614811410193
barabasi_albert_matched,75,2,6.565341561894757e-05,0.9989167186422874,0.0011489347733315558
barabasi_albert_matched,77,5,0.00016413353904736895,0.9990808521813347,0.0010832813577126288
barabasi_albert_matched,79,1,3.2826707809473786e-05,0.9991136788891442,0.0009191478186653113
barabasi_albert_matched,81,1,3.2826707809473786e-05,0.9991465055969537,0.0008863211108558477
barabasi_albert_matched,82,2,6.565341561894757e-05,0.9992121590125727,0.0008534944030462732
barabasi_albert_matched,87,1,3.2826707809473786e-05,0.9992449857203821,0.0007878409874273462
barabasi_albert_matched,88,1,3.2826707809473786e-05,0.9992778124281916,0.0007550142796178827
barabasi_albert_matched,90,1,3.2826707809473786e-05,0.999310639136001,0.0007221875718084192
barabasi_albert_matched,92,1,3.2826707809473786e-05,0.9993434658438105,0.0006893608639989557
barabasi_albert_matched,95,1,3.2826707809473786e-05,0.99937629255162,0.0006565341561894922
barabasi_albert_matched,96,1,3.2826707809473786e-05,0.9994091192594294,0.0006237074483800287
barabasi_albert_matched,97,1,3.2826707809473786e-05,0.9994419459672389,0.0005908807405705652
barabasi_albert_matched,99,2,6.565341561894757e-05,0.9995075993828579,0.0005580540327611017
barabasi_albert_matched,100,1,3.2826707809473786e-05,0.9995404260906674,0.0004924006171420636
barabasi_albert_matched,104,1,3.2826707809473786e-05,0.9995732527984769,0.0004595739093326001
barabasi_albert_matched,113,1,3.2826707809473786e-05,0.9996060795062863,0.0004267472015231366
barabasi_albert_matched,119,1,3.2826707809473786e-05,0.9996389062140958,0.0003939204937136731
barabasi_albert_matched,127,1,3.2826707809473786e-05,0.9996717329219053,0.0003610937859042096
barabasi_albert_matched,136,1,3.2826707809473786e-05,0.9997045596297147,0.0003282670780947461
barabasi_albert_matched,140,1,3.2826707809473786e-05,0.9997373863375242,0.0002954403702852826
barabasi_albert_matched,141,1,3.2826707809473786e-05,0.9997702130453336,0.0002626136624758191
barabasi_albert_matched,143,1,3.2826707809473786e-05,0.9998030397531431,0.00022978695466635557
barabasi_albert_matched,149,1,3.2826707809473786e-05,0.9998358664609527,0.00019696024685689206
barabasi_albert_matched,178,1,3.2826707809473786e-05,0.9998686931687621,0.00016413353904731753
barabasi_albert_matched,268,1,3.2826707809473786e-05,0.9999015198765716,0.00013130683123785403
barabasi_albert_matched,273,1,3.2826707809473786e-05,0.9999343465843811,9.848012342839052e-05
barabasi_albert_matched,284,1,3.2826707809473786e-05,0.9999671732921905,6.565341561892701e-05
barabasi_albert_matched,452,1,3.2826707809473786e-05,1.0,3.282670780946351e-05
watts_strogatz_matched,1,145,0.0047598726323736995,0.0047598726323736995,1.0
watts_strogatz_matched,2,3276,0.10754029478383613,0.11230016741620982,0.9952401273676263
watts_strogatz_matched,3,12430,0.4080359780717592,0.520336145487969,0.8876998325837901
watts_strogatz_matched,4,13549,0.44476906411056033,0.9651052095985294,0.479663854512031
watts_strogatz_matched,5,1018,0.033417588550044314,0.9985227981485737,0.03489479040147059
watts_strogatz_matched,6,44,0.0014443751436168466,0.9999671732921905,0.001477201851426302
watts_strogatz_matched,7,1,3.2826707809473786e-05,1.0,3.282670780946351e-05
