window,strategy,removed,removed_fraction,window_nodes,surviving_nodes,lcc_size,largest_component_share_surviving,lcc_share_original
morning_peak,degree,0,0.0,30072,30072,29852.0,0.99268,0.99268
morning_peak,degree,15,0.0005,30072,30057,29788.0,0.99105,0.99056
morning_peak,degree,30,0.001,30072,30042,29758.0,0.99055,0.98956
morning_peak,degree,75,0.00249,30072,29997,29658.0,0.9887,0.98623
morning_peak,degree,150,0.00499,30072,29922,29552.0,0.98763,0.98271
morning_peak,degree,301,0.01001,30072,29771,29130.0,0.97847,0.96868
morning_peak,degree,451,0.015,30072,29621,28439.0,0.9601,0.9457
morning_peak,degree,601,0.01999,30072,29471,28219.0,0.95752,0.93838
morning_peak,degree,752,0.02501,30072,29320,27564.0,0.94011,0.9166
morning_peak,degree,902,0.02999,30072,29170,27309.0,0.9362,0.90812
morning_peak,degree,1053,0.03502,30072,29019,27081.0,0.93322,0.90054
morning_peak,degree,1203,0.04,30072,28869,26042.0,0.90207,0.86599
morning_peak,degree,1353,0.04499,30072,28719,25318.0,0.88158,0.84191
morning_peak,degree,1504,0.05001,30072,28568,24355.0,0.85253,0.80989
morning_peak,degree,1654,0.055,30072,28418,23811.0,0.83788,0.7918
morning_peak,degree,1804,0.05999,30072,28268,23469.0,0.83023,0.78043
morning_peak,degree,1955,0.06501,30072,28117,22906.0,0.81467,0.76171
morning_peak,degree,2105,0.07,30072,27967,13507.0,0.48296,0.44916
morning_peak,degree,2255,0.07499,30072,27817,10333.0,0.37146,0.34361
morning_peak,degree,2406,0.08001,30072,27666,8954.0,0.32365,0.29775
morning_peak,degree,2556,0.085,30072,27516,8922.0,0.32425,0.29669
morning_peak,degree,2706,0.08998,30072,27366,8888.0,0.32478,0.29556
morning_peak,degree,2857,0.09501,30072,27215,8746.0,0.32137,0.29084
morning_peak,degree,3007,0.09999,30072,27065,7269.0,0.26858,0.24172
morning_peak,weighted degree,0,0.0,30072,30072,29852.0,0.99268,0.99268
morning_peak,weighted degree,15,0.0005,30072,30057,29820.0,0.99211,0.99162
morning_peak,weighted degree,30,0.001,30072,30042,29795.0,0.99178,0.99079
morning_peak,weighted degree,75,0.00249,30072,29997,29708.0,0.99037,0.9879
morning_peak,weighted degree,150,0.00499,30072,29922,29577.0,0.98847,0.98354
morning_peak,weighted degree,301,0.01001,30072,29771,29381.0,0.9869,0.97702
morning_peak,weighted degree,451,0.015,30072,29621,29168.0,0.98471,0.96994
morning_peak,weighted degree,601,0.01999,30072,29471,29007.0,0.98426,0.96458
morning_peak,weighted degree,752,0.02501,30072,29320,28805.0,0.98244,0.95787
morning_peak,weighted degree,902,0.02999,30072,29170,28566.0,0.97929,0.94992
morning_peak,weighted degree,1053,0.03502,30072,29019,28189.0,0.9714,0.93738
morning_peak,weighted degree,1203,0.04,30072,28869,27760.0,0.96159,0.92312
morning_peak,weighted degree,1353,0.04499,30072,28719,27525.0,0.95842,0.9153
morning_peak,weighted degree,1504,0.05001,30072,28568,27335.0,0.95684,0.90899
morning_peak,weighted degree,1654,0.055,30072,28418,27121.0,0.95436,0.90187
morning_peak,weighted degree,1804,0.05999,30072,28268,26931.0,0.9527,0.89555
morning_peak,weighted degree,1955,0.06501,30072,28117,26697.0,0.9495,0.88777
morning_peak,weighted degree,2105,0.07,30072,27967,26392.0,0.94368,0.87763
morning_peak,weighted degree,2255,0.07499,30072,27817,25893.0,0.93083,0.86103
morning_peak,weighted degree,2406,0.08001,30072,27666,25442.0,0.91961,0.84604
morning_peak,weighted degree,2556,0.085,30072,27516,24992.0,0.90827,0.83107
morning_peak,weighted degree,2706,0.08998,30072,27366,24678.0,0.90178,0.82063
morning_peak,weighted degree,2857,0.09501,30072,27215,24466.0,0.89899,0.81358
morning_peak,weighted degree,3007,0.09999,30072,27065,24301.0,0.89788,0.80809
morning_peak,betweenness,0,0.0,30072,30072,29852.0,0.99268,0.99268
morning_peak,betweenness,15,0.0005,30072,30057,29816.0,0.99198,0.99149
morning_peak,betweenness,30,0.001,30072,30042,29801.0,0.99198,0.99099
morning_peak,betweenness,75,0.00249,30072,29997,29740.0,0.99143,0.98896
morning_peak,betweenness,150,0.00499,30072,29922,29646.0,0.99078,0.98583
morning_peak,betweenness,301,0.01001,30072,29771,29405.0,0.98771,0.97782
morning_peak,betweenness,451,0.015,30072,29621,29142.0,0.98383,0.96907
morning_peak,betweenness,601,0.01999,30072,29471,28820.0,0.97791,0.95837
morning_peak,betweenness,752,0.02501,30072,29320,28506.0,0.97224,0.94792
morning_peak,betweenness,902,0.02999,30072,29170,28305.0,0.97035,0.94124
morning_peak,betweenness,1053,0.03502,30072,29019,28130.0,0.96936,0.93542
morning_peak,betweenness,1203,0.04,30072,28869,27808.0,0.96325,0.92471
morning_peak,betweenness,1353,0.04499,30072,28719,27249.0,0.94881,0.90613
morning_peak,betweenness,1504,0.05001,30072,28568,26446.0,0.92572,0.87942
morning_peak,betweenness,1654,0.055,30072,28418,26234.0,0.92315,0.87237
morning_peak,betweenness,1804,0.05999,30072,28268,26027.0,0.92072,0.86549
morning_peak,betweenness,1955,0.06501,30072,28117,25149.0,0.89444,0.83629
morning_peak,betweenness,2105,0.07,30072,27967,24806.0,0.88697,0.82489
morning_peak,betweenness,2255,0.07499,30072,27817,13319.0,0.47881,0.4429
morning_peak,betweenness,2406,0.08001,30072,27666,11060.0,0.39977,0.36778
morning_peak,betweenness,2556,0.085,30072,27516,10800.0,0.3925,0.35914
morning_peak,betweenness,2706,0.08998,30072,27366,10607.0,0.3876,0.35272
morning_peak,betweenness,2857,0.09501,30072,27215,10270.0,0.37737,0.34151
morning_peak,betweenness,3007,0.09999,30072,27065,10195.0,0.37669,0.33902
morning_peak,articulation points,0,0.0,30072,30072,29852.0,0.99268,0.99268
morning_peak,articulation points,15,0.0005,30072,30057,29776.0,0.99065,0.99016
morning_peak,articulation points,30,0.001,30072,30042,29710.0,0.98895,0.98796
morning_peak,articulation points,75,0.00249,30072,29997,29556.0,0.9853,0.98284
morning_peak,articulation points,150,0.00499,30072,29922,29330.0,0.98022,0.97533
morning_peak,articulation points,301,0.01001,30072,29771,28571.0,0.95969,0.95009
morning_peak,articulation points,451,0.015,30072,29621,28017.0,0.94585,0.93166
morning_peak,articulation points,601,0.01999,30072,29471,27754.0,0.94174,0.92292
morning_peak,articulation points,752,0.02501,30072,29320,27754.0,0.94659,0.92292
morning_peak,articulation points,902,0.02999,30072,29170,27754.0,0.95146,0.92292
morning_peak,articulation points,1053,0.03502,30072,29019,27754.0,0.95641,0.92292
morning_peak,articulation points,1203,0.04,30072,28869,27638.0,0.95736,0.91906
morning_peak,articulation points,1353,0.04499,30072,28719,27294.0,0.95038,0.90762
morning_peak,articulation points,1504,0.05001,30072,28568,26614.0,0.9316,0.88501
morning_peak,articulation points,1654,0.055,30072,28418,26213.0,0.92241,0.87167
morning_peak,articulation points,1804,0.05999,30072,28268,25226.0,0.89239,0.83885
morning_peak,articulation points,1955,0.06501,30072,28117,24969.0,0.88804,0.83031
morning_peak,articulation points,2105,0.07,30072,27967,24744.0,0.88476,0.82283
morning_peak,articulation points,2255,0.07499,30072,27817,23641.0,0.84988,0.78615
morning_peak,articulation points,2406,0.08001,30072,27666,21130.0,0.76375,0.70265
morning_peak,articulation points,2556,0.085,30072,27516,20140.0,0.73194,0.66973
morning_peak,articulation points,2706,0.08998,30072,27366,10430.0,0.38113,0.34683
morning_peak,articulation points,2857,0.09501,30072,27215,10337.0,0.37983,0.34374
morning_peak,articulation points,3007,0.09999,30072,27065,10079.0,0.3724,0.33516
morning_peak,random (baseline),0,0.0,30072,30072,29852.0,0.99268,0.99268
morning_peak,random (baseline),15,0.0005,30072,30057,29834.333333333332,0.99259,0.9921
morning_peak,random (baseline),30,0.001,30072,30042,29818.333333333332,0.99255,0.99156
morning_peak,random (baseline),75,0.00249,30072,29997,29772.0,0.9925,0.99002
morning_peak,random (baseline),150,0.00499,30072,29922,29685.0,0.99208,0.98713
morning_peak,random (baseline),301,0.01001,30072,29771,29523.666666666668,0.99169,0.98177
morning_peak,random (baseline),451,0.015,30072,29621,29330.666666666668,0.9902,0.97535
morning_peak,random (baseline),601,0.01999,30072,29471,29145.333333333332,0.98895,0.96919
morning_peak,random (baseline),752,0.02501,30072,29320,28951.666666666668,0.98744,0.96274
morning_peak,random (baseline),902,0.02999,30072,29170,28752.0,0.98567,0.95611
morning_peak,random (baseline),1053,0.03502,30072,29019,28549.0,0.9838,0.94935
morning_peak,random (baseline),1203,0.04,30072,28869,28328.333333333332,0.98127,0.94202
morning_peak,random (baseline),1353,0.04499,30072,28719,28080.666666666668,0.97777,0.93378
morning_peak,random (baseline),1504,0.05001,30072,28568,27855.333333333332,0.97505,0.92629
morning_peak,random (baseline),1654,0.055,30072,28418,27624.666666666668,0.97208,0.91862
morning_peak,random (baseline),1804,0.05999,30072,28268,27405.666666666668,0.96949,0.91134
morning_peak,random (baseline),1955,0.06501,30072,28117,27156.333333333332,0.96583,0.90304
morning_peak,random (baseline),2105,0.07,30072,27967,26921.333333333332,0.96261,0.89523
morning_peak,random (baseline),2255,0.07499,30072,27817,26644.666666666668,0.95786,0.88603
morning_peak,random (baseline),2406,0.08001,30072,27666,26418.666666666668,0.95491,0.87851
morning_peak,random (baseline),2556,0.085,30072,27516,26182.0,0.95152,0.87064
morning_peak,random (baseline),2706,0.08998,30072,27366,25943.0,0.948,0.8627
morning_peak,random (baseline),2857,0.09501,30072,27215,25702.333333333332,0.94442,0.85469
morning_peak,random (baseline),3007,0.09999,30072,27065,25445.333333333332,0.94016,0.84615
midday,degree,0,0.0,30195,30195,29968.0,0.99248,0.99248
midday,degree,15,0.0005,30195,30180,29918.0,0.99132,0.99083
midday,degree,30,0.00099,30195,30165,29889.0,0.99085,0.98987
midday,degree,75,0.00248,30195,30120,29725.0,0.98689,0.98443
midday,degree,151,0.005,30195,30044,29597.0,0.98512,0.9802
midday,degree,302,0.01,30195,29893,29032.0,0.9712,0.96148
midday,degree,453,0.015,30195,29742,28812.0,0.96873,0.9542
midday,degree,604,0.02,30195,29591,28287.0,0.95593,0.93681
midday,degree,755,0.025,30195,29440,28072.0,0.95353,0.92969
midday,degree,906,0.03,30195,29289,27597.0,0.94223,0.91396
midday,degree,1057,0.03501,30195,29138,27261.0,0.93558,0.90283
midday,degree,1208,0.04001,30195,28987,26843.0,0.92604,0.88899
midday,degree,1359,0.04501,30195,28836,25663.0,0.88996,0.84991
midday,degree,1510,0.05001,30195,28685,23150.0,0.80704,0.76668
midday,degree,1661,0.05501,30195,28534,22599.0,0.792,0.74844
midday,degree,1812,0.06001,30195,28383,21932.0,0.77272,0.72635
midday,degree,1963,0.06501,30195,28232,21519.0,0.76222,0.71267
midday,degree,2114,0.07001,30195,28081,15306.0,0.54507,0.50691
midday,degree,2265,0.07501,30195,27930,12576.0,0.45027,0.41649
midday,degree,2416,0.08001,30195,27779,9237.0,0.33252,0.30591
midday,degree,2567,0.08501,30195,27628,8773.0,0.31754,0.29054
midday,degree,2718,0.09001,30195,27477,6267.0,0.22808,0.20755
midday,degree,2869,0.09502,30195,27326,6193.0,0.22663,0.2051
midday,degree,3020,0.10002,30195,27175,5056.0,0.18605,0.16744
midday,weighted degree,0,0.0,30195,30195,29968.0,0.99248,0.99248
midday,weighted degree,15,0.0005,30195,30180,29941.0,0.99208,0.99159
midday,weighted degree,30,0.00099,30195,30165,29912.0,0.99161,0.99063
midday,weighted degree,75,0.00248,30195,30120,29835.0,0.99054,0.98808
midday,weighted degree,151,0.005,30195,30044,29735.0,0.98972,0.98477
midday,weighted degree,302,0.01,30195,29893,29474.0,0.98598,0.97612
midday,weighted degree,453,0.015,30195,29742,29289.0,0.98477,0.97
midday,weighted degree,604,0.02,30195,29591,28919.0,0.97729,0.95774
midday,weighted degree,755,0.025,30195,29440,28639.0,0.97279,0.94847
midday,weighted degree,906,0.03,30195,29289,28381.0,0.969,0.93992
midday,weighted degree,1057,0.03501,30195,29138,28203.0,0.96791,0.93403
midday,weighted degree,1208,0.04001,30195,28987,28002.0,0.96602,0.92737
midday,weighted degree,1359,0.04501,30195,28836,27699.0,0.96057,0.91734
midday,weighted degree,1510,0.05001,30195,28685,27447.0,0.95684,0.90899
midday,weighted degree,1661,0.05501,30195,28534,27173.0,0.9523,0.89992
midday,weighted degree,1812,0.06001,30195,28383,26848.0,0.94592,0.88915
midday,weighted degree,1963,0.06501,30195,28232,26658.0,0.94425,0.88286
midday,weighted degree,2114,0.07001,30195,28081,26192.0,0.93273,0.86743
midday,weighted degree,2265,0.07501,30195,27930,25751.0,0.92198,0.85282
midday,weighted degree,2416,0.08001,30195,27779,25524.0,0.91882,0.84531
midday,weighted degree,2567,0.08501,30195,27628,25336.0,0.91704,0.83908
midday,weighted degree,2718,0.09001,30195,27477,25093.0,0.91324,0.83103
midday,weighted degree,2869,0.09502,30195,27326,24698.0,0.90383,0.81795
midday,weighted degree,3020,0.10002,30195,27175,23827.0,0.8768,0.7891
midday,betweenness,0,0.0,30195,30195,29968.0,0.99248,0.99248
midday,betweenness,15,0.0005,30195,30180,29934.0,0.99185,0.99136
midday,betweenness,30,0.00099,30195,30165,29912.0,0.99161,0.99063
midday,betweenness,75,0.00248,30195,30120,29855.0,0.9912,0.98874
midday,betweenness,151,0.005,30195,30044,29700.0,0.98855,0.98361
midday,betweenness,302,0.01,30195,29893,29314.0,0.98063,0.97082
midday,betweenness,453,0.015,30195,29742,29130.0,0.97942,0.96473
midday,betweenness,604,0.02,30195,29591,28831.0,0.97432,0.95483
midday,betweenness,755,0.025,30195,29440,28635.0,0.97266,0.94834
midday,betweenness,906,0.03,30195,29289,28326.0,0.96712,0.9381
midday,betweenness,1057,0.03501,30195,29138,28174.0,0.96692,0.93307
midday,betweenness,1208,0.04001,30195,28987,27947.0,0.96412,0.92555
midday,betweenness,1359,0.04501,30195,28836,27665.0,0.95939,0.91621
midday,betweenness,1510,0.05001,30195,28685,26837.0,0.93558,0.88879
midday,betweenness,1661,0.05501,30195,28534,26128.0,0.91568,0.86531
midday,betweenness,1812,0.06001,30195,28383,25516.0,0.89899,0.84504
midday,betweenness,1963,0.06501,30195,28232,24909.0,0.8823,0.82494
midday,betweenness,2114,0.07001,30195,28081,24458.0,0.87098,0.81
midday,betweenness,2265,0.07501,30195,27930,20445.0,0.73201,0.6771
midday,betweenness,2416,0.08001,30195,27779,19989.0,0.71957,0.662
midday,betweenness,2567,0.08501,30195,27628,19510.0,0.70617,0.64613
midday,betweenness,2718,0.09001,30195,27477,18935.0,0.68912,0.62709
midday,betweenness,2869,0.09502,30195,27326,12739.0,0.46619,0.42189
midday,betweenness,3020,0.10002,30195,27175,11124.0,0.40935,0.36841
midday,articulation points,0,0.0,30195,30195,29968.0,0.99248,0.99248
midday,articulation points,15,0.0005,30195,30180,29833.0,0.9885,0.98801
midday,articulation points,30,0.00099,30195,30165,29773.0,0.987,0.98602
midday,articulation points,75,0.00248,30195,30120,29607.0,0.98297,0.98053
midday,articulation points,151,0.005,30195,30044,29389.0,0.9782,0.97331
midday,articulation points,302,0.01,30195,29893,28653.0,0.95852,0.94893
midday,articulation points,453,0.015,30195,29742,28131.0,0.94583,0.93164
midday,articulation points,604,0.02,30195,29591,28000.0,0.94623,0.92731
midday,articulation points,755,0.025,30195,29440,28000.0,0.95109,0.92731
midday,articulation points,906,0.03,30195,29289,28000.0,0.95599,0.92731
midday,articulation points,1057,0.03501,30195,29138,27912.0,0.95792,0.92439
midday,articulation points,1208,0.04001,30195,28987,27440.0,0.94663,0.90876
midday,articulation points,1359,0.04501,30195,28836,27002.0,0.9364,0.89425
midday,articulation points,1510,0.05001,30195,28685,26519.0,0.92449,0.87826
midday,articulation points,1661,0.05501,30195,28534,26314.0,0.9222,0.87147
midday,articulation points,1812,0.06001,30195,28383,25810.0,0.90935,0.85478
midday,articulation points,1963,0.06501,30195,28232,25508.0,0.90351,0.84478
midday,articulation points,2114,0.07001,30195,28081,24578.0,0.87525,0.81398
midday,articulation points,2265,0.07501,30195,27930,23736.0,0.84984,0.78609
midday,articulation points,2416,0.08001,30195,27779,20585.0,0.74103,0.68174
midday,articulation points,2567,0.08501,30195,27628,19940.0,0.72173,0.66037
midday,articulation points,2718,0.09001,30195,27477,14645.0,0.53299,0.48501
midday,articulation points,2869,0.09502,30195,27326,14079.0,0.51522,0.46627
midday,articulation points,3020,0.10002,30195,27175,8901.0,0.32754,0.29478
midday,random (baseline),0,0.0,30195,30195,29968.0,0.99248,0.99248
midday,random (baseline),15,0.0005,30195,30180,29953.0,0.99248,0.99199
midday,random (baseline),30,0.00099,30195,30165,29937.333333333332,0.99245,0.99147
midday,random (baseline),75,0.00248,30195,30120,29891.0,0.9924,0.98993
midday,random (baseline),151,0.005,30195,30044,29813.333333333332,0.99232,0.98736
midday,random (baseline),302,0.01,30195,29893,29637.666666666668,0.99146,0.98154
midday,random (baseline),453,0.015,30195,29742,29438.0,0.98978,0.97493
midday,random (baseline),604,0.02,30195,29591,29242.666666666668,0.98823,0.96846
midday,random (baseline),755,0.025,30195,29440,29041.666666666668,0.98647,0.9618
midday,random (baseline),906,0.03,30195,29289,28828.666666666668,0.98428,0.95475
midday,random (baseline),1057,0.03501,30195,29138,28626.666666666668,0.98245,0.94806
midday,random (baseline),1208,0.04001,30195,28987,28398.666666666668,0.9797,0.94051
midday,random (baseline),1359,0.04501,30195,28836,28188.666666666668,0.97755,0.93355
midday,random (baseline),1510,0.05001,30195,28685,27949.666666666668,0.97437,0.92564
midday,random (baseline),1661,0.05501,30195,28534,27743.333333333332,0.97229,0.91881
midday,random (baseline),1812,0.06001,30195,28383,27514.333333333332,0.96939,0.91122
midday,random (baseline),1963,0.06501,30195,28232,27301.666666666668,0.96705,0.90418
midday,random (baseline),2114,0.07001,30195,28081,27044.333333333332,0.96308,0.89566
midday,random (baseline),2265,0.07501,30195,27930,26828.666666666668,0.96057,0.88851
midday,random (baseline),2416,0.08001,30195,27779,26544.666666666668,0.95557,0.87911
midday,random (baseline),2567,0.08501,30195,27628,26302.666666666668,0.95203,0.87109
midday,random (baseline),2718,0.09001,30195,27477,26064.333333333332,0.94859,0.8632
midday,random (baseline),2869,0.09502,30195,27326,25767.666666666668,0.94297,0.85338
midday,random (baseline),3020,0.10002,30195,27175,25532.0,0.93954,0.84557
afternoon_peak,degree,0,0.0,30057,30057,29833.0,0.99255,0.99255
afternoon_peak,degree,15,0.0005,30057,30042,29775.0,0.99111,0.99062
afternoon_peak,degree,30,0.001,30057,30027,29755.0,0.99094,0.98995
afternoon_peak,degree,75,0.0025,30057,29982,29661.0,0.98929,0.98683
afternoon_peak,degree,150,0.00499,30057,29907,29284.0,0.97917,0.97428
afternoon_peak,degree,301,0.01001,30057,29756,28891.0,0.97093,0.96121
afternoon_peak,degree,451,0.015,30057,29606,28643.0,0.96747,0.95296
afternoon_peak,degree,601,0.02,30057,29456,28231.0,0.95841,0.93925
afternoon_peak,degree,751,0.02499,30057,29306,27849.0,0.95028,0.92654
afternoon_peak,degree,902,0.03001,30057,29155,27443.0,0.94128,0.91303
afternoon_peak,degree,1052,0.035,30057,29005,27189.0,0.93739,0.90458
afternoon_peak,degree,1202,0.03999,30057,28855,26285.0,0.91093,0.87451
afternoon_peak,degree,1353,0.04501,30057,28704,25847.0,0.90047,0.85993
afternoon_peak,degree,1503,0.05,30057,28554,23162.0,0.81116,0.7706
afternoon_peak,degree,1653,0.055,30057,28404,22835.0,0.80394,0.75972
afternoon_peak,degree,1803,0.05999,30057,28254,22438.0,0.79415,0.74651
afternoon_peak,degree,1954,0.06501,30057,28103,21657.0,0.77063,0.72053
afternoon_peak,degree,2104,0.07,30057,27953,17234.0,0.61653,0.57338
afternoon_peak,degree,2254,0.07499,30057,27803,12008.0,0.4319,0.39951
afternoon_peak,degree,2405,0.08001,30057,27652,9976.0,0.36077,0.3319
afternoon_peak,degree,2555,0.08501,30057,27502,5245.0,0.19071,0.1745
afternoon_peak,degree,2705,0.09,30057,27352,4928.0,0.18017,0.16396
afternoon_peak,degree,2855,0.09499,30057,27202,4892.0,0.17984,0.16276
afternoon_peak,degree,3006,0.10001,30057,27051,4873.0,0.18014,0.16213
afternoon_peak,weighted degree,0,0.0,30057,30057,29833.0,0.99255,0.99255
afternoon_peak,weighted degree,15,0.0005,30057,30042,29807.0,0.99218,0.99168
afternoon_peak,weighted degree,30,0.001,30057,30027,29771.0,0.99147,0.99048
afternoon_peak,weighted degree,75,0.0025,30057,29982,29687.0,0.99016,0.98769
afternoon_peak,weighted degree,150,0.00499,30057,29907,29600.0,0.98973,0.9848
afternoon_peak,weighted degree,301,0.01001,30057,29756,29352.0,0.98642,0.97654
afternoon_peak,weighted degree,451,0.015,30057,29606,28929.0,0.97713,0.96247
afternoon_peak,weighted degree,601,0.02,30057,29456,28748.0,0.97596,0.95645
afternoon_peak,weighted degree,751,0.02499,30057,29306,28502.0,0.97257,0.94826
afternoon_peak,weighted degree,902,0.03001,30057,29155,28306.0,0.97088,0.94174
afternoon_peak,weighted degree,1052,0.035,30057,29005,28111.0,0.96918,0.93526
afternoon_peak,weighted degree,1202,0.03999,30057,28855,27778.0,0.96268,0.92418
afternoon_peak,weighted degree,1353,0.04501,30057,28704,27431.0,0.95565,0.91263
afternoon_peak,weighted degree,1503,0.05,30057,28554,27057.0,0.94757,0.90019
afternoon_peak,weighted degree,1653,0.055,30057,28404,26870.0,0.94599,0.89397
afternoon_peak,weighted degree,1803,0.05999,30057,28254,26405.0,0.93456,0.8785
afternoon_peak,weighted degree,1954,0.06501,30057,28103,25889.0,0.92122,0.86133
afternoon_peak,weighted degree,2104,0.07,30057,27953,25408.0,0.90895,0.84533
afternoon_peak,weighted degree,2254,0.07499,30057,27803,25227.0,0.90735,0.83931
afternoon_peak,weighted degree,2405,0.08001,30057,27652,24941.0,0.90196,0.82979
afternoon_peak,weighted degree,2555,0.08501,30057,27502,24704.0,0.89826,0.82191
afternoon_peak,weighted degree,2705,0.09,30057,27352,24269.0,0.88728,0.80743
afternoon_peak,weighted degree,2855,0.09499,30057,27202,24076.0,0.88508,0.80101
afternoon_peak,weighted degree,3006,0.10001,30057,27051,23659.0,0.87461,0.78714
afternoon_peak,betweenness,0,0.0,30057,30057,29833.0,0.99255,0.99255
afternoon_peak,betweenness,15,0.0005,30057,30042,29795.0,0.99178,0.99128
afternoon_peak,betweenness,30,0.001,30057,30027,29776.0,0.99164,0.99065
afternoon_peak,betweenness,75,0.0025,30057,29982,29713.0,0.99103,0.98856
afternoon_peak,betweenness,150,0.00499,30057,29907,29615.0,0.99024,0.98529
afternoon_peak,betweenness,301,0.01001,30057,29756,29188.0,0.98091,0.97109
afternoon_peak,betweenness,451,0.015,30057,29606,28915.0,0.97666,0.96201
afternoon_peak,betweenness,601,0.02,30057,29456,28684.0,0.97379,0.95432
afternoon_peak,betweenness,751,0.02499,30057,29306,28464.0,0.97127,0.947
afternoon_peak,betweenness,902,0.03001,30057,29155,28134.0,0.96498,0.93602
afternoon_peak,betweenness,1052,0.035,30057,29005,27962.0,0.96404,0.9303
afternoon_peak,betweenness,1202,0.03999,30057,28855,27017.0,0.9363,0.89886
afternoon_peak,betweenness,1353,0.04501,30057,28704,26540.0,0.92461,0.88299
afternoon_peak,betweenness,1503,0.05,30057,28554,26208.0,0.91784,0.87194
afternoon_peak,betweenness,1653,0.055,30057,28404,25933.0,0.91301,0.86279
afternoon_peak,betweenness,1803,0.05999,30057,28254,24731.0,0.87531,0.8228
afternoon_peak,betweenness,1954,0.06501,30057,28103,24090.0,0.8572,0.80148
afternoon_peak,betweenness,2104,0.07,30057,27953,23371.0,0.83608,0.77756
afternoon_peak,betweenness,2254,0.07499,30057,27803,14763.0,0.53099,0.49117
afternoon_peak,betweenness,2405,0.08001,30057,27652,14631.0,0.52911,0.48678
afternoon_peak,betweenness,2555,0.08501,30057,27502,12441.0,0.45237,0.41391
afternoon_peak,betweenness,2705,0.09,30057,27352,12232.0,0.44721,0.40696
afternoon_peak,betweenness,2855,0.09499,30057,27202,11935.0,0.43875,0.39708
afternoon_peak,betweenness,3006,0.10001,30057,27051,11539.0,0.42656,0.3839
afternoon_peak,articulation points,0,0.0,30057,30057,29833.0,0.99255,0.99255
afternoon_peak,articulation points,15,0.0005,30057,30042,29759.0,0.99058,0.99009
afternoon_peak,articulation points,30,0.001,30057,30027,29691.0,0.98881,0.98782
afternoon_peak,articulation points,75,0.0025,30057,29982,29515.0,0.98442,0.98197
afternoon_peak,articulation points,150,0.00499,30057,29907,29311.0,0.98007,0.97518
afternoon_peak,articulation points,301,0.01001,30057,29756,28296.0,0.95093,0.94141
afternoon_peak,articulation points,451,0.015,30057,29606,27760.0,0.93765,0.92358
afternoon_peak,articulation points,601,0.02,30057,29456,27626.0,0.93787,0.91912
afternoon_peak,articulation points,751,0.02499,30057,29306,27626.0,0.94267,0.91912
afternoon_peak,articulation points,902,0.03001,30057,29155,27626.0,0.94756,0.91912
afternoon_peak,articulation points,1052,0.035,30057,29005,27581.0,0.95091,0.91762
afternoon_peak,articulation points,1202,0.03999,30057,28855,27140.0,0.94056,0.90295
afternoon_peak,articulation points,1353,0.04501,30057,28704,26812.0,0.93409,0.89204
afternoon_peak,articulation points,1503,0.05,30057,28554,26349.0,0.92278,0.87663
afternoon_peak,articulation points,1653,0.055,30057,28404,25993.0,0.91512,0.86479
afternoon_peak,articulation points,1803,0.05999,30057,28254,25457.0,0.90101,0.84696
afternoon_peak,articulation points,1954,0.06501,30057,28103,24786.0,0.88197,0.82463
afternoon_peak,articulation points,2104,0.07,30057,27953,24369.0,0.87178,0.81076
afternoon_peak,articulation points,2254,0.07499,30057,27803,23740.0,0.85386,0.78983
afternoon_peak,articulation points,2405,0.08001,30057,27652,20347.0,0.73582,0.67695
afternoon_peak,articulation points,2555,0.08501,30057,27502,11148.0,0.40535,0.3709
afternoon_peak,articulation points,2705,0.09,30057,27352,10959.0,0.40067,0.36461
afternoon_peak,articulation points,2855,0.09499,30057,27202,10786.0,0.39651,0.35885
afternoon_peak,articulation points,3006,0.10001,30057,27051,10379.0,0.38368,0.34531
afternoon_peak,random (baseline),0,0.0,30057,30057,29833.0,0.99255,0.99255
afternoon_peak,random (baseline),15,0.0005,30057,30042,29817.0,0.99251,0.99202
afternoon_peak,random (baseline),30,0.001,30057,30027,29800.0,0.99244,0.99145
afternoon_peak,random (baseline),75,0.0025,30057,29982,29751.666666666668,0.99232,0.98984
afternoon_peak,random (baseline),150,0.00499,30057,29907,29672.0,0.99214,0.98719
afternoon_peak,random (baseline),301,0.01001,30057,29756,29497.0,0.9913,0.98137
afternoon_peak,random (baseline),451,0.015,30057,29606,29324.666666666668,0.9905,0.97564
afternoon_peak,random (baseline),601,0.02,30057,29456,29121.0,0.98863,0.96886
afternoon_peak,random (baseline),751,0.02499,30057,29306,28930.333333333332,0.98718,0.96252
afternoon_peak,random (baseline),902,0.03001,30057,29155,28754.0,0.98625,0.95665
afternoon_peak,random (baseline),1052,0.035,30057,29005,28532.666666666668,0.98372,0.94929
afternoon_peak,random (baseline),1202,0.03999,30057,28855,28333.666666666668,0.98193,0.94266
afternoon_peak,random (baseline),1353,0.04501,30057,28704,28118.0,0.97958,0.93549
afternoon_peak,random (baseline),1503,0.05,30057,28554,27882.0,0.97647,0.92764
afternoon_peak,random (baseline),1653,0.055,30057,28404,27647.666666666668,0.97337,0.91984
afternoon_peak,random (baseline),1803,0.05999,30057,28254,27411.0,0.97016,0.91197
afternoon_peak,random (baseline),1954,0.06501,30057,28103,27127.666666666668,0.96529,0.90254
afternoon_peak,random (baseline),2104,0.07,30057,27953,26904.666666666668,0.9625,0.89512
afternoon_peak,random (baseline),2254,0.07499,30057,27803,26662.333333333332,0.95897,0.88706
afternoon_peak,random (baseline),2405,0.08001,30057,27652,26408.0,0.95501,0.8786
afternoon_peak,random (baseline),2555,0.08501,30057,27502,26189.0,0.95226,0.87131
afternoon_peak,random (baseline),2705,0.09,30057,27352,25808.333333333332,0.94356,0.85865
afternoon_peak,random (baseline),2855,0.09499,30057,27202,25505.333333333332,0.93763,0.84857
afternoon_peak,random (baseline),3006,0.10001,30057,27051,25258.666666666668,0.93374,0.84036
evening,degree,0,0.0,29359,29359,29145.0,0.99271,0.99271
evening,degree,15,0.00051,29359,29344,29087.0,0.99124,0.99074
evening,degree,29,0.00099,29359,29330,29068.0,0.99107,0.99009
evening,degree,73,0.00249,29359,29286,28921.0,0.98754,0.98508
evening,degree,147,0.00501,29359,29212,28569.0,0.97799,0.97309
evening,degree,294,0.01001,29359,29065,28305.0,0.97385,0.9641
evening,degree,440,0.01499,29359,28919,27782.0,0.96068,0.94629
evening,degree,587,0.01999,29359,28772,27098.0,0.94182,0.92299
evening,degree,734,0.025,29359,28625,26798.0,0.93617,0.91277
evening,degree,881,0.03001,29359,28478,26326.0,0.92443,0.89669
evening,degree,1028,0.03501,29359,28331,26048.0,0.91942,0.88722
evening,degree,1174,0.03999,29359,28185,25668.0,0.9107,0.87428
evening,degree,1321,0.04499,29359,28038,23239.0,0.82884,0.79155
evening,degree,1468,0.05,29359,27891,22832.0,0.81862,0.77768
evening,degree,1615,0.05501,29359,27744,21987.0,0.7925,0.7489
evening,degree,1762,0.06002,29359,27597,21407.0,0.7757,0.72915
evening,degree,1908,0.06499,29359,27451,14857.0,0.54122,0.50605
evening,degree,2055,0.07,29359,27304,11301.0,0.4139,0.38492
evening,degree,2202,0.075,29359,27157,9950.0,0.36639,0.33891
evening,degree,2349,0.08001,29359,27010,9896.0,0.36638,0.33707
evening,degree,2496,0.08502,29359,26863,9800.0,0.36481,0.3338
evening,degree,2642,0.08999,29359,26717,6094.0,0.22809,0.20757
evening,degree,2789,0.095,29359,26570,5763.0,0.2169,0.19629
evening,degree,2936,0.1,29359,26423,5633.0,0.21319,0.19187
evening,weighted degree,0,0.0,29359,29359,29145.0,0.99271,0.99271
evening,weighted degree,15,0.00051,29359,29344,29127.0,0.9926,0.9921
evening,weighted degree,29,0.00099,29359,29330,29095.0,0.99199,0.99101
evening,weighted degree,73,0.00249,29359,29286,28995.0,0.99006,0.9876
evening,weighted degree,147,0.00501,29359,29212,28848.0,0.98754,0.98259
evening,weighted degree,294,0.01001,29359,29065,28655.0,0.98589,0.97602
evening,weighted degree,440,0.01499,29359,28919,28262.0,0.97728,0.96263
evening,weighted degree,587,0.01999,29359,28772,28066.0,0.97546,0.95596
evening,weighted degree,734,0.025,29359,28625,27871.0,0.97366,0.94932
evening,weighted degree,881,0.03001,29359,28478,27476.0,0.96481,0.93586
evening,weighted degree,1028,0.03501,29359,28331,27178.0,0.9593,0.92571
evening,weighted degree,1174,0.03999,29359,28185,26908.0,0.95469,0.91652
evening,weighted degree,1321,0.04499,29359,28038,26589.0,0.94832,0.90565
evening,weighted degree,1468,0.05,29359,27891,26292.0,0.94267,0.89553
evening,weighted degree,1615,0.05501,29359,27744,26095.0,0.94056,0.88882
evening,weighted degree,1762,0.06002,29359,27597,25891.0,0.93818,0.88188
evening,weighted degree,1908,0.06499,29359,27451,25603.0,0.93268,0.87207
evening,weighted degree,2055,0.07,29359,27304,25271.0,0.92554,0.86076
evening,weighted degree,2202,0.075,29359,27157,25027.0,0.92157,0.85245
evening,weighted degree,2349,0.08001,29359,27010,24596.0,0.91063,0.83777
evening,weighted degree,2496,0.08502,29359,26863,24345.0,0.90627,0.82922
evening,weighted degree,2642,0.08999,29359,26717,23975.0,0.89737,0.81662
evening,weighted degree,2789,0.095,29359,26570,23686.0,0.89146,0.80677
evening,weighted degree,2936,0.1,29359,26423,23024.0,0.87136,0.78422
evening,betweenness,0,0.0,29359,29359,29145.0,0.99271,0.99271
evening,betweenness,15,0.00051,29359,29344,29104.0,0.99182,0.99131
evening,betweenness,29,0.00099,29359,29330,29090.0,0.99182,0.99084
evening,betweenness,73,0.00249,29359,29286,29039.0,0.99157,0.9891
evening,betweenness,147,0.00501,29359,29212,28944.0,0.99083,0.98586
evening,betweenness,294,0.01001,29359,29065,28694.0,0.98724,0.97735
evening,betweenness,440,0.01499,29359,28919,28300.0,0.9786,0.96393
evening,betweenness,587,0.01999,29359,28772,27915.0,0.97021,0.95082
evening,betweenness,734,0.025,29359,28625,27600.0,0.96419,0.94009
evening,betweenness,881,0.03001,29359,28478,27384.0,0.96158,0.93273
evening,betweenness,1028,0.03501,29359,28331,27205.0,0.96026,0.92663
evening,betweenness,1174,0.03999,29359,28185,26921.0,0.95515,0.91696
evening,betweenness,1321,0.04499,29359,28038,26586.0,0.94821,0.90555
evening,betweenness,1468,0.05,29359,27891,26313.0,0.94342,0.89625
evening,betweenness,1615,0.05501,29359,27744,25634.0,0.92395,0.87312
evening,betweenness,1762,0.06002,29359,27597,25308.0,0.91706,0.86202
evening,betweenness,1908,0.06499,29359,27451,23145.0,0.84314,0.78834
evening,betweenness,2055,0.07,29359,27304,20677.0,0.75729,0.70428
evening,betweenness,2202,0.075,29359,27157,20028.0,0.73749,0.68218
evening,betweenness,2349,0.08001,29359,27010,13905.0,0.51481,0.47362
evening,betweenness,2496,0.08502,29359,26863,13607.0,0.50653,0.46347
evening,betweenness,2642,0.08999,29359,26717,12099.0,0.45286,0.41211
evening,betweenness,2789,0.095,29359,26570,11671.0,0.43925,0.39753
evening,betweenness,2936,0.1,29359,26423,11309.0,0.428,0.3852
evening,articulation points,0,0.0,29359,29359,29145.0,0.99271,0.99271
evening,articulation points,15,0.00051,29359,29344,29034.0,0.98944,0.98893
evening,articulation points,29,0.00099,29359,29330,28961.0,0.98742,0.98644
evening,articulation points,73,0.00249,29359,29286,28807.0,0.98364,0.9812
evening,articulation points,147,0.00501,29359,29212,28552.0,0.97741,0.97251
evening,articulation points,294,0.01001,29359,29065,27819.0,0.95713,0.94755
evening,articulation points,440,0.01499,29359,28919,27177.0,0.93976,0.92568
evening,articulation points,587,0.01999,29359,28772,27012.0,0.93883,0.92006
evening,articulation points,734,0.025,29359,28625,27012.0,0.94365,0.92006
evening,articulation points,881,0.03001,29359,28478,27012.0,0.94852,0.92006
evening,articulation points,1028,0.03501,29359,28331,27012.0,0.95344,0.92006
evening,articulation points,1174,0.03999,29359,28185,27012.0,0.95838,0.92006
evening,articulation points,1321,0.04499,29359,28038,26350.0,0.9398,0.89751
evening,articulation points,1468,0.05,29359,27891,25772.0,0.92403,0.87782
evening,articulation points,1615,0.05501,29359,27744,25480.0,0.9184,0.86788
evening,articulation points,1762,0.06002,29359,27597,24999.0,0.90586,0.85149
evening,articulation points,1908,0.06499,29359,27451,24459.0,0.89101,0.8331
evening,articulation points,2055,0.07,29359,27304,23908.0,0.87562,0.81433
evening,articulation points,2202,0.075,29359,27157,21040.0,0.77475,0.71665
evening,articulation points,2349,0.08001,29359,27010,20693.0,0.76612,0.70483
evening,articulation points,2496,0.08502,29359,26863,20318.0,0.75636,0.69205
evening,articulation points,2642,0.08999,29359,26717,10992.0,0.41142,0.3744
evening,articulation points,2789,0.095,29359,26570,10815.0,0.40704,0.36837
evening,articulation points,2936,0.1,29359,26423,10032.0,0.37967,0.3417
evening,random (baseline),0,0.0,29359,29359,29145.0,0.99271,0.99271
evening,random (baseline),15,0.00051,29359,29344,29130.0,0.99271,0.9922
evening,random (baseline),29,0.00099,29359,29330,29114.0,0.99264,0.99166
evening,random (baseline),73,0.00249,29359,29286,29066.0,0.99249,0.99002
evening,random (baseline),147,0.00501,29359,29212,28963.0,0.99148,0.98651
evening,random (baseline),294,0.01001,29359,29065,28768.333333333332,0.98979,0.97988
evening,random (baseline),440,0.01499,29359,28919,28559.666666666668,0.98757,0.97277
evening,random (baseline),587,0.01999,29359,28772,28372.333333333332,0.98611,0.96639
evening,random (baseline),734,0.025,29359,28625,28054.333333333332,0.98006,0.95556
evening,random (baseline),881,0.03001,29359,28478,27825.333333333332,0.97708,0.94776
evening,random (baseline),1028,0.03501,29359,28331,27585.333333333332,0.97368,0.93959
evening,random (baseline),1174,0.03999,29359,28185,27382.0,0.97151,0.93266
evening,random (baseline),1321,0.04499,29359,28038,27161.0,0.96872,0.92513
evening,random (baseline),1468,0.05,29359,27891,26952.666666666668,0.96636,0.91804
evening,random (baseline),1615,0.05501,29359,27744,26743.333333333332,0.96393,0.91091
evening,random (baseline),1762,0.06002,29359,27597,26528.0,0.96126,0.90357
evening,random (baseline),1908,0.06499,29359,27451,26293.0,0.95782,0.89557
evening,random (baseline),2055,0.07,29359,27304,26041.666666666668,0.95377,0.88701
evening,random (baseline),2202,0.075,29359,27157,25791.0,0.9497,0.87847
evening,random (baseline),2349,0.08001,29359,27010,25546.333333333332,0.94581,0.87014
evening,random (baseline),2496,0.08502,29359,26863,25325.0,0.94275,0.8626
evening,random (baseline),2642,0.08999,29359,26717,25091.333333333332,0.93915,0.85464
evening,random (baseline),2789,0.095,29359,26570,24804.666666666668,0.93356,0.84487
evening,random (baseline),2936,0.1,29359,26423,24564.333333333332,0.92966,0.83669
night,degree,0,0.0,25967,25967,25664.0,0.98833,0.98833
night,degree,13,0.0005,25967,25954,25614.0,0.9869,0.98641
night,degree,26,0.001,25967,25941,25591.0,0.98651,0.98552
night,degree,65,0.0025,25967,25902,25429.0,0.98174,0.97928
night,degree,130,0.00501,25967,25837,25314.0,0.97976,0.97485
night,degree,260,0.01001,25967,25707,24814.0,0.96526,0.9556
night,degree,390,0.01502,25967,25577,24013.0,0.93885,0.92475
night,degree,519,0.01999,25967,25448,23721.0,0.93214,0.91351
night,degree,649,0.02499,25967,25318,23115.0,0.91299,0.89017
night,degree,779,0.03,25967,25188,22820.0,0.90599,0.87881
night,degree,909,0.03501,25967,25058,19698.0,0.7861,0.75858
night,degree,1039,0.04001,25967,24928,18973.0,0.76111,0.73066
night,degree,1169,0.04502,25967,24798,18615.0,0.75067,0.71687
night,degree,1298,0.04999,25967,24669,17831.0,0.72281,0.68668
night,degree,1428,0.05499,25967,24539,12985.0,0.52916,0.50006
night,degree,1558,0.06,25967,24409,10897.0,0.44643,0.41965
night,degree,1688,0.06501,25967,24279,10278.0,0.42333,0.39581
night,degree,1818,0.07001,25967,24149,10253.0,0.42457,0.39485
night,degree,1948,0.07502,25967,24019,6495.0,0.27041,0.25013
night,degree,2077,0.07999,25967,23890,6034.0,0.25257,0.23237
night,degree,2207,0.08499,25967,23760,5744.0,0.24175,0.2212
night,degree,2337,0.09,25967,23630,5179.0,0.21917,0.19945
night,degree,2467,0.09501,25967,23500,5126.0,0.21813,0.1974
night,degree,2597,0.10001,25967,23370,5078.0,0.21729,0.19556
night,weighted degree,0,0.0,25967,25967,25664.0,0.98833,0.98833
night,weighted degree,13,0.0005,25967,25954,25647.0,0.98817,0.98768
night,weighted degree,26,0.001,25967,25941,25632.0,0.98809,0.9871
night,weighted degree,65,0.0025,25967,25902,25555.0,0.9866,0.98413
night,weighted degree,130,0.00501,25967,25837,25361.0,0.98158,0.97666
night,weighted degree,260,0.01001,25967,25707,25129.0,0.97752,0.96773
night,weighted degree,390,0.01502,25967,25577,24994.0,0.97721,0.96253
night,weighted degree,519,0.01999,25967,25448,24842.0,0.97619,0.95668
night,weighted degree,649,0.02499,25967,25318,24694.0,0.97535,0.95098
night,weighted degree,779,0.03,25967,25188,24296.0,0.96459,0.93565
night,weighted degree,909,0.03501,25967,25058,23988.0,0.9573,0.92379
night,weighted degree,1039,0.04001,25967,24928,23833.0,0.95607,0.91782
night,weighted degree,1169,0.04502,25967,24798,23582.0,0.95096,0.90815
night,weighted degree,1298,0.04999,25967,24669,23296.0,0.94434,0.89714
night,weighted degree,1428,0.05499,25967,24539,23056.0,0.93957,0.8879
night,weighted degree,1558,0.06,25967,24409,22850.0,0.93613,0.87996
night,weighted degree,1688,0.06501,25967,24279,22519.0,0.92751,0.86722
night,weighted degree,1818,0.07001,25967,24149,22156.0,0.91747,0.85324
night,weighted degree,1948,0.07502,25967,24019,21958.0,0.91419,0.84561
night,weighted degree,2077,0.07999,25967,23890,21626.0,0.90523,0.83283
night,weighted degree,2207,0.08499,25967,23760,21421.0,0.90156,0.82493
night,weighted degree,2337,0.09,25967,23630,21231.0,0.89848,0.81761
night,weighted degree,2467,0.09501,25967,23500,21023.0,0.8946,0.8096
night,weighted degree,2597,0.10001,25967,23370,20781.0,0.88922,0.80028
night,betweenness,0,0.0,25967,25967,25664.0,0.98833,0.98833
night,betweenness,13,0.0005,25967,25954,25628.0,0.98744,0.98694
night,betweenness,26,0.001,25967,25941,25613.0,0.98736,0.98637
night,betweenness,65,0.0025,25967,25902,25542.0,0.9861,0.98363
night,betweenness,130,0.00501,25967,25837,25447.0,0.98491,0.97997
night,betweenness,260,0.01001,25967,25707,24976.0,0.97156,0.96184
night,betweenness,390,0.01502,25967,25577,24449.0,0.9559,0.94154
night,betweenness,519,0.01999,25967,25448,24036.0,0.94451,0.92564
night,betweenness,649,0.02499,25967,25318,23858.0,0.94233,0.91878
night,betweenness,779,0.03,25967,25188,23126.0,0.91814,0.89059
night,betweenness,909,0.03501,25967,25058,22584.0,0.90127,0.86972
night,betweenness,1039,0.04001,25967,24928,22373.0,0.8975,0.86159
night,betweenness,1169,0.04502,25967,24798,22188.0,0.89475,0.85447
night,betweenness,1298,0.04999,25967,24669,21828.0,0.88484,0.84061
night,betweenness,1428,0.05499,25967,24539,21528.0,0.8773,0.82905
night,betweenness,1558,0.06,25967,24409,14609.0,0.59851,0.5626
night,betweenness,1688,0.06501,25967,24279,13893.0,0.57222,0.53503
night,betweenness,1818,0.07001,25967,24149,13278.0,0.54984,0.51134
night,betweenness,1948,0.07502,25967,24019,13031.0,0.54253,0.50183
night,betweenness,2077,0.07999,25967,23890,7097.0,0.29707,0.27331
night,betweenness,2207,0.08499,25967,23760,7009.0,0.29499,0.26992
night,betweenness,2337,0.09,25967,23630,5532.0,0.23411,0.21304
night,betweenness,2467,0.09501,25967,23500,5456.0,0.23217,0.21011
night,betweenness,2597,0.10001,25967,23370,4647.0,0.19884,0.17896
night,articulation points,0,0.0,25967,25967,25664.0,0.98833,0.98833
night,articulation points,13,0.0005,25967,25954,25602.0,0.98644,0.98594
night,articulation points,26,0.001,25967,25941,25466.0,0.98169,0.98071
night,articulation points,65,0.0025,25967,25902,25310.0,0.97714,0.9747
night,articulation points,130,0.00501,25967,25837,25098.0,0.9714,0.96653
night,articulation points,260,0.01001,25967,25707,24378.0,0.9483,0.93881
night,articulation points,390,0.01502,25967,25577,23619.0,0.92345,0.90958
night,articulation points,519,0.01999,25967,25448,22943.0,0.90156,0.88354
night,articulation points,649,0.02499,25967,25318,22575.0,0.89166,0.86937
night,articulation points,779,0.03,25967,25188,22575.0,0.89626,0.86937
night,articulation points,909,0.03501,25967,25058,22575.0,0.90091,0.86937
night,articulation points,1039,0.04001,25967,24928,22575.0,0.90561,0.86937
night,articulation points,1169,0.04502,25967,24798,22575.0,0.91036,0.86937
night,articulation points,1298,0.04999,25967,24669,22575.0,0.91512,0.86937
night,articulation points,1428,0.05499,25967,24539,22575.0,0.91996,0.86937
night,articulation points,1558,0.06,25967,24409,22575.0,0.92486,0.86937
night,articulation points,1688,0.06501,25967,24279,22575.0,0.92982,0.86937
night,articulation points,1818,0.07001,25967,24149,22541.0,0.93341,0.86806
night,articulation points,1948,0.07502,25967,24019,22159.0,0.92256,0.85335
night,articulation points,2077,0.07999,25967,23890,21611.0,0.9046,0.83225
night,articulation points,2207,0.08499,25967,23760,20846.0,0.87736,0.80279
night,articulation points,2337,0.09,25967,23630,20264.0,0.85755,0.78038
night,articulation points,2467,0.09501,25967,23500,19903.0,0.84694,0.76647
night,articulation points,2597,0.10001,25967,23370,16800.0,0.71887,0.64698
night,random (baseline),0,0.0,25967,25967,25664.0,0.98833,0.98833
night,random (baseline),13,0.0005,25967,25954,25643.666666666668,0.98804,0.98755
night,random (baseline),26,0.001,25967,25941,25622.333333333332,0.98772,0.98673
night,random (baseline),65,0.0025,25967,25902,25575.666666666668,0.9874,0.98493
night,random (baseline),130,0.00501,25967,25837,25472.666666666668,0.9859,0.98096
night,random (baseline),260,0.01001,25967,25707,25270.666666666668,0.98303,0.97318
night,random (baseline),390,0.01502,25967,25577,25080.666666666668,0.98059,0.96587
night,random (baseline),519,0.01999,25967,25448,24874.333333333332,0.97746,0.95792
night,random (baseline),649,0.02499,25967,25318,24638.333333333332,0.97315,0.94883
night,random (baseline),779,0.03,25967,25188,24426.0,0.96975,0.94066
night,random (baseline),909,0.03501,25967,25058,24201.333333333332,0.96581,0.932
night,random (baseline),1039,0.04001,25967,24928,24005.666666666668,0.963,0.92447
night,random (baseline),1169,0.04502,25967,24798,23769.666666666668,0.95853,0.91538
night,random (baseline),1298,0.04999,25967,24669,23483.333333333332,0.95194,0.90435
night,random (baseline),1428,0.05499,25967,24539,23205.0,0.94564,0.89363
night,random (baseline),1558,0.06,25967,24409,22997.333333333332,0.94217,0.88564
night,random (baseline),1688,0.06501,25967,24279,22732.666666666668,0.93631,0.87544
night,random (baseline),1818,0.07001,25967,24149,22493.333333333332,0.93144,0.86623
night,random (baseline),1948,0.07502,25967,24019,22254.333333333332,0.92653,0.85702
night,random (baseline),2077,0.07999,25967,23890,21988.666666666668,0.92041,0.84679
night,random (baseline),2207,0.08499,25967,23760,21785.0,0.91688,0.83895
night,random (baseline),2337,0.09,25967,23630,21533.0,0.91126,0.82924
night,random (baseline),2467,0.09501,25967,23500,21279.333333333332,0.9055,0.81948
night,random (baseline),2597,0.10001,25967,23370,20965.0,0.89709,0.80737
